2025-02-15 15:58:46.017 | INFO     | __main__:run_module_safe:30 - Account: Loeg.oeg7lgnhedinx5_gb@hotmail.com | Initial farming delay: 2 sec
2025-02-15 15:58:46.019 | INFO     | __main__:run_module_safe:30 - Account: Cqf0xd.qf0xd7stx6@hotmail.com | Initial farming delay: 5 sec
2025-02-15 15:58:46.021 | INFO     | __main__:run_module_safe:30 - Account: ot8t.t8tgib183xtcd2d@hotmail.com | Initial farming delay: 5 sec
2025-02-15 15:58:48.028 | INFO     | core.bot:login_new_account:454 - Account: Loeg.oeg7lgnhedinx5_gb@hotmail.com | Logging in...
2025-02-15 15:58:49.792 | INFO     | core.bot:get_captcha_data:26 - Account: Loeg.oeg7lgnhedinx5_gb@hotmail.com | Got puzzle image, solving...
2025-02-15 15:58:51.023 | INFO     | core.bot:login_new_account:454 - Account: Cqf0xd.qf0xd7stx6@hotmail.com | Logging in...
2025-02-15 15:58:51.026 | INFO     | core.bot:login_new_account:454 - Account: ot8t.t8tgib183xtcd2d@hotmail.com | Logging in...
2025-02-15 15:58:54.528 | SUCCESS  | core.bot:get_captcha_data:32 - Account: Loeg.oeg7lgnhedinx5_gb@hotmail.com | Puzzle solved: AS1K4E
2025-02-15 15:58:56.870 | INFO     | core.bot:login_new_account:458 - Account: Loeg.oeg7lgnhedinx5_gb@hotmail.com | Successfully logged in
2025-02-15 15:58:58.697 | SUCCESS  | core.bot:perform_farming_actions:560 - [32mAccount: Loeg.oeg7lgnhedinx5_gb@hotmail.com | Sent keepalive request[0m
2025-02-15 15:59:14.548 | INFO     | core.bot:perform_farming_actions:565 - [32mAccount: Loeg.oeg7lgnhedinx5_gb@hotmail.com | Total points earned: 19386[0m
2025-02-15 15:59:14.552 | INFO     | database.models.accounts:set_sleep_until:70 - Account: Loeg.oeg7lgnhedinx5_gb@hotmail.com | Set new sleep_until: 2025-02-15 09:02:14.549879+00:00
2025-02-15 15:59:14.554 | INFO     | __main__:run_module_safe:30 - Account: er51dl.r51dl36kkt@hotmail.com | Initial farming delay: 2 sec
2025-02-15 15:59:16.411 | INFO     | core.bot:get_captcha_data:26 - Account: ot8t.t8tgib183xtcd2d@hotmail.com | Got puzzle image, solving...
2025-02-15 15:59:16.566 | INFO     | core.bot:login_new_account:454 - Account: er51dl.r51dl36kkt@hotmail.com | Logging in...
2025-02-15 15:59:25.088 | INFO     | core.bot:get_captcha_data:26 - Account: er51dl.r51dl36kkt@hotmail.com | Got puzzle image, solving...
2025-02-15 15:59:26.422 | ERROR    | core.bot:get_captcha_data:40 - Account: ot8t.t8tgib183xtcd2d@hotmail.com | Failed to solve puzzle: An unexpected error occurred:  | Retrying...
2025-02-15 15:59:28.066 | INFO     | core.bot:get_captcha_data:26 - Account: ot8t.t8tgib183xtcd2d@hotmail.com | Got puzzle image, solving...
2025-02-15 15:59:34.532 | INFO     | core.bot:get_captcha_data:26 - Account: Cqf0xd.qf0xd7stx6@hotmail.com | Got puzzle image, solving...
2025-02-15 15:59:35.209 | SUCCESS  | core.bot:get_captcha_data:32 - Account: Cqf0xd.qf0xd7stx6@hotmail.com | Puzzle solved: S=5JE4
2025-02-15 15:59:35.617 | SUCCESS  | core.bot:get_captcha_data:32 - Account: er51dl.r51dl36kkt@hotmail.com | Puzzle solved: H@NB5B
2025-02-15 15:59:35.875 | SUCCESS  | core.bot:get_captcha_data:32 - Account: ot8t.t8tgib183xtcd2d@hotmail.com | Puzzle solved: M@4QES
2025-02-15 15:59:37.224 | INFO     | core.bot:login_new_account:458 - Account: Cqf0xd.qf0xd7stx6@hotmail.com | Successfully logged in
2025-02-15 15:59:37.649 | INFO     | core.bot:login_new_account:458 - Account: er51dl.r51dl36kkt@hotmail.com | Successfully logged in
2025-02-15 15:59:37.981 | INFO     | core.bot:login_new_account:458 - Account: ot8t.t8tgib183xtcd2d@hotmail.com | Successfully logged in
2025-02-15 15:59:38.999 | SUCCESS  | core.bot:perform_farming_actions:560 - [32mAccount: Cqf0xd.qf0xd7stx6@hotmail.com | Sent keepalive request[0m
2025-02-15 15:59:39.643 | SUCCESS  | core.bot:perform_farming_actions:560 - [32mAccount: er51dl.r51dl36kkt@hotmail.com | Sent keepalive request[0m
2025-02-15 15:59:40.158 | SUCCESS  | core.bot:perform_farming_actions:560 - [32mAccount: ot8t.t8tgib183xtcd2d@hotmail.com | Sent keepalive request[0m
2025-02-15 15:59:48.022 | INFO     | core.bot:perform_farming_actions:565 - [32mAccount: Cqf0xd.qf0xd7stx6@hotmail.com | Total points earned: 24228[0m
2025-02-15 15:59:48.026 | INFO     | database.models.accounts:set_sleep_until:70 - Account: Cqf0xd.qf0xd7stx6@hotmail.com | Set new sleep_until: 2025-02-15 09:02:48.024534+00:00
2025-02-15 15:59:48.028 | INFO     | __main__:run_module_safe:30 - Account: lna63.na63lzzcvx8@hotmail.com | Initial farming delay: 4 sec
2025-02-15 15:59:48.250 | INFO     | core.bot:perform_farming_actions:565 - [32mAccount: er51dl.r51dl36kkt@hotmail.com | Total points earned: 24228[0m
2025-02-15 15:59:48.254 | INFO     | database.models.accounts:set_sleep_until:70 - Account: er51dl.r51dl36kkt@hotmail.com | Set new sleep_until: 2025-02-15 09:02:48.252647+00:00
2025-02-15 15:59:48.256 | INFO     | __main__:run_module_safe:30 - Account: wv6k.v6kiyfy_cazm@hotmail.com | Initial farming delay: 5 sec
2025-02-15 15:59:51.753 | INFO     | core.bot:perform_farming_actions:565 - [32mAccount: ot8t.t8tgib183xtcd2d@hotmail.com | Total points earned: 24228[0m
2025-02-15 15:59:51.757 | INFO     | database.models.accounts:set_sleep_until:70 - Account: ot8t.t8tgib183xtcd2d@hotmail.com | Set new sleep_until: 2025-02-15 09:02:51.755817+00:00
2025-02-15 15:59:51.760 | INFO     | __main__:run_module_safe:30 - Account: gsxrsxr7yg9o8r__@hotmail.com | Initial farming delay: 2 sec
2025-02-15 15:59:52.031 | INFO     | core.bot:login_new_account:454 - Account: lna63.na63lzzcvx8@hotmail.com | Logging in...
2025-02-15 15:59:53.263 | INFO     | core.bot:login_new_account:454 - Account: wv6k.v6kiyfy_cazm@hotmail.com | Logging in...
2025-02-15 15:59:53.767 | INFO     | core.bot:login_new_account:454 - Account: gsxrsxr7yg9o8r__@hotmail.com | Logging in...
2025-02-15 16:00:12.707 | INFO     | core.bot:get_captcha_data:26 - Account: wv6k.v6kiyfy_cazm@hotmail.com | Got puzzle image, solving...
2025-02-15 16:00:20.204 | SUCCESS  | core.bot:get_captcha_data:32 - Account: wv6k.v6kiyfy_cazm@hotmail.com | Puzzle solved: FV1P=R
2025-02-15 16:00:22.343 | INFO     | core.bot:login_new_account:458 - Account: wv6k.v6kiyfy_cazm@hotmail.com | Successfully logged in
2025-02-15 16:00:23.894 | SUCCESS  | core.bot:perform_farming_actions:560 - [32mAccount: wv6k.v6kiyfy_cazm@hotmail.com | Sent keepalive request[0m
2025-02-15 16:00:29.985 | INFO     | core.bot:perform_farming_actions:565 - [32mAccount: wv6k.v6kiyfy_cazm@hotmail.com | Total points earned: 22104[0m
2025-02-15 16:00:29.989 | INFO     | database.models.accounts:set_sleep_until:70 - Account: wv6k.v6kiyfy_cazm@hotmail.com | Set new sleep_until: 2025-02-15 09:03:29.987082+00:00
2025-02-15 16:00:29.991 | INFO     | __main__:run_module_safe:30 - Account: A3p6.3p6j3v11koy9@hotmail.com | Initial farming delay: 5 sec
2025-02-15 16:00:34.997 | INFO     | core.bot:login_new_account:454 - Account: A3p6.3p6j3v11koy9@hotmail.com | Logging in...
2025-02-15 16:00:35.119 | INFO     | core.bot:get_captcha_data:26 - Account: lna63.na63lzzcvx8@hotmail.com | Got puzzle image, solving...
2025-02-15 16:00:41.896 | ERROR    | core.bot:get_captcha_data:62 - Account: gsxrsxr7yg9o8r__@hotmail.com | Error occurred while solving captcha (image): Failed to send request after 3 attempts: Failed to perform, curl: (28) Failed to connect to 45.93.214.34 port 8000 after 14041 ms: Couldn't connect to server. See https://curl.se/libcurl/c/libcurl-errors.html first for more details. | Retrying...
2025-02-15 16:00:42.378 | INFO     | core.bot:get_captcha_data:26 - Account: A3p6.3p6j3v11koy9@hotmail.com | Got puzzle image, solving...
2025-02-15 16:00:42.524 | SUCCESS  | core.bot:get_captcha_data:32 - Account: lna63.na63lzzcvx8@hotmail.com | Puzzle solved: DAFCTH
2025-02-15 16:00:43.772 | SUCCESS  | core.bot:get_captcha_data:32 - Account: A3p6.3p6j3v11koy9@hotmail.com | Puzzle solved: YC5BGM
2025-02-15 16:00:45.060 | INFO     | core.bot:login_new_account:458 - Account: lna63.na63lzzcvx8@hotmail.com | Successfully logged in
2025-02-15 16:00:45.995 | INFO     | core.bot:login_new_account:458 - Account: A3p6.3p6j3v11koy9@hotmail.com | Successfully logged in
2025-02-15 16:00:48.597 | SUCCESS  | core.bot:perform_farming_actions:560 - [32mAccount: lna63.na63lzzcvx8@hotmail.com | Sent keepalive request[0m
2025-02-15 16:00:50.247 | SUCCESS  | core.bot:perform_farming_actions:560 - [32mAccount: A3p6.3p6j3v11koy9@hotmail.com | Sent keepalive request[0m
2025-02-15 16:00:54.096 | INFO     | core.bot:perform_farming_actions:565 - [32mAccount: lna63.na63lzzcvx8@hotmail.com | Total points earned: 22259[0m
2025-02-15 16:00:54.100 | INFO     | database.models.accounts:set_sleep_until:70 - Account: lna63.na63lzzcvx8@hotmail.com | Set new sleep_until: 2025-02-15 09:03:54.098529+00:00
2025-02-15 16:00:54.102 | INFO     | __main__:run_module_safe:30 - Account: T4wf_4wf_8uei4ea@hotmail.com | Initial farming delay: 5 sec
2025-02-15 16:00:54.651 | INFO     | core.bot:perform_farming_actions:565 - [32mAccount: A3p6.3p6j3v11koy9@hotmail.com | Total points earned: 22259[0m
2025-02-15 16:00:54.655 | INFO     | database.models.accounts:set_sleep_until:70 - Account: A3p6.3p6j3v11koy9@hotmail.com | Set new sleep_until: 2025-02-15 09:03:54.653740+00:00
2025-02-15 16:00:54.658 | INFO     | __main__:run_module_safe:30 - Account: j1u5.1u5yfewopfsf9@hotmail.com | Initial farming delay: 4 sec
2025-02-15 16:00:58.663 | INFO     | core.bot:login_new_account:454 - Account: j1u5.1u5yfewopfsf9@hotmail.com | Logging in...
2025-02-15 16:00:59.110 | INFO     | core.bot:login_new_account:454 - Account: T4wf_4wf_8uei4ea@hotmail.com | Logging in...
2025-02-15 16:01:18.264 | INFO     | core.bot:get_captcha_data:26 - Account: gsxrsxr7yg9o8r__@hotmail.com | Got puzzle image, solving...
2025-02-15 16:01:30.429 | SUCCESS  | core.bot:get_captcha_data:32 - Account: gsxrsxr7yg9o8r__@hotmail.com | Puzzle solved: TFASV=
2025-02-15 16:01:32.560 | INFO     | core.bot:login_new_account:458 - Account: gsxrsxr7yg9o8r__@hotmail.com | Successfully logged in
2025-02-15 16:01:39.492 | SUCCESS  | core.bot:perform_farming_actions:560 - [32mAccount: gsxrsxr7yg9o8r__@hotmail.com | Sent keepalive request[0m
2025-02-15 16:01:42.492 | INFO     | core.bot:perform_farming_actions:565 - [32mAccount: gsxrsxr7yg9o8r__@hotmail.com | Total points earned: 23589[0m
2025-02-15 16:01:42.496 | INFO     | database.models.accounts:set_sleep_until:70 - Account: gsxrsxr7yg9o8r__@hotmail.com | Set new sleep_until: 2025-02-15 09:04:42.494650+00:00
2025-02-15 16:01:42.498 | INFO     | __main__:run_module_safe:30 - Account: t7fkeg.7fkeg6mykr@hotmail.com | Initial farming delay: 2 sec
2025-02-15 16:01:44.502 | INFO     | core.bot:login_new_account:454 - Account: t7fkeg.7fkeg6mykr@hotmail.com | Logging in...
2025-02-15 16:01:46.767 | ERROR    | core.bot:get_captcha_data:62 - Account: j1u5.1u5yfewopfsf9@hotmail.com | Error occurred while solving captcha (image): Failed to send request after 3 attempts: Failed to perform, curl: (28) Failed to connect to 103.74.79.246 port 8000 after 14029 ms: Couldn't connect to server. See https://curl.se/libcurl/c/libcurl-errors.html first for more details. | Retrying...
2025-02-15 16:01:47.194 | ERROR    | core.bot:get_captcha_data:62 - Account: T4wf_4wf_8uei4ea@hotmail.com | Error occurred while solving captcha (image): Failed to send request after 3 attempts: Failed to perform, curl: (28) Failed to connect to 103.74.79.246 port 8000 after 14013 ms: Couldn't connect to server. See https://curl.se/libcurl/c/libcurl-errors.html first for more details. | Retrying...
2025-02-15 16:01:49.868 | INFO     | core.bot:get_captcha_data:26 - Account: T4wf_4wf_8uei4ea@hotmail.com | Got puzzle image, solving...
2025-02-15 16:01:51.101 | SUCCESS  | core.bot:get_captcha_data:32 - Account: T4wf_4wf_8uei4ea@hotmail.com | Puzzle solved: YFVCPK
2025-02-15 16:01:53.322 | INFO     | core.bot:login_new_account:458 - Account: T4wf_4wf_8uei4ea@hotmail.com | Successfully logged in
2025-02-15 16:01:59.438 | SUCCESS  | core.bot:perform_farming_actions:560 - [32mAccount: T4wf_4wf_8uei4ea@hotmail.com | Sent keepalive request[0m
2025-02-15 16:02:07.281 | INFO     | core.bot:perform_farming_actions:565 - [32mAccount: T4wf_4wf_8uei4ea@hotmail.com | Total points earned: 21182[0m
2025-02-15 16:02:07.284 | INFO     | database.models.accounts:set_sleep_until:70 - Account: T4wf_4wf_8uei4ea@hotmail.com | Set new sleep_until: 2025-02-15 09:05:07.283136+00:00
2025-02-15 16:02:07.287 | INFO     | __main__:run_module_safe:30 - Account: Gun_x6.un_x61yysl@hotmail.com | Initial farming delay: 3 sec
2025-02-15 16:02:10.300 | INFO     | core.bot:login_new_account:454 - Account: Gun_x6.un_x61yysl@hotmail.com | Logging in...
2025-02-15 16:02:10.654 | INFO     | core.bot:get_captcha_data:26 - Account: j1u5.1u5yfewopfsf9@hotmail.com | Got puzzle image, solving...
2025-02-15 16:02:17.455 | SUCCESS  | core.bot:get_captcha_data:32 - Account: j1u5.1u5yfewopfsf9@hotmail.com | Puzzle solved: @Q=JQK
2025-02-15 16:02:20.093 | INFO     | core.bot:login_new_account:458 - Account: j1u5.1u5yfewopfsf9@hotmail.com | Successfully logged in
2025-02-15 16:02:22.868 | SUCCESS  | core.bot:perform_farming_actions:560 - [32mAccount: j1u5.1u5yfewopfsf9@hotmail.com | Sent keepalive request[0m
2025-02-15 16:02:25.187 | INFO     | core.bot:get_captcha_data:26 - Account: t7fkeg.7fkeg6mykr@hotmail.com | Got puzzle image, solving...
2025-02-15 16:02:28.670 | SUCCESS  | core.bot:get_captcha_data:32 - Account: t7fkeg.7fkeg6mykr@hotmail.com | Puzzle solved: NMV3T8
2025-02-15 16:02:30.562 | INFO     | core.bot:login_new_account:458 - Account: t7fkeg.7fkeg6mykr@hotmail.com | Successfully logged in
2025-02-15 16:02:31.379 | INFO     | core.bot:get_captcha_data:26 - Account: Gun_x6.un_x61yysl@hotmail.com | Got puzzle image, solving...
2025-02-15 16:02:34.435 | INFO     | core.bot:perform_farming_actions:565 - [32mAccount: j1u5.1u5yfewopfsf9@hotmail.com | Total points earned: 22598[0m
2025-02-15 16:02:34.438 | INFO     | database.models.accounts:set_sleep_until:70 - Account: j1u5.1u5yfewopfsf9@hotmail.com | Set new sleep_until: 2025-02-15 09:05:34.436835+00:00
2025-02-15 16:02:34.440 | INFO     | __main__:run_module_safe:30 - Account: zmxq.mxq3rxu1jdcf87@hotmail.com | Initial farming delay: 5 sec
2025-02-15 16:02:35.416 | SUCCESS  | core.bot:get_captcha_data:32 - Account: Gun_x6.un_x61yysl@hotmail.com | Puzzle solved: FSP$5R
2025-02-15 16:02:37.251 | SUCCESS  | core.bot:perform_farming_actions:560 - [32mAccount: t7fkeg.7fkeg6mykr@hotmail.com | Sent keepalive request[0m
2025-02-15 16:02:37.507 | INFO     | core.bot:login_new_account:458 - Account: Gun_x6.un_x61yysl@hotmail.com | Successfully logged in
2025-02-15 16:02:39.457 | INFO     | core.bot:login_new_account:454 - Account: zmxq.mxq3rxu1jdcf87@hotmail.com | Logging in...
2025-02-15 16:02:46.920 | SUCCESS  | core.bot:perform_farming_actions:560 - [32mAccount: Gun_x6.un_x61yysl@hotmail.com | Sent keepalive request[0m
2025-02-15 16:02:50.733 | INFO     | core.bot:perform_farming_actions:565 - [32mAccount: t7fkeg.7fkeg6mykr@hotmail.com | Total points earned: 21165[0m
2025-02-15 16:02:50.737 | INFO     | database.models.accounts:set_sleep_until:70 - Account: t7fkeg.7fkeg6mykr@hotmail.com | Set new sleep_until: 2025-02-15 09:05:50.735740+00:00
2025-02-15 16:02:50.739 | INFO     | __main__:run_module_safe:30 - Account: twrb0.0ghpp5o531r@hotmail.com | Initial farming delay: 3 sec
2025-02-15 16:02:53.748 | INFO     | core.bot:login_new_account:454 - Account: twrb0.0ghpp5o531r@hotmail.com | Logging in...
2025-02-15 16:02:53.973 | INFO     | core.bot:perform_farming_actions:565 - [32mAccount: Gun_x6.un_x61yysl@hotmail.com | Total points earned: 19554[0m
2025-02-15 16:02:53.976 | INFO     | database.models.accounts:set_sleep_until:70 - Account: Gun_x6.un_x61yysl@hotmail.com | Set new sleep_until: 2025-02-15 09:05:53.974767+00:00
2025-02-15 16:02:53.978 | INFO     | __main__:run_module_safe:30 - Account: q0_6k.0_6km5o1v3w@hotmail.com | Initial farming delay: 2 sec
2025-02-15 16:02:55.986 | INFO     | core.bot:login_new_account:454 - Account: q0_6k.0_6km5o1v3w@hotmail.com | Logging in...
2025-02-15 16:02:58.013 | INFO     | core.bot:get_captcha_data:26 - Account: q0_6k.0_6km5o1v3w@hotmail.com | Got puzzle image, solving...
2025-02-15 16:02:58.963 | SUCCESS  | core.bot:get_captcha_data:32 - Account: q0_6k.0_6km5o1v3w@hotmail.com | Puzzle solved: WN&#CM
2025-02-15 16:03:00.877 | INFO     | core.bot:login_new_account:458 - Account: q0_6k.0_6km5o1v3w@hotmail.com | Successfully logged in
2025-02-15 16:03:03.166 | SUCCESS  | core.bot:perform_farming_actions:560 - [32mAccount: q0_6k.0_6km5o1v3w@hotmail.com | Sent keepalive request[0m
2025-02-15 16:03:17.379 | INFO     | core.bot:get_captcha_data:26 - Account: twrb0.0ghpp5o531r@hotmail.com | Got puzzle image, solving...
2025-02-15 16:03:24.131 | SUCCESS  | core.bot:get_captcha_data:32 - Account: twrb0.0ghpp5o531r@hotmail.com | Puzzle solved: 4H@@WE
2025-02-15 16:03:26.220 | INFO     | core.bot:login_new_account:458 - Account: twrb0.0ghpp5o531r@hotmail.com | Successfully logged in
2025-02-15 16:03:27.554 | ERROR    | core.bot:get_captcha_data:62 - Account: zmxq.mxq3rxu1jdcf87@hotmail.com | Error occurred while solving captcha (image): Failed to send request after 3 attempts: Failed to perform, curl: (28) Failed to connect to 168.80.27.7 port 8000 after 14026 ms: Couldn't connect to server. See https://curl.se/libcurl/c/libcurl-errors.html first for more details. | Retrying...
2025-02-15 16:03:30.415 | INFO     | core.bot:perform_farming_actions:565 - [32mAccount: q0_6k.0_6km5o1v3w@hotmail.com | Total points earned: 17604[0m
2025-02-15 16:03:30.419 | INFO     | database.models.accounts:set_sleep_until:70 - Account: q0_6k.0_6km5o1v3w@hotmail.com | Set new sleep_until: 2025-02-15 09:06:30.417674+00:00
2025-02-15 16:03:30.421 | INFO     | __main__:run_module_safe:30 - Account: dmfubmfubh3x8556@hotmail.com | Initial farming delay: 4 sec
2025-02-15 16:03:32.593 | SUCCESS  | core.bot:perform_farming_actions:560 - [32mAccount: twrb0.0ghpp5o531r@hotmail.com | Sent keepalive request[0m
2025-02-15 16:03:33.149 | INFO     | core.bot:get_captcha_data:26 - Account: zmxq.mxq3rxu1jdcf87@hotmail.com | Got puzzle image, solving...
2025-02-15 16:03:34.425 | INFO     | core.bot:login_new_account:454 - Account: dmfubmfubh3x8556@hotmail.com | Logging in...
2025-02-15 16:03:34.529 | SUCCESS  | core.bot:get_captcha_data:32 - Account: zmxq.mxq3rxu1jdcf87@hotmail.com | Puzzle solved: #QR1Y$
2025-02-15 16:03:37.103 | INFO     | core.bot:login_new_account:458 - Account: zmxq.mxq3rxu1jdcf87@hotmail.com | Successfully logged in
2025-02-15 16:03:42.889 | INFO     | core.bot:get_captcha_data:26 - Account: dmfubmfubh3x8556@hotmail.com | Got puzzle image, solving...
2025-02-15 16:03:43.173 | SUCCESS  | core.bot:perform_farming_actions:560 - [32mAccount: zmxq.mxq3rxu1jdcf87@hotmail.com | Sent keepalive request[0m
2025-02-15 16:03:46.983 | INFO     | core.bot:perform_farming_actions:565 - [32mAccount: twrb0.0ghpp5o531r@hotmail.com | Total points earned: 19235[0m
2025-02-15 16:03:46.987 | INFO     | database.models.accounts:set_sleep_until:70 - Account: twrb0.0ghpp5o531r@hotmail.com | Set new sleep_until: 2025-02-15 09:06:46.985510+00:00
2025-02-15 16:03:46.989 | INFO     | __main__:run_module_safe:30 - Account: by6ax.y6axi1j5lz6@hotmail.com | Initial farming delay: 2 sec
2025-02-15 16:03:49.003 | INFO     | core.bot:login_new_account:454 - Account: by6ax.y6axi1j5lz6@hotmail.com | Logging in...
2025-02-15 16:03:52.383 | INFO     | core.bot:get_captcha_data:26 - Account: by6ax.y6axi1j5lz6@hotmail.com | Got puzzle image, solving...
2025-02-15 16:03:52.904 | ERROR    | core.bot:get_captcha_data:40 - Account: dmfubmfubh3x8556@hotmail.com | Failed to solve puzzle: An unexpected error occurred:  | Retrying...
2025-02-15 16:03:53.725 | INFO     | core.bot:perform_farming_actions:565 - [32mAccount: zmxq.mxq3rxu1jdcf87@hotmail.com | Total points earned: 19197[0m
2025-02-15 16:03:53.728 | INFO     | database.models.accounts:set_sleep_until:70 - Account: zmxq.mxq3rxu1jdcf87@hotmail.com | Set new sleep_until: 2025-02-15 09:06:53.726890+00:00
2025-02-15 16:03:53.730 | INFO     | __main__:run_module_safe:30 - Account: eml6.ml6r19onl4a4@hotmail.com | Initial farming delay: 3 sec
2025-02-15 16:03:54.331 | INFO     | core.bot:get_captcha_data:26 - Account: dmfubmfubh3x8556@hotmail.com | Got puzzle image, solving...
2025-02-15 16:03:55.349 | SUCCESS  | core.bot:get_captcha_data:32 - Account: dmfubmfubh3x8556@hotmail.com | Puzzle solved: 2A#13@
2025-02-15 16:03:55.808 | SUCCESS  | core.bot:get_captcha_data:32 - Account: by6ax.y6axi1j5lz6@hotmail.com | Puzzle solved: =&HTAM
2025-02-15 16:03:56.737 | INFO     | core.bot:login_new_account:454 - Account: eml6.ml6r19onl4a4@hotmail.com | Logging in...
2025-02-15 16:03:57.790 | INFO     | core.bot:login_new_account:458 - Account: dmfubmfubh3x8556@hotmail.com | Successfully logged in
2025-02-15 16:03:58.135 | INFO     | core.bot:login_new_account:458 - Account: by6ax.y6axi1j5lz6@hotmail.com | Successfully logged in
2025-02-15 16:03:59.489 | SUCCESS  | core.bot:perform_farming_actions:560 - [32mAccount: dmfubmfubh3x8556@hotmail.com | Sent keepalive request[0m
2025-02-15 16:04:00.984 | INFO     | core.bot:get_captcha_data:26 - Account: eml6.ml6r19onl4a4@hotmail.com | Got puzzle image, solving...
2025-02-15 16:04:05.495 | SUCCESS  | core.bot:perform_farming_actions:560 - [32mAccount: by6ax.y6axi1j5lz6@hotmail.com | Sent keepalive request[0m
2025-02-15 16:04:07.703 | SUCCESS  | core.bot:get_captcha_data:32 - Account: eml6.ml6r19onl4a4@hotmail.com | Puzzle solved: $QNXD4
2025-02-15 16:04:09.370 | INFO     | core.bot:perform_farming_actions:565 - [32mAccount: dmfubmfubh3x8556@hotmail.com | Total points earned: 22320[0m
2025-02-15 16:04:09.374 | INFO     | database.models.accounts:set_sleep_until:70 - Account: dmfubmfubh3x8556@hotmail.com | Set new sleep_until: 2025-02-15 09:07:09.372717+00:00
2025-02-15 16:04:09.376 | INFO     | __main__:run_module_safe:30 - Account: Mhh5.hh5_5jhd1xsvfa5@hotmail.com | Initial farming delay: 3 sec
2025-02-15 16:04:09.674 | INFO     | core.bot:login_new_account:458 - Account: eml6.ml6r19onl4a4@hotmail.com | Successfully logged in
2025-02-15 16:04:10.236 | SUCCESS  | core.bot:perform_farming_actions:560 - [32mAccount: eml6.ml6r19onl4a4@hotmail.com | Sent keepalive request[0m
2025-02-15 16:04:12.388 | INFO     | core.bot:login_new_account:454 - Account: Mhh5.hh5_5jhd1xsvfa5@hotmail.com | Logging in...
2025-02-15 16:04:13.371 | INFO     | core.bot:perform_farming_actions:565 - [32mAccount: by6ax.y6axi1j5lz6@hotmail.com | Total points earned: 22320[0m
2025-02-15 16:04:13.374 | INFO     | database.models.accounts:set_sleep_until:70 - Account: by6ax.y6axi1j5lz6@hotmail.com | Set new sleep_until: 2025-02-15 09:07:13.373108+00:00
2025-02-15 16:04:13.377 | INFO     | __main__:run_module_safe:30 - Account: en7k5n7k5ug_bs33@hotmail.com | Initial farming delay: 5 sec
2025-02-15 16:04:14.185 | INFO     | core.bot:get_captcha_data:26 - Account: Mhh5.hh5_5jhd1xsvfa5@hotmail.com | Got puzzle image, solving...
2025-02-15 16:04:18.385 | INFO     | core.bot:login_new_account:454 - Account: en7k5n7k5ug_bs33@hotmail.com | Logging in...
2025-02-15 16:04:19.164 | INFO     | core.bot:perform_farming_actions:565 - [32mAccount: eml6.ml6r19onl4a4@hotmail.com | Total points earned: 23733[0m
2025-02-15 16:04:19.167 | INFO     | database.models.accounts:set_sleep_until:70 - Account: eml6.ml6r19onl4a4@hotmail.com | Set new sleep_until: 2025-02-15 09:07:19.165994+00:00
2025-02-15 16:04:19.170 | INFO     | __main__:run_module_safe:30 - Account: Pfcqc.fcqcotxdh1n4h@hotmail.com | Initial farming delay: 5 sec
2025-02-15 16:04:21.210 | SUCCESS  | core.bot:get_captcha_data:32 - Account: Mhh5.hh5_5jhd1xsvfa5@hotmail.com | Puzzle solved: Y3JPYD
2025-02-15 16:04:22.569 | INFO     | core.bot:get_captcha_data:26 - Account: en7k5n7k5ug_bs33@hotmail.com | Got puzzle image, solving...
2025-02-15 16:04:23.602 | INFO     | core.bot:login_new_account:458 - Account: Mhh5.hh5_5jhd1xsvfa5@hotmail.com | Successfully logged in
2025-02-15 16:04:24.181 | INFO     | core.bot:login_new_account:454 - Account: Pfcqc.fcqcotxdh1n4h@hotmail.com | Logging in...
2025-02-15 16:04:26.443 | SUCCESS  | core.bot:get_captcha_data:32 - Account: en7k5n7k5ug_bs33@hotmail.com | Puzzle solved: KW&W64
2025-02-15 16:04:26.460 | INFO     | core.bot:get_captcha_data:26 - Account: Pfcqc.fcqcotxdh1n4h@hotmail.com | Got puzzle image, solving...
2025-02-15 16:04:28.736 | INFO     | core.bot:login_new_account:458 - Account: en7k5n7k5ug_bs33@hotmail.com | Successfully logged in
2025-02-15 16:04:29.666 | SUCCESS  | core.bot:perform_farming_actions:560 - [32mAccount: Mhh5.hh5_5jhd1xsvfa5@hotmail.com | Sent keepalive request[0m
2025-02-15 16:04:30.725 | SUCCESS  | core.bot:perform_farming_actions:560 - [32mAccount: en7k5n7k5ug_bs33@hotmail.com | Sent keepalive request[0m
2025-02-15 16:04:33.641 | SUCCESS  | core.bot:get_captcha_data:32 - Account: Pfcqc.fcqcotxdh1n4h@hotmail.com | Puzzle solved: DFAW5F
2025-02-15 16:04:36.167 | INFO     | core.bot:login_new_account:458 - Account: Pfcqc.fcqcotxdh1n4h@hotmail.com | Successfully logged in
2025-02-15 16:04:38.616 | INFO     | core.bot:perform_farming_actions:565 - [32mAccount: en7k5n7k5ug_bs33@hotmail.com | Total points earned: 24324[0m
2025-02-15 16:04:38.620 | INFO     | database.models.accounts:set_sleep_until:70 - Account: en7k5n7k5ug_bs33@hotmail.com | Set new sleep_until: 2025-02-15 09:07:38.618760+00:00
2025-02-15 16:04:38.623 | INFO     | __main__:run_module_safe:30 - Account: guk2lo.uk2lo_ph6wbi4nwy@hotmail.com | Initial farming delay: 5 sec
2025-02-15 16:04:40.462 | INFO     | core.bot:perform_farming_actions:565 - [32mAccount: Mhh5.hh5_5jhd1xsvfa5@hotmail.com | Total points earned: 24324[0m
2025-02-15 16:04:40.466 | INFO     | database.models.accounts:set_sleep_until:70 - Account: Mhh5.hh5_5jhd1xsvfa5@hotmail.com | Set new sleep_until: 2025-02-15 09:07:40.464294+00:00
2025-02-15 16:04:40.469 | INFO     | __main__:run_module_safe:30 - Account: dscl9scl9vnwyckm@hotmail.com | Initial farming delay: 4 sec
2025-02-15 16:04:43.038 | SUCCESS  | core.bot:perform_farming_actions:560 - [32mAccount: Pfcqc.fcqcotxdh1n4h@hotmail.com | Sent keepalive request[0m
2025-02-15 16:04:43.628 | INFO     | core.bot:login_new_account:454 - Account: guk2lo.uk2lo_ph6wbi4nwy@hotmail.com | Logging in...
2025-02-15 16:04:44.484 | INFO     | core.bot:login_new_account:454 - Account: dscl9scl9vnwyckm@hotmail.com | Logging in...
2025-02-15 16:04:47.205 | INFO     | core.bot:get_captcha_data:26 - Account: guk2lo.uk2lo_ph6wbi4nwy@hotmail.com | Got puzzle image, solving...
2025-02-15 16:04:49.763 | INFO     | core.bot:get_captcha_data:26 - Account: dscl9scl9vnwyckm@hotmail.com | Got puzzle image, solving...
2025-02-15 16:04:50.291 | SUCCESS  | core.bot:get_captcha_data:32 - Account: guk2lo.uk2lo_ph6wbi4nwy@hotmail.com | Puzzle solved: E668C6
2025-02-15 16:04:50.769 | SUCCESS  | core.bot:get_captcha_data:32 - Account: dscl9scl9vnwyckm@hotmail.com | Puzzle solved: D2=GFY
2025-02-15 16:04:52.476 | INFO     | core.bot:login_new_account:458 - Account: guk2lo.uk2lo_ph6wbi4nwy@hotmail.com | Successfully logged in
2025-02-15 16:04:52.500 | INFO     | core.bot:perform_farming_actions:565 - [32mAccount: Pfcqc.fcqcotxdh1n4h@hotmail.com | Total points earned: 17911[0m
2025-02-15 16:04:52.504 | INFO     | database.models.accounts:set_sleep_until:70 - Account: Pfcqc.fcqcotxdh1n4h@hotmail.com | Set new sleep_until: 2025-02-15 09:07:52.502501+00:00
2025-02-15 16:04:52.506 | INFO     | __main__:run_module_safe:30 - Account: dxcl5t.xcl5t4ywamyah0k@hotmail.com | Initial farming delay: 3 sec
2025-02-15 16:04:53.158 | INFO     | core.bot:login_new_account:458 - Account: dscl9scl9vnwyckm@hotmail.com | Successfully logged in
2025-02-15 16:04:54.216 | SUCCESS  | core.bot:perform_farming_actions:560 - [32mAccount: guk2lo.uk2lo_ph6wbi4nwy@hotmail.com | Sent keepalive request[0m
2025-02-15 16:04:55.091 | SUCCESS  | core.bot:perform_farming_actions:560 - [32mAccount: dscl9scl9vnwyckm@hotmail.com | Sent keepalive request[0m
2025-02-15 16:04:55.511 | INFO     | core.bot:login_new_account:454 - Account: dxcl5t.xcl5t4ywamyah0k@hotmail.com | Logging in...
2025-02-15 16:05:00.436 | INFO     | core.bot:perform_farming_actions:565 - [32mAccount: dscl9scl9vnwyckm@hotmail.com | Total points earned: 21034[0m
2025-02-15 16:05:00.440 | INFO     | database.models.accounts:set_sleep_until:70 - Account: dscl9scl9vnwyckm@hotmail.com | Set new sleep_until: 2025-02-15 09:08:00.438649+00:00
2025-02-15 16:05:00.442 | INFO     | __main__:run_module_safe:30 - Account: S6o1.6o1hs6_w7eoh@hotmail.com | Initial farming delay: 2 sec
2025-02-15 16:05:02.449 | INFO     | core.bot:login_new_account:454 - Account: S6o1.6o1hs6_w7eoh@hotmail.com | Logging in...
2025-02-15 16:05:03.366 | INFO     | core.bot:perform_farming_actions:565 - [32mAccount: guk2lo.uk2lo_ph6wbi4nwy@hotmail.com | Total points earned: 21034[0m
2025-02-15 16:05:03.369 | INFO     | database.models.accounts:set_sleep_until:70 - Account: guk2lo.uk2lo_ph6wbi4nwy@hotmail.com | Set new sleep_until: 2025-02-15 09:08:03.368004+00:00
2025-02-15 16:05:03.372 | INFO     | __main__:run_module_safe:30 - Account: n2aq74.2aq74b7d0u@hotmail.com | Initial farming delay: 4 sec
2025-02-15 16:05:07.383 | INFO     | core.bot:login_new_account:454 - Account: n2aq74.2aq74b7d0u@hotmail.com | Logging in...
2025-02-15 16:05:10.677 | INFO     | core.bot:get_captcha_data:26 - Account: S6o1.6o1hs6_w7eoh@hotmail.com | Got puzzle image, solving...
2025-02-15 16:05:18.493 | SUCCESS  | core.bot:get_captcha_data:32 - Account: S6o1.6o1hs6_w7eoh@hotmail.com | Puzzle solved: FW&DRP
2025-02-15 16:05:20.849 | INFO     | core.bot:login_new_account:458 - Account: S6o1.6o1hs6_w7eoh@hotmail.com | Successfully logged in
2025-02-15 16:05:22.036 | SUCCESS  | core.bot:perform_farming_actions:560 - [32mAccount: S6o1.6o1hs6_w7eoh@hotmail.com | Sent keepalive request[0m
2025-02-15 16:05:27.939 | INFO     | core.bot:get_captcha_data:26 - Account: n2aq74.2aq74b7d0u@hotmail.com | Got puzzle image, solving...
2025-02-15 16:05:31.644 | INFO     | core.bot:get_captcha_data:26 - Account: dxcl5t.xcl5t4ywamyah0k@hotmail.com | Got puzzle image, solving...
2025-02-15 16:05:35.871 | SUCCESS  | core.bot:get_captcha_data:32 - Account: dxcl5t.xcl5t4ywamyah0k@hotmail.com | Puzzle solved: HQ&&JH
2025-02-15 16:05:35.876 | INFO     | core.bot:perform_farming_actions:565 - [32mAccount: S6o1.6o1hs6_w7eoh@hotmail.com | Total points earned: 19083[0m
2025-02-15 16:05:35.879 | INFO     | database.models.accounts:set_sleep_until:70 - Account: S6o1.6o1hs6_w7eoh@hotmail.com | Set new sleep_until: 2025-02-15 09:08:35.878094+00:00
2025-02-15 16:05:35.882 | INFO     | __main__:run_module_safe:30 - Account: Fb9c.b9ceboub3a0ua6@hotmail.com | Initial farming delay: 2 sec
2025-02-15 16:05:37.744 | INFO     | core.bot:login_new_account:458 - Account: dxcl5t.xcl5t4ywamyah0k@hotmail.com | Successfully logged in
2025-02-15 16:05:37.891 | INFO     | core.bot:login_new_account:454 - Account: Fb9c.b9ceboub3a0ua6@hotmail.com | Logging in...
2025-02-15 16:05:38.792 | SUCCESS  | core.bot:get_captcha_data:32 - Account: n2aq74.2aq74b7d0u@hotmail.com | Puzzle solved: &G&BVY
2025-02-15 16:05:39.795 | SUCCESS  | core.bot:perform_farming_actions:560 - [32mAccount: dxcl5t.xcl5t4ywamyah0k@hotmail.com | Sent keepalive request[0m
2025-02-15 16:05:40.811 | INFO     | core.bot:login_new_account:458 - Account: n2aq74.2aq74b7d0u@hotmail.com | Successfully logged in
2025-02-15 16:05:41.592 | SUCCESS  | core.bot:perform_farming_actions:560 - [32mAccount: n2aq74.2aq74b7d0u@hotmail.com | Sent keepalive request[0m
2025-02-15 16:05:41.855 | INFO     | core.bot:get_captcha_data:26 - Account: Fb9c.b9ceboub3a0ua6@hotmail.com | Got puzzle image, solving...
2025-02-15 16:05:42.452 | SUCCESS  | core.bot:get_captcha_data:32 - Account: Fb9c.b9ceboub3a0ua6@hotmail.com | Puzzle solved: P655@@
2025-02-15 16:05:44.918 | INFO     | core.bot:login_new_account:458 - Account: Fb9c.b9ceboub3a0ua6@hotmail.com | Successfully logged in
2025-02-15 16:05:46.073 | SUCCESS  | core.bot:perform_farming_actions:560 - [32mAccount: Fb9c.b9ceboub3a0ua6@hotmail.com | Sent keepalive request[0m
2025-02-15 16:05:50.313 | INFO     | core.bot:perform_farming_actions:565 - [32mAccount: dxcl5t.xcl5t4ywamyah0k@hotmail.com | Total points earned: 23305[0m
2025-02-15 16:05:50.317 | INFO     | database.models.accounts:set_sleep_until:70 - Account: dxcl5t.xcl5t4ywamyah0k@hotmail.com | Set new sleep_until: 2025-02-15 09:08:50.315998+00:00
2025-02-15 16:05:50.320 | INFO     | __main__:run_module_safe:30 - Account: re601v.e601vh4uop@hotmail.com | Initial farming delay: 5 sec
2025-02-15 16:05:51.793 | INFO     | core.bot:perform_farming_actions:565 - [32mAccount: n2aq74.2aq74b7d0u@hotmail.com | Total points earned: 17619[0m
2025-02-15 16:05:51.797 | INFO     | database.models.accounts:set_sleep_until:70 - Account: n2aq74.2aq74b7d0u@hotmail.com | Set new sleep_until: 2025-02-15 09:08:51.795477+00:00
2025-02-15 16:05:51.799 | INFO     | __main__:run_module_safe:30 - Account: h9jbh.9jbhpx1qq0@hotmail.com | Initial farming delay: 5 sec
2025-02-15 16:05:55.087 | INFO     | core.bot:perform_farming_actions:565 - [32mAccount: Fb9c.b9ceboub3a0ua6@hotmail.com | Total points earned: 21364[0m
2025-02-15 16:05:55.090 | INFO     | database.models.accounts:set_sleep_until:70 - Account: Fb9c.b9ceboub3a0ua6@hotmail.com | Set new sleep_until: 2025-02-15 09:08:55.089104+00:00
2025-02-15 16:05:55.093 | INFO     | __main__:run_module_safe:30 - Account: da620nu9ogmrvgz3@hotmail.com | Initial farming delay: 5 sec
2025-02-15 16:05:55.328 | INFO     | core.bot:login_new_account:454 - Account: re601v.e601vh4uop@hotmail.com | Logging in...
2025-02-15 16:05:56.805 | INFO     | core.bot:login_new_account:454 - Account: h9jbh.9jbhpx1qq0@hotmail.com | Logging in...
2025-02-15 16:05:59.104 | INFO     | core.bot:get_captcha_data:26 - Account: h9jbh.9jbhpx1qq0@hotmail.com | Got puzzle image, solving...
2025-02-15 16:06:00.104 | INFO     | core.bot:login_new_account:454 - Account: da620nu9ogmrvgz3@hotmail.com | Logging in...
2025-02-15 16:06:00.425 | SUCCESS  | core.bot:get_captcha_data:32 - Account: h9jbh.9jbhpx1qq0@hotmail.com | Puzzle solved: 3GT4EW
2025-02-15 16:06:01.715 | ERROR    | core.bot:handle_invalid_account:85 - Account: h9jbh.9jbhpx1qq0@hotmail.com | Account is not registered | Removed from list
2025-02-15 16:06:01.720 | INFO     | __main__:run_module_safe:30 - Account: l6w9.6w9q_lkum8zlnutct0@hotmail.com | Initial farming delay: 2 sec
2025-02-15 16:06:03.727 | INFO     | core.bot:login_new_account:454 - Account: l6w9.6w9q_lkum8zlnutct0@hotmail.com | Logging in...
2025-02-15 16:06:14.343 | INFO     | core.bot:get_captcha_data:26 - Account: re601v.e601vh4uop@hotmail.com | Got puzzle image, solving...
2025-02-15 16:06:18.741 | SUCCESS  | core.bot:get_captcha_data:32 - Account: re601v.e601vh4uop@hotmail.com | Puzzle solved: JTEXRT
2025-02-15 16:06:21.028 | INFO     | core.bot:login_new_account:458 - Account: re601v.e601vh4uop@hotmail.com | Successfully logged in
2025-02-15 16:06:22.824 | SUCCESS  | core.bot:perform_farming_actions:560 - [32mAccount: re601v.e601vh4uop@hotmail.com | Sent keepalive request[0m
2025-02-15 16:06:23.170 | INFO     | core.bot:get_captcha_data:26 - Account: l6w9.6w9q_lkum8zlnutct0@hotmail.com | Got puzzle image, solving...
2025-02-15 16:06:23.874 | SUCCESS  | core.bot:get_captcha_data:32 - Account: l6w9.6w9q_lkum8zlnutct0@hotmail.com | Puzzle solved: ERHAFN
2025-02-15 16:06:26.276 | INFO     | core.bot:login_new_account:458 - Account: l6w9.6w9q_lkum8zlnutct0@hotmail.com | Successfully logged in
2025-02-15 16:06:32.933 | INFO     | core.bot:perform_farming_actions:565 - [32mAccount: re601v.e601vh4uop@hotmail.com | Total points earned: 22675[0m
2025-02-15 16:06:32.937 | INFO     | database.models.accounts:set_sleep_until:70 - Account: re601v.e601vh4uop@hotmail.com | Set new sleep_until: 2025-02-15 09:09:32.935404+00:00
2025-02-15 16:06:32.939 | INFO     | __main__:run_module_safe:30 - Account: m9yh9yhdz3vgpbrl@hotmail.com | Initial farming delay: 4 sec
2025-02-15 16:06:33.905 | SUCCESS  | core.bot:perform_farming_actions:560 - [32mAccount: l6w9.6w9q_lkum8zlnutct0@hotmail.com | Sent keepalive request[0m
2025-02-15 16:06:36.955 | INFO     | core.bot:login_new_account:454 - Account: m9yh9yhdz3vgpbrl@hotmail.com | Logging in...
2025-02-15 16:06:40.897 | INFO     | core.bot:perform_farming_actions:565 - [32mAccount: l6w9.6w9q_lkum8zlnutct0@hotmail.com | Total points earned: 21814[0m
2025-02-15 16:06:40.900 | INFO     | database.models.accounts:set_sleep_until:70 - Account: l6w9.6w9q_lkum8zlnutct0@hotmail.com | Set new sleep_until: 2025-02-15 09:09:40.899097+00:00
2025-02-15 16:06:40.903 | INFO     | __main__:run_module_safe:30 - Account: qci7geci7ge8_mbz@hotmail.com | Initial farming delay: 2 sec
2025-02-15 16:06:42.909 | INFO     | core.bot:login_new_account:454 - Account: qci7geci7ge8_mbz@hotmail.com | Logging in...
2025-02-15 16:06:48.205 | ERROR    | core.bot:get_captcha_data:62 - Account: da620nu9ogmrvgz3@hotmail.com | Error occurred while solving captcha (image): Failed to send request after 3 attempts: Failed to perform, curl: (28) Failed to connect to 168.81.43.100 port 8000 after 14033 ms: Couldn't connect to server. See https://curl.se/libcurl/c/libcurl-errors.html first for more details. | Retrying...
2025-02-15 16:06:50.028 | INFO     | core.bot:get_captcha_data:26 - Account: da620nu9ogmrvgz3@hotmail.com | Got puzzle image, solving...
2025-02-15 16:07:00.044 | ERROR    | core.bot:get_captcha_data:40 - Account: da620nu9ogmrvgz3@hotmail.com | Failed to solve puzzle: An unexpected error occurred:  | Retrying...
2025-02-15 16:07:01.442 | INFO     | core.bot:get_captcha_data:26 - Account: da620nu9ogmrvgz3@hotmail.com | Got puzzle image, solving...
2025-02-15 16:07:01.970 | INFO     | core.bot:get_captcha_data:26 - Account: m9yh9yhdz3vgpbrl@hotmail.com | Got puzzle image, solving...
2025-02-15 16:07:06.440 | SUCCESS  | core.bot:get_captcha_data:32 - Account: da620nu9ogmrvgz3@hotmail.com | Puzzle solved: GBC4#4
2025-02-15 16:07:06.855 | SUCCESS  | core.bot:get_captcha_data:32 - Account: m9yh9yhdz3vgpbrl@hotmail.com | Puzzle solved: @XGEPP
2025-02-15 16:07:08.785 | INFO     | core.bot:login_new_account:458 - Account: da620nu9ogmrvgz3@hotmail.com | Successfully logged in
2025-02-15 16:07:09.197 | INFO     | core.bot:login_new_account:458 - Account: m9yh9yhdz3vgpbrl@hotmail.com | Successfully logged in
2025-02-15 16:07:09.235 | SUCCESS  | core.bot:perform_farming_actions:560 - [32mAccount: da620nu9ogmrvgz3@hotmail.com | Sent keepalive request[0m
2025-02-15 16:07:14.319 | SUCCESS  | core.bot:perform_farming_actions:560 - [32mAccount: m9yh9yhdz3vgpbrl@hotmail.com | Sent keepalive request[0m
2025-02-15 16:07:19.815 | INFO     | core.bot:perform_farming_actions:565 - [32mAccount: da620nu9ogmrvgz3@hotmail.com | Total points earned: 17473[0m
2025-02-15 16:07:19.818 | INFO     | database.models.accounts:set_sleep_until:70 - Account: da620nu9ogmrvgz3@hotmail.com | Set new sleep_until: 2025-02-15 09:10:19.816873+00:00
2025-02-15 16:07:19.821 | INFO     | __main__:run_module_safe:30 - Account: m24r24r60opddq5s@hotmail.com | Initial farming delay: 2 sec
2025-02-15 16:07:20.228 | INFO     | core.bot:get_captcha_data:26 - Account: qci7geci7ge8_mbz@hotmail.com | Got puzzle image, solving...
2025-02-15 16:07:21.833 | INFO     | core.bot:login_new_account:454 - Account: m24r24r60opddq5s@hotmail.com | Logging in...
2025-02-15 16:07:26.114 | INFO     | core.bot:get_captcha_data:26 - Account: m24r24r60opddq5s@hotmail.com | Got puzzle image, solving...
2025-02-15 16:07:26.385 | INFO     | core.bot:perform_farming_actions:565 - [32mAccount: m9yh9yhdz3vgpbrl@hotmail.com | Total points earned: 17473[0m
2025-02-15 16:07:26.388 | INFO     | database.models.accounts:set_sleep_until:70 - Account: m9yh9yhdz3vgpbrl@hotmail.com | Set new sleep_until: 2025-02-15 09:10:26.387157+00:00
2025-02-15 16:07:26.391 | INFO     | __main__:run_module_safe:30 - Account: sxiuxiu_x2shr683@hotmail.com | Initial farming delay: 5 sec
2025-02-15 16:07:27.663 | SUCCESS  | core.bot:get_captcha_data:32 - Account: qci7geci7ge8_mbz@hotmail.com | Puzzle solved: TT53PB
2025-02-15 16:07:29.140 | SUCCESS  | core.bot:get_captcha_data:32 - Account: m24r24r60opddq5s@hotmail.com | Puzzle solved: JF4QQY
2025-02-15 16:07:29.529 | INFO     | core.bot:login_new_account:458 - Account: qci7geci7ge8_mbz@hotmail.com | Successfully logged in
2025-02-15 16:07:31.395 | INFO     | core.bot:login_new_account:454 - Account: sxiuxiu_x2shr683@hotmail.com | Logging in...
2025-02-15 16:07:31.451 | INFO     | core.bot:login_new_account:458 - Account: m24r24r60opddq5s@hotmail.com | Successfully logged in
2025-02-15 16:07:33.418 | SUCCESS  | core.bot:perform_farming_actions:560 - [32mAccount: m24r24r60opddq5s@hotmail.com | Sent keepalive request[0m
2025-02-15 16:07:36.384 | SUCCESS  | core.bot:perform_farming_actions:560 - [32mAccount: qci7geci7ge8_mbz@hotmail.com | Sent keepalive request[0m
2025-02-15 16:07:46.501 | INFO     | core.bot:perform_farming_actions:565 - [32mAccount: m24r24r60opddq5s@hotmail.com | Total points earned: 17876[0m
2025-02-15 16:07:46.505 | INFO     | database.models.accounts:set_sleep_until:70 - Account: m24r24r60opddq5s@hotmail.com | Set new sleep_until: 2025-02-15 09:10:46.503290+00:00
2025-02-15 16:07:46.507 | INFO     | __main__:run_module_safe:30 - Account: vnhx93nhx93tjf5w@hotmail.com | Initial farming delay: 2 sec
2025-02-15 16:07:48.510 | INFO     | core.bot:login_new_account:454 - Account: vnhx93nhx93tjf5w@hotmail.com | Logging in...
2025-02-15 16:07:51.374 | INFO     | core.bot:perform_farming_actions:565 - [32mAccount: qci7geci7ge8_mbz@hotmail.com | Total points earned: 17876[0m
2025-02-15 16:07:51.377 | INFO     | database.models.accounts:set_sleep_until:70 - Account: qci7geci7ge8_mbz@hotmail.com | Set new sleep_until: 2025-02-15 09:10:51.375797+00:00
2025-02-15 16:07:51.380 | INFO     | __main__:run_module_safe:30 - Account: Qm9fkm9fkprmlf1j@hotmail.com | Initial farming delay: 3 sec
2025-02-15 16:07:54.388 | INFO     | core.bot:login_new_account:454 - Account: Qm9fkm9fkprmlf1j@hotmail.com | Logging in...
2025-02-15 16:08:14.390 | INFO     | core.bot:get_captcha_data:26 - Account: sxiuxiu_x2shr683@hotmail.com | Got puzzle image, solving...
2025-02-15 16:08:24.399 | ERROR    | core.bot:get_captcha_data:40 - Account: sxiuxiu_x2shr683@hotmail.com | Failed to solve puzzle: An unexpected error occurred:  | Retrying...
2025-02-15 16:08:26.019 | INFO     | core.bot:get_captcha_data:26 - Account: vnhx93nhx93tjf5w@hotmail.com | Got puzzle image, solving...
2025-02-15 16:08:26.124 | INFO     | core.bot:get_captcha_data:26 - Account: sxiuxiu_x2shr683@hotmail.com | Got puzzle image, solving...
2025-02-15 16:08:26.938 | SUCCESS  | core.bot:get_captcha_data:32 - Account: vnhx93nhx93tjf5w@hotmail.com | Puzzle solved: #GVJ2X
2025-02-15 16:08:27.653 | SUCCESS  | core.bot:get_captcha_data:32 - Account: sxiuxiu_x2shr683@hotmail.com | Puzzle solved: T#&T5=
2025-02-15 16:08:29.053 | INFO     | core.bot:login_new_account:458 - Account: vnhx93nhx93tjf5w@hotmail.com | Successfully logged in
2025-02-15 16:08:29.799 | INFO     | core.bot:login_new_account:458 - Account: sxiuxiu_x2shr683@hotmail.com | Successfully logged in
2025-02-15 16:08:30.691 | SUCCESS  | core.bot:perform_farming_actions:560 - [32mAccount: vnhx93nhx93tjf5w@hotmail.com | Sent keepalive request[0m
2025-02-15 16:08:36.002 | SUCCESS  | core.bot:perform_farming_actions:560 - [32mAccount: sxiuxiu_x2shr683@hotmail.com | Sent keepalive request[0m
2025-02-15 16:08:39.493 | INFO     | core.bot:perform_farming_actions:565 - [32mAccount: vnhx93nhx93tjf5w@hotmail.com | Total points earned: 19259[0m
2025-02-15 16:08:39.496 | INFO     | database.models.accounts:set_sleep_until:70 - Account: vnhx93nhx93tjf5w@hotmail.com | Set new sleep_until: 2025-02-15 09:11:39.494832+00:00
2025-02-15 16:08:39.498 | INFO     | __main__:run_module_safe:30 - Account: pxcpoaxcpoacura3@hotmail.com | Initial farming delay: 2 sec
2025-02-15 16:08:41.501 | INFO     | core.bot:login_new_account:454 - Account: pxcpoaxcpoacura3@hotmail.com | Logging in...
2025-02-15 16:08:42.487 | ERROR    | core.bot:get_captcha_data:62 - Account: Qm9fkm9fkprmlf1j@hotmail.com | Error occurred while solving captcha (image): Failed to send request after 3 attempts: Failed to perform, curl: (28) Failed to connect to 38.170.254.202 port 9353 after 14013 ms: Couldn't connect to server. See https://curl.se/libcurl/c/libcurl-errors.html first for more details. | Retrying...
2025-02-15 16:08:45.348 | INFO     | core.bot:perform_farming_actions:565 - [32mAccount: sxiuxiu_x2shr683@hotmail.com | Total points earned: 19259[0m
2025-02-15 16:08:45.352 | INFO     | database.models.accounts:set_sleep_until:70 - Account: sxiuxiu_x2shr683@hotmail.com | Set new sleep_until: 2025-02-15 09:11:45.350804+00:00
2025-02-15 16:08:45.354 | INFO     | __main__:run_module_safe:30 - Account: e2mahq2mahqfse6cf1h@hotmail.com | Initial farming delay: 5 sec
2025-02-15 16:08:50.360 | INFO     | core.bot:login_new_account:454 - Account: e2mahq2mahqfse6cf1h@hotmail.com | Logging in...
2025-02-15 16:08:50.456 | INFO     | core.bot:get_captcha_data:26 - Account: pxcpoaxcpoacura3@hotmail.com | Got puzzle image, solving...
2025-02-15 16:08:51.704 | INFO     | core.bot:get_captcha_data:26 - Account: Qm9fkm9fkprmlf1j@hotmail.com | Got puzzle image, solving...
2025-02-15 16:08:53.530 | SUCCESS  | core.bot:get_captcha_data:32 - Account: pxcpoaxcpoacura3@hotmail.com | Puzzle solved: 5V55EW
2025-02-15 16:08:55.998 | INFO     | core.bot:login_new_account:458 - Account: pxcpoaxcpoacura3@hotmail.com | Successfully logged in
2025-02-15 16:08:58.693 | INFO     | core.bot:get_captcha_data:26 - Account: e2mahq2mahqfse6cf1h@hotmail.com | Got puzzle image, solving...
2025-02-15 16:09:03.903 | SUCCESS  | core.bot:perform_farming_actions:560 - [32mAccount: pxcpoaxcpoacura3@hotmail.com | Sent keepalive request[0m
2025-02-15 16:09:05.119 | SUCCESS  | core.bot:get_captcha_data:32 - Account: e2mahq2mahqfse6cf1h@hotmail.com | Puzzle solved: FP=KTR
2025-02-15 16:09:06.180 | SUCCESS  | core.bot:get_captcha_data:32 - Account: Qm9fkm9fkprmlf1j@hotmail.com | Puzzle solved: H3JBQ@
2025-02-15 16:09:08.136 | INFO     | core.bot:login_new_account:458 - Account: e2mahq2mahqfse6cf1h@hotmail.com | Successfully logged in
2025-02-15 16:09:08.592 | SUCCESS  | core.bot:perform_farming_actions:560 - [32mAccount: e2mahq2mahqfse6cf1h@hotmail.com | Sent keepalive request[0m
2025-02-15 16:09:09.467 | INFO     | core.bot:login_new_account:458 - Account: Qm9fkm9fkprmlf1j@hotmail.com | Successfully logged in
2025-02-15 16:09:09.945 | SUCCESS  | core.bot:perform_farming_actions:560 - [32mAccount: Qm9fkm9fkprmlf1j@hotmail.com | Sent keepalive request[0m
2025-02-15 16:09:20.397 | INFO     | core.bot:perform_farming_actions:565 - [32mAccount: Qm9fkm9fkprmlf1j@hotmail.com | Total points earned: 17360[0m
2025-02-15 16:09:20.401 | INFO     | database.models.accounts:set_sleep_until:70 - Account: Qm9fkm9fkprmlf1j@hotmail.com | Set new sleep_until: 2025-02-15 09:12:20.399190+00:00
2025-02-15 16:09:20.403 | INFO     | __main__:run_module_safe:30 - Account: Unhhi5.nhhi55qsaw@hotmail.com | Initial farming delay: 5 sec
2025-02-15 16:09:22.090 | INFO     | core.bot:perform_farming_actions:565 - [32mAccount: pxcpoaxcpoacura3@hotmail.com | Total points earned: 18216[0m
2025-02-15 16:09:22.094 | INFO     | database.models.accounts:set_sleep_until:70 - Account: pxcpoaxcpoacura3@hotmail.com | Set new sleep_until: 2025-02-15 09:12:22.092178+00:00
2025-02-15 16:09:22.096 | INFO     | __main__:run_module_safe:30 - Account: wkxc3.kxc3xthcukd83v@hotmail.com | Initial farming delay: 3 sec
2025-02-15 16:09:25.111 | INFO     | core.bot:login_new_account:454 - Account: wkxc3.kxc3xthcukd83v@hotmail.com | Logging in...
2025-02-15 16:09:25.414 | INFO     | core.bot:login_new_account:454 - Account: Unhhi5.nhhi55qsaw@hotmail.com | Logging in...
2025-02-15 16:09:25.602 | INFO     | core.bot:perform_farming_actions:565 - [32mAccount: e2mahq2mahqfse6cf1h@hotmail.com | Total points earned: 23583[0m
2025-02-15 16:09:25.606 | INFO     | database.models.accounts:set_sleep_until:70 - Account: e2mahq2mahqfse6cf1h@hotmail.com | Set new sleep_until: 2025-02-15 09:12:25.604495+00:00
2025-02-15 16:09:25.608 | INFO     | __main__:run_module_safe:30 - Account: Qmvoemvoee0li0zt@hotmail.com | Initial farming delay: 3 sec
2025-02-15 16:09:27.330 | INFO     | core.bot:get_captcha_data:26 - Account: Unhhi5.nhhi55qsaw@hotmail.com | Got puzzle image, solving...
2025-02-15 16:09:28.621 | INFO     | core.bot:login_new_account:454 - Account: Qmvoemvoee0li0zt@hotmail.com | Logging in...
2025-02-15 16:09:31.707 | SUCCESS  | core.bot:get_captcha_data:32 - Account: Unhhi5.nhhi55qsaw@hotmail.com | Puzzle solved: 8XY6K#
2025-02-15 16:09:34.057 | INFO     | core.bot:login_new_account:458 - Account: Unhhi5.nhhi55qsaw@hotmail.com | Successfully logged in
2025-02-15 16:09:41.925 | SUCCESS  | core.bot:perform_farming_actions:560 - [32mAccount: Unhhi5.nhhi55qsaw@hotmail.com | Sent keepalive request[0m
2025-02-15 16:09:45.109 | INFO     | core.bot:get_captcha_data:26 - Account: wkxc3.kxc3xthcukd83v@hotmail.com | Got puzzle image, solving...
2025-02-15 16:09:48.070 | INFO     | core.bot:get_captcha_data:26 - Account: Qmvoemvoee0li0zt@hotmail.com | Got puzzle image, solving...
2025-02-15 16:09:48.261 | SUCCESS  | core.bot:get_captcha_data:32 - Account: wkxc3.kxc3xthcukd83v@hotmail.com | Puzzle solved: NGH%PY
2025-02-15 16:09:48.976 | SUCCESS  | core.bot:get_captcha_data:32 - Account: Qmvoemvoee0li0zt@hotmail.com | Puzzle solved: 1=#XJJ
2025-02-15 16:09:49.953 | INFO     | core.bot:perform_farming_actions:565 - [32mAccount: Unhhi5.nhhi55qsaw@hotmail.com | Total points earned: 17317[0m
2025-02-15 16:09:49.957 | INFO     | database.models.accounts:set_sleep_until:70 - Account: Unhhi5.nhhi55qsaw@hotmail.com | Set new sleep_until: 2025-02-15 09:12:49.955439+00:00
2025-02-15 16:09:49.959 | INFO     | __main__:run_module_safe:30 - Account: I8e6.8e6pihtbrshr_@hotmail.com | Initial farming delay: 4 sec
2025-02-15 16:09:50.358 | INFO     | core.bot:login_new_account:458 - Account: wkxc3.kxc3xthcukd83v@hotmail.com | Successfully logged in
2025-02-15 16:09:51.431 | INFO     | core.bot:login_new_account:458 - Account: Qmvoemvoee0li0zt@hotmail.com | Successfully logged in
2025-02-15 16:09:52.394 | SUCCESS  | core.bot:perform_farming_actions:560 - [32mAccount: wkxc3.kxc3xthcukd83v@hotmail.com | Sent keepalive request[0m
2025-02-15 16:09:53.445 | SUCCESS  | core.bot:perform_farming_actions:560 - [32mAccount: Qmvoemvoee0li0zt@hotmail.com | Sent keepalive request[0m
2025-02-15 16:09:53.967 | INFO     | core.bot:login_new_account:454 - Account: I8e6.8e6pihtbrshr_@hotmail.com | Logging in...
2025-02-15 16:09:59.292 | INFO     | core.bot:perform_farming_actions:565 - [32mAccount: Qmvoemvoee0li0zt@hotmail.com | Total points earned: 21065[0m
2025-02-15 16:09:59.296 | INFO     | database.models.accounts:set_sleep_until:70 - Account: Qmvoemvoee0li0zt@hotmail.com | Set new sleep_until: 2025-02-15 09:12:59.294302+00:00
2025-02-15 16:09:59.298 | INFO     | __main__:run_module_safe:30 - Account: a91ck91ckstd0pgzm@hotmail.com | Initial farming delay: 4 sec
2025-02-15 16:10:02.582 | INFO     | core.bot:perform_farming_actions:565 - [32mAccount: wkxc3.kxc3xthcukd83v@hotmail.com | Total points earned: 21065[0m
2025-02-15 16:10:02.586 | INFO     | database.models.accounts:set_sleep_until:70 - Account: wkxc3.kxc3xthcukd83v@hotmail.com | Set new sleep_until: 2025-02-15 09:13:02.584675+00:00
2025-02-15 16:10:02.588 | INFO     | __main__:run_module_safe:30 - Account: qpas.pasypcom46ji13@hotmail.com | Initial farming delay: 4 sec
2025-02-15 16:10:03.310 | INFO     | core.bot:login_new_account:454 - Account: a91ck91ckstd0pgzm@hotmail.com | Logging in...
2025-02-15 16:10:03.379 | INFO     | core.bot:get_captcha_data:26 - Account: I8e6.8e6pihtbrshr_@hotmail.com | Got puzzle image, solving...
2025-02-15 16:10:06.598 | INFO     | core.bot:login_new_account:454 - Account: qpas.pasypcom46ji13@hotmail.com | Logging in...
2025-02-15 16:10:10.392 | INFO     | core.bot:get_captcha_data:26 - Account: qpas.pasypcom46ji13@hotmail.com | Got puzzle image, solving...
2025-02-15 16:10:11.808 | INFO     | core.bot:get_captcha_data:26 - Account: a91ck91ckstd0pgzm@hotmail.com | Got puzzle image, solving...
2025-02-15 16:10:12.487 | SUCCESS  | core.bot:get_captcha_data:32 - Account: a91ck91ckstd0pgzm@hotmail.com | Puzzle solved: E3PB&K
2025-02-15 16:10:13.850 | SUCCESS  | core.bot:get_captcha_data:32 - Account: I8e6.8e6pihtbrshr_@hotmail.com | Puzzle solved: PKP&5#
2025-02-15 16:10:14.760 | SUCCESS  | core.bot:get_captcha_data:32 - Account: qpas.pasypcom46ji13@hotmail.com | Puzzle solved: 3D=WDQ
2025-02-15 16:10:14.774 | INFO     | core.bot:login_new_account:458 - Account: a91ck91ckstd0pgzm@hotmail.com | Successfully logged in
2025-02-15 16:10:16.243 | INFO     | core.bot:login_new_account:458 - Account: I8e6.8e6pihtbrshr_@hotmail.com | Successfully logged in
2025-02-15 16:10:17.001 | INFO     | core.bot:login_new_account:458 - Account: qpas.pasypcom46ji13@hotmail.com | Successfully logged in
2025-02-15 16:10:19.071 | SUCCESS  | core.bot:perform_farming_actions:560 - [32mAccount: I8e6.8e6pihtbrshr_@hotmail.com | Sent keepalive request[0m
2025-02-15 16:10:20.356 | SUCCESS  | core.bot:perform_farming_actions:560 - [32mAccount: qpas.pasypcom46ji13@hotmail.com | Sent keepalive request[0m
2025-02-15 16:10:22.566 | SUCCESS  | core.bot:perform_farming_actions:560 - [32mAccount: a91ck91ckstd0pgzm@hotmail.com | Sent keepalive request[0m
2025-02-15 16:10:26.432 | INFO     | core.bot:perform_farming_actions:565 - [32mAccount: qpas.pasypcom46ji13@hotmail.com | Total points earned: 21603[0m
2025-02-15 16:10:26.435 | INFO     | database.models.accounts:set_sleep_until:70 - Account: qpas.pasypcom46ji13@hotmail.com | Set new sleep_until: 2025-02-15 09:13:26.434140+00:00
2025-02-15 16:10:26.438 | INFO     | __main__:run_module_safe:30 - Account: mcz4vj.cz4vjk73qy@hotmail.com | Initial farming delay: 4 sec
2025-02-15 16:10:28.199 | INFO     | core.bot:perform_farming_actions:565 - [32mAccount: I8e6.8e6pihtbrshr_@hotmail.com | Total points earned: 21603[0m
2025-02-15 16:10:28.203 | INFO     | database.models.accounts:set_sleep_until:70 - Account: I8e6.8e6pihtbrshr_@hotmail.com | Set new sleep_until: 2025-02-15 09:13:28.201581+00:00
2025-02-15 16:10:28.205 | INFO     | __main__:run_module_safe:30 - Account: pgbjh_gbjh_ggb8ga@hotmail.com | Initial farming delay: 3 sec
2025-02-15 16:10:29.216 | INFO     | core.bot:perform_farming_actions:565 - [32mAccount: a91ck91ckstd0pgzm@hotmail.com | Total points earned: 21603[0m
2025-02-15 16:10:29.219 | INFO     | database.models.accounts:set_sleep_until:70 - Account: a91ck91ckstd0pgzm@hotmail.com | Set new sleep_until: 2025-02-15 09:13:29.217940+00:00
2025-02-15 16:10:29.222 | INFO     | __main__:run_module_safe:30 - Account: jo0n1o0n1f6ljstz@hotmail.com | Initial farming delay: 2 sec
2025-02-15 16:10:30.441 | INFO     | core.bot:login_new_account:454 - Account: mcz4vj.cz4vjk73qy@hotmail.com | Logging in...
2025-02-15 16:10:31.215 | INFO     | core.bot:login_new_account:454 - Account: pgbjh_gbjh_ggb8ga@hotmail.com | Logging in...
2025-02-15 16:10:31.230 | INFO     | core.bot:login_new_account:454 - Account: jo0n1o0n1f6ljstz@hotmail.com | Logging in...
2025-02-15 16:10:35.924 | INFO     | core.bot:get_captcha_data:26 - Account: pgbjh_gbjh_ggb8ga@hotmail.com | Got puzzle image, solving...
2025-02-15 16:10:38.984 | SUCCESS  | core.bot:get_captcha_data:32 - Account: pgbjh_gbjh_ggb8ga@hotmail.com | Puzzle solved: W4KBEE
2025-02-15 16:10:40.184 | INFO     | core.bot:get_captcha_data:26 - Account: jo0n1o0n1f6ljstz@hotmail.com | Got puzzle image, solving...
2025-02-15 16:10:40.862 | SUCCESS  | core.bot:get_captcha_data:32 - Account: jo0n1o0n1f6ljstz@hotmail.com | Puzzle solved: $FKH5K
2025-02-15 16:10:41.022 | INFO     | core.bot:login_new_account:458 - Account: pgbjh_gbjh_ggb8ga@hotmail.com | Successfully logged in
2025-02-15 16:10:42.844 | INFO     | core.bot:login_new_account:458 - Account: jo0n1o0n1f6ljstz@hotmail.com | Successfully logged in
2025-02-15 16:10:43.967 | SUCCESS  | core.bot:perform_farming_actions:560 - [32mAccount: pgbjh_gbjh_ggb8ga@hotmail.com | Sent keepalive request[0m
2025-02-15 16:10:44.044 | SUCCESS  | core.bot:perform_farming_actions:560 - [32mAccount: jo0n1o0n1f6ljstz@hotmail.com | Sent keepalive request[0m
2025-02-15 16:10:49.885 | INFO     | core.bot:get_captcha_data:26 - Account: mcz4vj.cz4vjk73qy@hotmail.com | Got puzzle image, solving...
2025-02-15 16:10:50.378 | INFO     | core.bot:perform_farming_actions:565 - [32mAccount: jo0n1o0n1f6ljstz@hotmail.com | Total points earned: 18836[0m
2025-02-15 16:10:50.381 | INFO     | database.models.accounts:set_sleep_until:70 - Account: jo0n1o0n1f6ljstz@hotmail.com | Set new sleep_until: 2025-02-15 09:13:50.380118+00:00
2025-02-15 16:10:50.384 | INFO     | __main__:run_module_safe:30 - Account: Dy209u.y209uvrhp5@hotmail.com | Initial farming delay: 5 sec
2025-02-15 16:10:52.445 | INFO     | core.bot:perform_farming_actions:565 - [32mAccount: pgbjh_gbjh_ggb8ga@hotmail.com | Total points earned: 18836[0m
2025-02-15 16:10:52.449 | INFO     | database.models.accounts:set_sleep_until:70 - Account: pgbjh_gbjh_ggb8ga@hotmail.com | Set new sleep_until: 2025-02-15 09:13:52.447596+00:00
2025-02-15 16:10:52.451 | INFO     | __main__:run_module_safe:30 - Account: ui34n.i34n_3_eewvm_c40@hotmail.com | Initial farming delay: 2 sec
2025-02-15 16:10:52.465 | SUCCESS  | core.bot:get_captcha_data:32 - Account: mcz4vj.cz4vjk73qy@hotmail.com | Puzzle solved: G#DKWF
2025-02-15 16:10:54.455 | INFO     | core.bot:login_new_account:454 - Account: ui34n.i34n_3_eewvm_c40@hotmail.com | Logging in...
2025-02-15 16:10:54.827 | INFO     | core.bot:login_new_account:458 - Account: mcz4vj.cz4vjk73qy@hotmail.com | Successfully logged in
2025-02-15 16:10:55.394 | INFO     | core.bot:login_new_account:454 - Account: Dy209u.y209uvrhp5@hotmail.com | Logging in...
2025-02-15 16:10:56.517 | INFO     | core.bot:get_captcha_data:26 - Account: ui34n.i34n_3_eewvm_c40@hotmail.com | Got puzzle image, solving...
2025-02-15 16:11:00.004 | SUCCESS  | core.bot:perform_farming_actions:560 - [32mAccount: mcz4vj.cz4vjk73qy@hotmail.com | Sent keepalive request[0m
2025-02-15 16:11:00.545 | SUCCESS  | core.bot:get_captcha_data:32 - Account: ui34n.i34n_3_eewvm_c40@hotmail.com | Puzzle solved: E5TN5C
2025-02-15 16:11:02.884 | INFO     | core.bot:login_new_account:458 - Account: ui34n.i34n_3_eewvm_c40@hotmail.com | Successfully logged in
2025-02-15 16:11:03.510 | SUCCESS  | core.bot:perform_farming_actions:560 - [32mAccount: ui34n.i34n_3_eewvm_c40@hotmail.com | Sent keepalive request[0m
2025-02-15 16:11:07.620 | INFO     | core.bot:perform_farming_actions:565 - [32mAccount: ui34n.i34n_3_eewvm_c40@hotmail.com | Total points earned: 17541[0m
2025-02-15 16:11:07.623 | INFO     | database.models.accounts:set_sleep_until:70 - Account: ui34n.i34n_3_eewvm_c40@hotmail.com | Set new sleep_until: 2025-02-15 09:14:07.621961+00:00
2025-02-15 16:11:07.625 | INFO     | __main__:run_module_safe:30 - Account: L_6_._6_4ujtl4b_ipu@hotmail.com | Initial farming delay: 3 sec
2025-02-15 16:11:10.628 | INFO     | core.bot:login_new_account:454 - Account: L_6_._6_4ujtl4b_ipu@hotmail.com | Logging in...
2025-02-15 16:11:15.777 | INFO     | core.bot:perform_farming_actions:565 - [32mAccount: mcz4vj.cz4vjk73qy@hotmail.com | Total points earned: 23558[0m
2025-02-15 16:11:15.780 | INFO     | database.models.accounts:set_sleep_until:70 - Account: mcz4vj.cz4vjk73qy@hotmail.com | Set new sleep_until: 2025-02-15 09:14:15.779087+00:00
2025-02-15 16:11:15.783 | INFO     | __main__:run_module_safe:30 - Account: Q4p34p3knon2of60r@hotmail.com | Initial farming delay: 4 sec
2025-02-15 16:11:19.787 | INFO     | core.bot:login_new_account:454 - Account: Q4p34p3knon2of60r@hotmail.com | Logging in...
2025-02-15 16:11:31.439 | INFO     | core.bot:get_captcha_data:26 - Account: L_6_._6_4ujtl4b_ipu@hotmail.com | Got puzzle image, solving...
2025-02-15 16:11:33.768 | SUCCESS  | core.bot:get_captcha_data:32 - Account: L_6_._6_4ujtl4b_ipu@hotmail.com | Puzzle solved: QW5Q4F
2025-02-15 16:11:35.605 | INFO     | core.bot:login_new_account:458 - Account: L_6_._6_4ujtl4b_ipu@hotmail.com | Successfully logged in
2025-02-15 16:11:37.272 | SUCCESS  | core.bot:perform_farming_actions:560 - [32mAccount: L_6_._6_4ujtl4b_ipu@hotmail.com | Sent keepalive request[0m
2025-02-15 16:11:42.547 | INFO     | core.bot:perform_farming_actions:565 - [32mAccount: L_6_._6_4ujtl4b_ipu@hotmail.com | Total points earned: 16863[0m
2025-02-15 16:11:42.550 | INFO     | database.models.accounts:set_sleep_until:70 - Account: L_6_._6_4ujtl4b_ipu@hotmail.com | Set new sleep_until: 2025-02-15 09:14:42.548843+00:00
2025-02-15 16:11:42.553 | INFO     | __main__:run_module_safe:30 - Account: bbjpikbjpik1cfe4@hotmail.com | Initial farming delay: 5 sec
2025-02-15 16:11:43.286 | INFO     | core.bot:get_captcha_data:26 - Account: Q4p34p3knon2of60r@hotmail.com | Got puzzle image, solving...
2025-02-15 16:11:43.509 | ERROR    | core.bot:get_captcha_data:62 - Account: Dy209u.y209uvrhp5@hotmail.com | Error occurred while solving captcha (image): Failed to send request after 3 attempts: Failed to perform, curl: (28) Failed to connect to 168.81.248.246 port 8000 after 14032 ms: Couldn't connect to server. See https://curl.se/libcurl/c/libcurl-errors.html first for more details. | Retrying...
2025-02-15 16:11:44.598 | SUCCESS  | core.bot:get_captcha_data:32 - Account: Q4p34p3knon2of60r@hotmail.com | Puzzle solved: 8GX3B=
2025-02-15 16:11:46.231 | INFO     | core.bot:get_captcha_data:26 - Account: Dy209u.y209uvrhp5@hotmail.com | Got puzzle image, solving...
2025-02-15 16:11:46.471 | INFO     | core.bot:login_new_account:458 - Account: Q4p34p3knon2of60r@hotmail.com | Successfully logged in
2025-02-15 16:11:46.920 | SUCCESS  | core.bot:get_captcha_data:32 - Account: Dy209u.y209uvrhp5@hotmail.com | Puzzle solved: 1H3NY=
2025-02-15 16:11:47.566 | INFO     | core.bot:login_new_account:454 - Account: bbjpikbjpik1cfe4@hotmail.com | Logging in...
2025-02-15 16:11:48.081 | SUCCESS  | core.bot:perform_farming_actions:560 - [32mAccount: Q4p34p3knon2of60r@hotmail.com | Sent keepalive request[0m
2025-02-15 16:11:49.226 | INFO     | core.bot:login_new_account:458 - Account: Dy209u.y209uvrhp5@hotmail.com | Successfully logged in
2025-02-15 16:11:49.669 | SUCCESS  | core.bot:perform_farming_actions:560 - [32mAccount: Dy209u.y209uvrhp5@hotmail.com | Sent keepalive request[0m
2025-02-15 16:11:51.544 | INFO     | core.bot:perform_farming_actions:565 - [32mAccount: Dy209u.y209uvrhp5@hotmail.com | Total points earned: 21455[0m
2025-02-15 16:11:51.548 | INFO     | database.models.accounts:set_sleep_until:70 - Account: Dy209u.y209uvrhp5@hotmail.com | Set new sleep_until: 2025-02-15 09:14:51.546654+00:00
2025-02-15 16:11:51.551 | INFO     | __main__:run_module_safe:30 - Account: Ezcnzcnpv5gteu_zu2i@hotmail.com | Initial farming delay: 3 sec
2025-02-15 16:11:53.003 | INFO     | core.bot:perform_farming_actions:565 - [32mAccount: Q4p34p3knon2of60r@hotmail.com | Total points earned: 17887[0m
2025-02-15 16:11:53.007 | INFO     | database.models.accounts:set_sleep_until:70 - Account: Q4p34p3knon2of60r@hotmail.com | Set new sleep_until: 2025-02-15 09:14:53.005015+00:00
2025-02-15 16:11:53.009 | INFO     | __main__:run_module_safe:30 - Account: Jzrlr.zrlrv_zxth425kz@hotmail.com | Initial farming delay: 3 sec
2025-02-15 16:11:54.562 | INFO     | core.bot:login_new_account:454 - Account: Ezcnzcnpv5gteu_zu2i@hotmail.com | Logging in...
2025-02-15 16:11:56.020 | INFO     | core.bot:login_new_account:454 - Account: Jzrlr.zrlrv_zxth425kz@hotmail.com | Logging in...
2025-02-15 16:12:12.798 | INFO     | core.bot:get_captcha_data:26 - Account: bbjpikbjpik1cfe4@hotmail.com | Got puzzle image, solving...
2025-02-15 16:12:18.480 | SUCCESS  | core.bot:get_captcha_data:32 - Account: bbjpikbjpik1cfe4@hotmail.com | Puzzle solved: SC5QKJ
2025-02-15 16:12:21.060 | INFO     | core.bot:login_new_account:458 - Account: bbjpikbjpik1cfe4@hotmail.com | Successfully logged in
2025-02-15 16:12:22.886 | INFO     | core.bot:get_captcha_data:26 - Account: Jzrlr.zrlrv_zxth425kz@hotmail.com | Got puzzle image, solving...
2025-02-15 16:12:23.582 | SUCCESS  | core.bot:get_captcha_data:32 - Account: Jzrlr.zrlrv_zxth425kz@hotmail.com | Puzzle solved: N24VHS
2025-02-15 16:12:24.619 | SUCCESS  | core.bot:perform_farming_actions:560 - [32mAccount: bbjpikbjpik1cfe4@hotmail.com | Sent keepalive request[0m
2025-02-15 16:12:25.433 | INFO     | core.bot:login_new_account:458 - Account: Jzrlr.zrlrv_zxth425kz@hotmail.com | Successfully logged in
2025-02-15 16:12:31.363 | INFO     | core.bot:perform_farming_actions:565 - [32mAccount: bbjpikbjpik1cfe4@hotmail.com | Total points earned: 23456[0m
2025-02-15 16:12:31.367 | INFO     | database.models.accounts:set_sleep_until:70 - Account: bbjpikbjpik1cfe4@hotmail.com | Set new sleep_until: 2025-02-15 09:15:31.365229+00:00
2025-02-15 16:12:31.369 | INFO     | __main__:run_module_safe:30 - Account: l725f.725fl4hn98dbj6i@hotmail.com | Initial farming delay: 4 sec
2025-02-15 16:12:33.651 | SUCCESS  | core.bot:perform_farming_actions:560 - [32mAccount: Jzrlr.zrlrv_zxth425kz@hotmail.com | Sent keepalive request[0m
2025-02-15 16:12:35.376 | INFO     | core.bot:login_new_account:454 - Account: l725f.725fl4hn98dbj6i@hotmail.com | Logging in...
2025-02-15 16:12:39.240 | INFO     | core.bot:get_captcha_data:26 - Account: l725f.725fl4hn98dbj6i@hotmail.com | Got puzzle image, solving...
2025-02-15 16:12:42.322 | SUCCESS  | core.bot:get_captcha_data:32 - Account: l725f.725fl4hn98dbj6i@hotmail.com | Puzzle solved: 5@32&B
2025-02-15 16:12:42.585 | INFO     | core.bot:perform_farming_actions:565 - [32mAccount: Jzrlr.zrlrv_zxth425kz@hotmail.com | Total points earned: 17448[0m
2025-02-15 16:12:42.589 | INFO     | database.models.accounts:set_sleep_until:70 - Account: Jzrlr.zrlrv_zxth425kz@hotmail.com | Set new sleep_until: 2025-02-15 09:15:42.587795+00:00
2025-02-15 16:12:42.591 | INFO     | __main__:run_module_safe:30 - Account: bdei8.dei8i41q1s1@hotmail.com | Initial farming delay: 5 sec
2025-02-15 16:12:42.654 | ERROR    | core.bot:get_captcha_data:62 - Account: Ezcnzcnpv5gteu_zu2i@hotmail.com | Error occurred while solving captcha (image): Failed to send request after 3 attempts: Failed to perform, curl: (28) Failed to connect to 45.93.214.227 port 8000 after 14042 ms: Couldn't connect to server. See https://curl.se/libcurl/c/libcurl-errors.html first for more details. | Retrying...
2025-02-15 16:12:44.219 | INFO     | core.bot:login_new_account:458 - Account: l725f.725fl4hn98dbj6i@hotmail.com | Successfully logged in
2025-02-15 16:12:45.837 | SUCCESS  | core.bot:perform_farming_actions:560 - [32mAccount: l725f.725fl4hn98dbj6i@hotmail.com | Sent keepalive request[0m
2025-02-15 16:12:47.598 | INFO     | core.bot:login_new_account:454 - Account: bdei8.dei8i41q1s1@hotmail.com | Logging in...
2025-02-15 16:12:54.036 | INFO     | core.bot:perform_farming_actions:565 - [32mAccount: l725f.725fl4hn98dbj6i@hotmail.com | Total points earned: 19499[0m
2025-02-15 16:12:54.040 | INFO     | database.models.accounts:set_sleep_until:70 - Account: l725f.725fl4hn98dbj6i@hotmail.com | Set new sleep_until: 2025-02-15 09:15:54.038659+00:00
2025-02-15 16:12:54.042 | INFO     | __main__:run_module_safe:30 - Account: Qrr7vrr7v2gka6mu@hotmail.com | Initial farming delay: 2 sec
2025-02-15 16:12:55.677 | INFO     | core.bot:get_captcha_data:26 - Account: bdei8.dei8i41q1s1@hotmail.com | Got puzzle image, solving...
2025-02-15 16:12:56.053 | INFO     | core.bot:login_new_account:454 - Account: Qrr7vrr7v2gka6mu@hotmail.com | Logging in...
2025-02-15 16:13:01.113 | SUCCESS  | core.bot:get_captcha_data:32 - Account: bdei8.dei8i41q1s1@hotmail.com | Puzzle solved: 5MTSW4
2025-02-15 16:13:03.533 | INFO     | core.bot:login_new_account:458 - Account: bdei8.dei8i41q1s1@hotmail.com | Successfully logged in
2025-02-15 16:13:10.281 | SUCCESS  | core.bot:perform_farming_actions:560 - [32mAccount: bdei8.dei8i41q1s1@hotmail.com | Sent keepalive request[0m
2025-02-15 16:13:14.988 | INFO     | core.bot:get_captcha_data:26 - Account: Qrr7vrr7v2gka6mu@hotmail.com | Got puzzle image, solving...
2025-02-15 16:13:15.633 | INFO     | core.bot:perform_farming_actions:565 - [32mAccount: bdei8.dei8i41q1s1@hotmail.com | Total points earned: 23514[0m
2025-02-15 16:13:15.636 | INFO     | database.models.accounts:set_sleep_until:70 - Account: bdei8.dei8i41q1s1@hotmail.com | Set new sleep_until: 2025-02-15 09:16:15.634855+00:00
2025-02-15 16:13:15.638 | INFO     | __main__:run_module_safe:30 - Account: p0cw.0cwqymp4_6n1@hotmail.com | Initial farming delay: 3 sec
2025-02-15 16:13:17.823 | SUCCESS  | core.bot:get_captcha_data:32 - Account: Qrr7vrr7v2gka6mu@hotmail.com | Puzzle solved: WFANC4
2025-02-15 16:13:18.648 | INFO     | core.bot:login_new_account:454 - Account: p0cw.0cwqymp4_6n1@hotmail.com | Logging in...
2025-02-15 16:13:18.776 | INFO     | core.bot:get_captcha_data:26 - Account: Ezcnzcnpv5gteu_zu2i@hotmail.com | Got puzzle image, solving...
2025-02-15 16:13:20.293 | INFO     | core.bot:login_new_account:458 - Account: Qrr7vrr7v2gka6mu@hotmail.com | Successfully logged in
2025-02-15 16:13:22.846 | SUCCESS  | core.bot:get_captcha_data:32 - Account: Ezcnzcnpv5gteu_zu2i@hotmail.com | Puzzle solved: 1WTC1$
2025-02-15 16:13:24.850 | INFO     | core.bot:login_new_account:458 - Account: Ezcnzcnpv5gteu_zu2i@hotmail.com | Successfully logged in
2025-02-15 16:13:28.333 | SUCCESS  | core.bot:perform_farming_actions:560 - [32mAccount: Qrr7vrr7v2gka6mu@hotmail.com | Sent keepalive request[0m
2025-02-15 16:13:32.013 | SUCCESS  | core.bot:perform_farming_actions:560 - [32mAccount: Ezcnzcnpv5gteu_zu2i@hotmail.com | Sent keepalive request[0m
2025-02-15 16:13:38.525 | INFO     | core.bot:perform_farming_actions:565 - [32mAccount: Qrr7vrr7v2gka6mu@hotmail.com | Total points earned: 18859[0m
2025-02-15 16:13:38.528 | INFO     | database.models.accounts:set_sleep_until:70 - Account: Qrr7vrr7v2gka6mu@hotmail.com | Set new sleep_until: 2025-02-15 09:16:38.526943+00:00
2025-02-15 16:13:38.531 | INFO     | __main__:run_module_safe:30 - Account: gjdw.jdwu_1icxkaq7d0@hotmail.com | Initial farming delay: 2 sec
2025-02-15 16:13:40.545 | INFO     | core.bot:login_new_account:454 - Account: gjdw.jdwu_1icxkaq7d0@hotmail.com | Logging in...
2025-02-15 16:13:44.554 | INFO     | core.bot:perform_farming_actions:565 - [32mAccount: Ezcnzcnpv5gteu_zu2i@hotmail.com | Total points earned: 18859[0m
2025-02-15 16:13:44.558 | INFO     | database.models.accounts:set_sleep_until:70 - Account: Ezcnzcnpv5gteu_zu2i@hotmail.com | Set new sleep_until: 2025-02-15 09:16:44.556535+00:00
2025-02-15 16:13:44.560 | INFO     | __main__:run_module_safe:30 - Account: Ijzu5.jzu52mv6xom710ge2@hotmail.com | Initial farming delay: 4 sec
2025-02-15 16:13:48.566 | INFO     | core.bot:login_new_account:454 - Account: Ijzu5.jzu52mv6xom710ge2@hotmail.com | Logging in...
2025-02-15 16:14:10.417 | INFO     | core.bot:get_captcha_data:26 - Account: p0cw.0cwqymp4_6n1@hotmail.com | Got puzzle image, solving...
2025-02-15 16:14:11.806 | SUCCESS  | core.bot:get_captcha_data:32 - Account: p0cw.0cwqymp4_6n1@hotmail.com | Puzzle solved: BQB4K&
2025-02-15 16:14:14.077 | INFO     | core.bot:login_new_account:458 - Account: p0cw.0cwqymp4_6n1@hotmail.com | Successfully logged in
2025-02-15 16:14:14.638 | SUCCESS  | core.bot:perform_farming_actions:560 - [32mAccount: p0cw.0cwqymp4_6n1@hotmail.com | Sent keepalive request[0m
2025-02-15 16:14:19.153 | INFO     | core.bot:get_captcha_data:26 - Account: gjdw.jdwu_1icxkaq7d0@hotmail.com | Got puzzle image, solving...
2025-02-15 16:14:27.609 | INFO     | core.bot:perform_farming_actions:565 - [32mAccount: p0cw.0cwqymp4_6n1@hotmail.com | Total points earned: 24481[0m
2025-02-15 16:14:27.613 | INFO     | database.models.accounts:set_sleep_until:70 - Account: p0cw.0cwqymp4_6n1@hotmail.com | Set new sleep_until: 2025-02-15 09:17:27.611471+00:00
2025-02-15 16:14:27.615 | INFO     | __main__:run_module_safe:30 - Account: Kzk6_zk6_4poa3dhcau@hotmail.com | Initial farming delay: 4 sec
2025-02-15 16:14:29.167 | ERROR    | core.bot:get_captcha_data:40 - Account: gjdw.jdwu_1icxkaq7d0@hotmail.com | Failed to solve puzzle: An unexpected error occurred:  | Retrying...
2025-02-15 16:14:30.589 | INFO     | core.bot:get_captcha_data:26 - Account: gjdw.jdwu_1icxkaq7d0@hotmail.com | Got puzzle image, solving...
2025-02-15 16:14:31.624 | INFO     | core.bot:login_new_account:454 - Account: Kzk6_zk6_4poa3dhcau@hotmail.com | Logging in...
2025-02-15 16:14:35.031 | SUCCESS  | core.bot:get_captcha_data:32 - Account: gjdw.jdwu_1icxkaq7d0@hotmail.com | Puzzle solved: #5PBGQ
2025-02-15 16:14:36.201 | INFO     | core.bot:get_captcha_data:26 - Account: Kzk6_zk6_4poa3dhcau@hotmail.com | Got puzzle image, solving...
2025-02-15 16:14:36.684 | ERROR    | core.bot:get_captcha_data:62 - Account: Ijzu5.jzu52mv6xom710ge2@hotmail.com | Error occurred while solving captcha (image): Failed to send request after 3 attempts: Failed to perform, curl: (28) Failed to connect to 168.81.248.105 port 8000 after 14036 ms: Couldn't connect to server. See https://curl.se/libcurl/c/libcurl-errors.html first for more details. | Retrying...
2025-02-15 16:14:36.913 | INFO     | core.bot:login_new_account:458 - Account: gjdw.jdwu_1icxkaq7d0@hotmail.com | Successfully logged in
2025-02-15 16:14:40.259 | SUCCESS  | core.bot:get_captcha_data:32 - Account: Kzk6_zk6_4poa3dhcau@hotmail.com | Puzzle solved: CM3S&3
2025-02-15 16:14:42.540 | INFO     | core.bot:login_new_account:458 - Account: Kzk6_zk6_4poa3dhcau@hotmail.com | Successfully logged in
2025-02-15 16:14:44.641 | SUCCESS  | core.bot:perform_farming_actions:560 - [32mAccount: gjdw.jdwu_1icxkaq7d0@hotmail.com | Sent keepalive request[0m
2025-02-15 16:14:44.896 | INFO     | core.bot:get_captcha_data:26 - Account: Ijzu5.jzu52mv6xom710ge2@hotmail.com | Got puzzle image, solving...
2025-02-15 16:14:45.630 | SUCCESS  | core.bot:get_captcha_data:32 - Account: Ijzu5.jzu52mv6xom710ge2@hotmail.com | Puzzle solved: 24A&VF
2025-02-15 16:14:47.594 | INFO     | core.bot:login_new_account:458 - Account: Ijzu5.jzu52mv6xom710ge2@hotmail.com | Successfully logged in
2025-02-15 16:14:48.582 | SUCCESS  | core.bot:perform_farming_actions:560 - [32mAccount: Kzk6_zk6_4poa3dhcau@hotmail.com | Sent keepalive request[0m
2025-02-15 16:14:51.253 | INFO     | core.bot:perform_farming_actions:565 - [32mAccount: gjdw.jdwu_1icxkaq7d0@hotmail.com | Total points earned: 17389[0m
2025-02-15 16:14:51.257 | INFO     | database.models.accounts:set_sleep_until:70 - Account: gjdw.jdwu_1icxkaq7d0@hotmail.com | Set new sleep_until: 2025-02-15 09:17:51.255388+00:00
2025-02-15 16:14:51.259 | INFO     | __main__:run_module_safe:30 - Account: T6d16d1s9bq9efxt@hotmail.com | Initial farming delay: 3 sec
2025-02-15 16:14:53.090 | SUCCESS  | core.bot:perform_farming_actions:560 - [32mAccount: Ijzu5.jzu52mv6xom710ge2@hotmail.com | Sent keepalive request[0m
2025-02-15 16:14:54.264 | INFO     | core.bot:login_new_account:454 - Account: T6d16d1s9bq9efxt@hotmail.com | Logging in...
2025-02-15 16:14:57.858 | INFO     | core.bot:perform_farming_actions:565 - [32mAccount: Kzk6_zk6_4poa3dhcau@hotmail.com | Total points earned: 19093[0m
2025-02-15 16:14:57.861 | INFO     | database.models.accounts:set_sleep_until:70 - Account: Kzk6_zk6_4poa3dhcau@hotmail.com | Set new sleep_until: 2025-02-15 09:17:57.860129+00:00
2025-02-15 16:14:57.864 | INFO     | __main__:run_module_safe:30 - Account: r3asr5.3asr5cp0c24g@hotmail.com | Initial farming delay: 2 sec
2025-02-15 16:14:59.874 | INFO     | core.bot:login_new_account:454 - Account: r3asr5.3asr5cp0c24g@hotmail.com | Logging in...
2025-02-15 16:15:00.572 | INFO     | core.bot:perform_farming_actions:565 - [32mAccount: Ijzu5.jzu52mv6xom710ge2@hotmail.com | Total points earned: 19093[0m
2025-02-15 16:15:00.575 | INFO     | database.models.accounts:set_sleep_until:70 - Account: Ijzu5.jzu52mv6xom710ge2@hotmail.com | Set new sleep_until: 2025-02-15 09:18:00.574095+00:00
2025-02-15 16:15:00.578 | INFO     | __main__:run_module_safe:30 - Account: Ddt9q.dt9qz3s675tburkx8@hotmail.com | Initial farming delay: 2 sec
2025-02-15 16:15:02.581 | INFO     | core.bot:login_new_account:454 - Account: Ddt9q.dt9qz3s675tburkx8@hotmail.com | Logging in...
2025-02-15 16:15:14.811 | INFO     | core.bot:get_captcha_data:26 - Account: T6d16d1s9bq9efxt@hotmail.com | Got puzzle image, solving...
2025-02-15 16:15:16.150 | SUCCESS  | core.bot:get_captcha_data:32 - Account: T6d16d1s9bq9efxt@hotmail.com | Puzzle solved: 4MQ$GR
2025-02-15 16:15:18.506 | INFO     | core.bot:login_new_account:458 - Account: T6d16d1s9bq9efxt@hotmail.com | Successfully logged in
2025-02-15 16:15:18.979 | SUCCESS  | core.bot:perform_farming_actions:560 - [32mAccount: T6d16d1s9bq9efxt@hotmail.com | Sent keepalive request[0m
2025-02-15 16:15:23.792 | INFO     | core.bot:get_captcha_data:26 - Account: r3asr5.3asr5cp0c24g@hotmail.com | Got puzzle image, solving...
2025-02-15 16:15:24.851 | SUCCESS  | core.bot:get_captcha_data:32 - Account: r3asr5.3asr5cp0c24g@hotmail.com | Puzzle solved: P1=$FE
2025-02-15 16:15:27.300 | INFO     | core.bot:login_new_account:458 - Account: r3asr5.3asr5cp0c24g@hotmail.com | Successfully logged in
2025-02-15 16:15:28.814 | SUCCESS  | core.bot:perform_farming_actions:560 - [32mAccount: r3asr5.3asr5cp0c24g@hotmail.com | Sent keepalive request[0m
2025-02-15 16:15:30.137 | INFO     | core.bot:perform_farming_actions:565 - [32mAccount: T6d16d1s9bq9efxt@hotmail.com | Total points earned: 21182[0m
2025-02-15 16:15:30.140 | INFO     | database.models.accounts:set_sleep_until:70 - Account: T6d16d1s9bq9efxt@hotmail.com | Set new sleep_until: 2025-02-15 09:18:30.139007+00:00
2025-02-15 16:15:30.143 | INFO     | __main__:run_module_safe:30 - Account: tp7ul8.jlbt_f6oc_@hotmail.com | Initial farming delay: 5 sec
2025-02-15 16:15:35.155 | INFO     | core.bot:login_new_account:454 - Account: tp7ul8.jlbt_f6oc_@hotmail.com | Logging in...
2025-02-15 16:15:38.962 | INFO     | core.bot:get_captcha_data:26 - Account: tp7ul8.jlbt_f6oc_@hotmail.com | Got puzzle image, solving...
2025-02-15 16:15:39.484 | INFO     | core.bot:perform_farming_actions:565 - [32mAccount: r3asr5.3asr5cp0c24g@hotmail.com | Total points earned: 23594[0m
2025-02-15 16:15:39.488 | INFO     | database.models.accounts:set_sleep_until:70 - Account: r3asr5.3asr5cp0c24g@hotmail.com | Set new sleep_until: 2025-02-15 09:18:39.486603+00:00
2025-02-15 16:15:39.490 | INFO     | __main__:run_module_safe:30 - Account: fbn8.bn854ds08tvn@hotmail.com | Initial farming delay: 2 sec
2025-02-15 16:15:41.497 | INFO     | core.bot:login_new_account:454 - Account: fbn8.bn854ds08tvn@hotmail.com | Logging in...
2025-02-15 16:15:44.383 | SUCCESS  | core.bot:get_captcha_data:32 - Account: tp7ul8.jlbt_f6oc_@hotmail.com | Puzzle solved: KRDQNA
2025-02-15 16:15:46.666 | INFO     | core.bot:login_new_account:458 - Account: tp7ul8.jlbt_f6oc_@hotmail.com | Successfully logged in
2025-02-15 16:15:48.107 | SUCCESS  | core.bot:perform_farming_actions:560 - [32mAccount: tp7ul8.jlbt_f6oc_@hotmail.com | Sent keepalive request[0m
2025-02-15 16:15:50.570 | INFO     | core.bot:get_captcha_data:26 - Account: fbn8.bn854ds08tvn@hotmail.com | Got puzzle image, solving...
2025-02-15 16:15:50.685 | ERROR    | core.bot:get_captcha_data:62 - Account: Ddt9q.dt9qz3s675tburkx8@hotmail.com | Error occurred while solving captcha (image): Failed to send request after 3 attempts: Failed to perform, curl: (28) Failed to connect to 168.80.26.94 port 8000 after 14036 ms: Couldn't connect to server. See https://curl.se/libcurl/c/libcurl-errors.html first for more details. | Retrying...
2025-02-15 16:15:55.185 | SUCCESS  | core.bot:get_captcha_data:32 - Account: fbn8.bn854ds08tvn@hotmail.com | Puzzle solved: 5KVJYS
2025-02-15 16:15:57.382 | INFO     | core.bot:login_new_account:458 - Account: fbn8.bn854ds08tvn@hotmail.com | Successfully logged in
2025-02-15 16:15:58.606 | INFO     | core.bot:perform_farming_actions:565 - [32mAccount: tp7ul8.jlbt_f6oc_@hotmail.com | Total points earned: 23774[0m
2025-02-15 16:15:58.610 | INFO     | database.models.accounts:set_sleep_until:70 - Account: tp7ul8.jlbt_f6oc_@hotmail.com | Set new sleep_until: 2025-02-15 09:18:58.608476+00:00
2025-02-15 16:15:58.612 | INFO     | __main__:run_module_safe:30 - Account: Dpuvjk.puvjk_g5q8e3ie@hotmail.com | Initial farming delay: 2 sec
2025-02-15 16:16:00.616 | INFO     | core.bot:login_new_account:454 - Account: Dpuvjk.puvjk_g5q8e3ie@hotmail.com | Logging in...
2025-02-15 16:16:03.457 | SUCCESS  | core.bot:perform_farming_actions:560 - [32mAccount: fbn8.bn854ds08tvn@hotmail.com | Sent keepalive request[0m
2025-02-15 16:16:09.627 | INFO     | core.bot:get_captcha_data:26 - Account: Dpuvjk.puvjk_g5q8e3ie@hotmail.com | Got puzzle image, solving...
2025-02-15 16:16:09.702 | INFO     | core.bot:get_captcha_data:26 - Account: Ddt9q.dt9qz3s675tburkx8@hotmail.com | Got puzzle image, solving...
2025-02-15 16:16:12.908 | SUCCESS  | core.bot:get_captcha_data:32 - Account: Dpuvjk.puvjk_g5q8e3ie@hotmail.com | Puzzle solved: =#2$P@
2025-02-15 16:16:13.791 | SUCCESS  | core.bot:get_captcha_data:32 - Account: Ddt9q.dt9qz3s675tburkx8@hotmail.com | Puzzle solved: M323$F
2025-02-15 16:16:15.717 | INFO     | core.bot:login_new_account:458 - Account: Dpuvjk.puvjk_g5q8e3ie@hotmail.com | Successfully logged in
2025-02-15 16:16:16.260 | INFO     | core.bot:login_new_account:458 - Account: Ddt9q.dt9qz3s675tburkx8@hotmail.com | Successfully logged in
2025-02-15 16:16:19.469 | SUCCESS  | core.bot:perform_farming_actions:560 - [32mAccount: Dpuvjk.puvjk_g5q8e3ie@hotmail.com | Sent keepalive request[0m
2025-02-15 16:16:21.326 | INFO     | core.bot:perform_farming_actions:565 - [32mAccount: fbn8.bn854ds08tvn@hotmail.com | Total points earned: 17444[0m
2025-02-15 16:16:21.329 | INFO     | database.models.accounts:set_sleep_until:70 - Account: fbn8.bn854ds08tvn@hotmail.com | Set new sleep_until: 2025-02-15 09:19:21.327930+00:00
2025-02-15 16:16:21.331 | INFO     | __main__:run_module_safe:30 - Account: Aqf0x.qf0xd7stx68j@hotmail.com | Initial farming delay: 2 sec
2025-02-15 16:16:23.336 | INFO     | core.bot:login_new_account:454 - Account: Aqf0x.qf0xd7stx68j@hotmail.com | Logging in...
2025-02-15 16:16:23.827 | SUCCESS  | core.bot:perform_farming_actions:560 - [32mAccount: Ddt9q.dt9qz3s675tburkx8@hotmail.com | Sent keepalive request[0m
2025-02-15 16:16:30.336 | INFO     | core.bot:perform_farming_actions:565 - [32mAccount: Dpuvjk.puvjk_g5q8e3ie@hotmail.com | Total points earned: 22208[0m
2025-02-15 16:16:30.340 | INFO     | database.models.accounts:set_sleep_until:70 - Account: Dpuvjk.puvjk_g5q8e3ie@hotmail.com | Set new sleep_until: 2025-02-15 09:19:30.338208+00:00
2025-02-15 16:16:30.342 | INFO     | __main__:run_module_safe:30 - Account: otk5x.tk5xw50oe1us44r@hotmail.com | Initial farming delay: 5 sec
2025-02-15 16:16:31.061 | INFO     | core.bot:perform_farming_actions:565 - [32mAccount: Ddt9q.dt9qz3s675tburkx8@hotmail.com | Total points earned: 22208[0m
2025-02-15 16:16:31.064 | INFO     | database.models.accounts:set_sleep_until:70 - Account: Ddt9q.dt9qz3s675tburkx8@hotmail.com | Set new sleep_until: 2025-02-15 09:19:31.062830+00:00
2025-02-15 16:16:31.066 | INFO     | __main__:run_module_safe:30 - Account: zwla1e.wla1eeofhor43xrc@hotmail.com | Initial farming delay: 5 sec
2025-02-15 16:16:35.349 | INFO     | core.bot:login_new_account:454 - Account: otk5x.tk5xw50oe1us44r@hotmail.com | Logging in...
2025-02-15 16:16:36.082 | INFO     | core.bot:login_new_account:454 - Account: zwla1e.wla1eeofhor43xrc@hotmail.com | Logging in...
2025-02-15 16:16:48.707 | INFO     | core.bot:get_captcha_data:26 - Account: Aqf0x.qf0xd7stx68j@hotmail.com | Got puzzle image, solving...
2025-02-15 16:16:59.734 | SUCCESS  | core.bot:get_captcha_data:32 - Account: Aqf0x.qf0xd7stx68j@hotmail.com | Puzzle solved: TA=$KQ
2025-02-15 16:17:02.129 | INFO     | core.bot:login_new_account:458 - Account: Aqf0x.qf0xd7stx68j@hotmail.com | Successfully logged in
2025-02-15 16:17:21.744 | SUCCESS  | core.bot:perform_farming_actions:560 - [32mAccount: Aqf0x.qf0xd7stx68j@hotmail.com | Sent keepalive request[0m
2025-02-15 16:17:23.717 | ERROR    | core.bot:get_captcha_data:62 - Account: otk5x.tk5xw50oe1us44r@hotmail.com | Error occurred while solving captcha (image): Failed to send request after 3 attempts: Failed to perform, curl: (28) Failed to connect to 168.81.43.100 port 8000 after 14035 ms: Couldn't connect to server. See https://curl.se/libcurl/c/libcurl-errors.html first for more details. | Retrying...
2025-02-15 16:17:24.177 | ERROR    | core.bot:get_captcha_data:62 - Account: zwla1e.wla1eeofhor43xrc@hotmail.com | Error occurred while solving captcha (image): Failed to send request after 3 attempts: Failed to perform, curl: (28) Failed to connect to 45.93.214.227 port 8000 after 14020 ms: Couldn't connect to server. See https://curl.se/libcurl/c/libcurl-errors.html first for more details. | Retrying...
2025-02-15 16:17:28.681 | INFO     | core.bot:get_captcha_data:26 - Account: zwla1e.wla1eeofhor43xrc@hotmail.com | Got puzzle image, solving...
2025-02-15 16:17:32.338 | INFO     | core.bot:perform_farming_actions:565 - [32mAccount: Aqf0x.qf0xd7stx68j@hotmail.com | Total points earned: 17443[0m
2025-02-15 16:17:32.342 | INFO     | database.models.accounts:set_sleep_until:70 - Account: Aqf0x.qf0xd7stx68j@hotmail.com | Set new sleep_until: 2025-02-15 09:20:32.340464+00:00
2025-02-15 16:17:32.344 | INFO     | __main__:run_module_safe:30 - Account: q153.153br3m5891u@hotmail.com | Initial farming delay: 4 sec
2025-02-15 16:17:36.351 | INFO     | core.bot:login_new_account:454 - Account: q153.153br3m5891u@hotmail.com | Logging in...
2025-02-15 16:17:39.159 | INFO     | core.bot:get_captcha_data:26 - Account: q153.153br3m5891u@hotmail.com | Got puzzle image, solving...
2025-02-15 16:17:39.835 | SUCCESS  | core.bot:get_captcha_data:32 - Account: q153.153br3m5891u@hotmail.com | Puzzle solved: 1WMQ$=
2025-02-15 16:17:41.831 | INFO     | core.bot:login_new_account:458 - Account: q153.153br3m5891u@hotmail.com | Successfully logged in
2025-02-15 16:17:43.494 | SUCCESS  | core.bot:perform_farming_actions:560 - [32mAccount: q153.153br3m5891u@hotmail.com | Sent keepalive request[0m
2025-02-15 16:17:44.024 | INFO     | core.bot:get_captcha_data:26 - Account: otk5x.tk5xw50oe1us44r@hotmail.com | Got puzzle image, solving...
2025-02-15 16:17:48.037 | SUCCESS  | core.bot:get_captcha_data:32 - Account: otk5x.tk5xw50oe1us44r@hotmail.com | Puzzle solved: 5R3&YH
2025-02-15 16:17:50.005 | INFO     | core.bot:login_new_account:458 - Account: otk5x.tk5xw50oe1us44r@hotmail.com | Successfully logged in
2025-02-15 16:17:51.940 | SUCCESS  | core.bot:perform_farming_actions:560 - [32mAccount: otk5x.tk5xw50oe1us44r@hotmail.com | Sent keepalive request[0m
2025-02-15 16:17:53.543 | INFO     | core.bot:perform_farming_actions:565 - [32mAccount: q153.153br3m5891u@hotmail.com | Total points earned: 21101[0m
2025-02-15 16:17:53.547 | INFO     | database.models.accounts:set_sleep_until:70 - Account: q153.153br3m5891u@hotmail.com | Set new sleep_until: 2025-02-15 09:20:53.545608+00:00
2025-02-15 16:17:53.549 | INFO     | __main__:run_module_safe:30 - Account: V6eg.6egi7zjv8fnh@hotmail.com | Initial farming delay: 3 sec
2025-02-15 16:17:56.555 | INFO     | core.bot:login_new_account:454 - Account: V6eg.6egi7zjv8fnh@hotmail.com | Logging in...
2025-02-15 16:18:00.089 | INFO     | core.bot:perform_farming_actions:565 - [32mAccount: otk5x.tk5xw50oe1us44r@hotmail.com | Total points earned: 22824[0m
2025-02-15 16:18:00.092 | INFO     | database.models.accounts:set_sleep_until:70 - Account: otk5x.tk5xw50oe1us44r@hotmail.com | Set new sleep_until: 2025-02-15 09:21:00.090845+00:00
2025-02-15 16:18:00.095 | INFO     | __main__:run_module_safe:30 - Account: Wqz4o_qz4o_k9qyu@hotmail.com | Initial farming delay: 4 sec
2025-02-15 16:18:00.540 | INFO     | core.bot:get_captcha_data:26 - Account: V6eg.6egi7zjv8fnh@hotmail.com | Got puzzle image, solving...
2025-02-15 16:18:01.211 | SUCCESS  | core.bot:get_captcha_data:32 - Account: V6eg.6egi7zjv8fnh@hotmail.com | Puzzle solved: EMVT$A
2025-02-15 16:18:01.675 | SUCCESS  | core.bot:get_captcha_data:32 - Account: zwla1e.wla1eeofhor43xrc@hotmail.com | Puzzle solved: AXS$AP
2025-02-15 16:18:03.683 | INFO     | core.bot:login_new_account:458 - Account: V6eg.6egi7zjv8fnh@hotmail.com | Successfully logged in
2025-02-15 16:18:03.979 | INFO     | core.bot:login_new_account:458 - Account: zwla1e.wla1eeofhor43xrc@hotmail.com | Successfully logged in
2025-02-15 16:18:04.109 | INFO     | core.bot:login_new_account:454 - Account: Wqz4o_qz4o_k9qyu@hotmail.com | Logging in...
2025-02-15 16:18:06.085 | SUCCESS  | core.bot:perform_farming_actions:560 - [32mAccount: zwla1e.wla1eeofhor43xrc@hotmail.com | Sent keepalive request[0m
2025-02-15 16:18:12.439 | INFO     | core.bot:perform_farming_actions:565 - [32mAccount: zwla1e.wla1eeofhor43xrc@hotmail.com | Total points earned: 19478[0m
2025-02-15 16:18:12.442 | INFO     | database.models.accounts:set_sleep_until:70 - Account: zwla1e.wla1eeofhor43xrc@hotmail.com | Set new sleep_until: 2025-02-15 09:21:12.441096+00:00
2025-02-15 16:18:12.445 | INFO     | __main__:run_module_safe:30 - Account: bng3ng3s8hx6hxl0@hotmail.com | Initial farming delay: 4 sec
2025-02-15 16:18:15.061 | SUCCESS  | core.bot:perform_farming_actions:560 - [32mAccount: V6eg.6egi7zjv8fnh@hotmail.com | Sent keepalive request[0m
2025-02-15 16:18:16.454 | INFO     | core.bot:login_new_account:454 - Account: bng3ng3s8hx6hxl0@hotmail.com | Logging in...
2025-02-15 16:18:29.586 | INFO     | core.bot:perform_farming_actions:565 - [32mAccount: V6eg.6egi7zjv8fnh@hotmail.com | Total points earned: 19479[0m
2025-02-15 16:18:29.590 | INFO     | database.models.accounts:set_sleep_until:70 - Account: V6eg.6egi7zjv8fnh@hotmail.com | Set new sleep_until: 2025-02-15 09:21:29.588325+00:00
2025-02-15 16:18:29.592 | INFO     | __main__:run_module_safe:30 - Account: el7re2l7re2pu_00@hotmail.com | Initial farming delay: 4 sec
2025-02-15 16:18:33.609 | INFO     | core.bot:login_new_account:454 - Account: el7re2l7re2pu_00@hotmail.com | Logging in...
2025-02-15 16:18:37.874 | INFO     | core.bot:get_captcha_data:26 - Account: el7re2l7re2pu_00@hotmail.com | Got puzzle image, solving...
2025-02-15 16:18:37.967 | INFO     | core.bot:get_captcha_data:26 - Account: bng3ng3s8hx6hxl0@hotmail.com | Got puzzle image, solving...
2025-02-15 16:18:42.342 | SUCCESS  | core.bot:get_captcha_data:32 - Account: bng3ng3s8hx6hxl0@hotmail.com | Puzzle solved: BGSEY3
2025-02-15 16:18:44.261 | INFO     | core.bot:login_new_account:458 - Account: bng3ng3s8hx6hxl0@hotmail.com | Successfully logged in
2025-02-15 16:18:51.817 | SUCCESS  | core.bot:perform_farming_actions:560 - [32mAccount: bng3ng3s8hx6hxl0@hotmail.com | Sent keepalive request[0m
2025-02-15 16:18:52.187 | ERROR    | core.bot:get_captcha_data:62 - Account: Wqz4o_qz4o_k9qyu@hotmail.com | Error occurred while solving captcha (image): Failed to send request after 3 attempts: Failed to perform, curl: (28) Failed to connect to 45.93.213.41 port 8000 after 14015 ms: Couldn't connect to server. See https://curl.se/libcurl/c/libcurl-errors.html first for more details. | Retrying...
2025-02-15 16:19:01.286 | INFO     | core.bot:perform_farming_actions:565 - [32mAccount: bng3ng3s8hx6hxl0@hotmail.com | Total points earned: 22326[0m
2025-02-15 16:19:01.289 | INFO     | database.models.accounts:set_sleep_until:70 - Account: bng3ng3s8hx6hxl0@hotmail.com | Set new sleep_until: 2025-02-15 09:22:01.288036+00:00
2025-02-15 16:19:01.292 | INFO     | __main__:run_module_safe:30 - Account: i4aglo.4agloxtiii@hotmail.com | Initial farming delay: 5 sec
2025-02-15 16:19:03.337 | SUCCESS  | core.bot:get_captcha_data:32 - Account: el7re2l7re2pu_00@hotmail.com | Puzzle solved: ErVy4P
2025-02-15 16:19:06.301 | INFO     | core.bot:login_new_account:454 - Account: i4aglo.4agloxtiii@hotmail.com | Logging in...
2025-02-15 16:19:07.051 | WARNING  | core.bot:login_new_account:466 - Account: el7re2l7re2pu_00@hotmail.com | Captcha answer incorrect, re-solving...
2025-02-15 16:19:07.404 | INFO     | core.bot:login_new_account:454 - Account: el7re2l7re2pu_00@hotmail.com | Logging in...
2025-02-15 16:19:09.139 | INFO     | core.bot:get_captcha_data:26 - Account: el7re2l7re2pu_00@hotmail.com | Got puzzle image, solving...
2025-02-15 16:19:09.853 | SUCCESS  | core.bot:get_captcha_data:32 - Account: el7re2l7re2pu_00@hotmail.com | Puzzle solved: 3WDM=2
2025-02-15 16:19:11.738 | INFO     | core.bot:login_new_account:458 - Account: el7re2l7re2pu_00@hotmail.com | Successfully logged in
2025-02-15 16:19:12.356 | SUCCESS  | core.bot:perform_farming_actions:560 - [32mAccount: el7re2l7re2pu_00@hotmail.com | Sent keepalive request[0m
2025-02-15 16:19:23.599 | INFO     | core.bot:perform_farming_actions:565 - [32mAccount: el7re2l7re2pu_00@hotmail.com | Total points earned: 24453[0m
2025-02-15 16:19:23.602 | INFO     | database.models.accounts:set_sleep_until:70 - Account: el7re2l7re2pu_00@hotmail.com | Set new sleep_until: 2025-02-15 09:22:23.600893+00:00
2025-02-15 16:19:23.604 | INFO     | __main__:run_module_safe:30 - Account: zp99p99oagz4aqz5g2@hotmail.com | Initial farming delay: 3 sec
2025-02-15 16:19:25.828 | INFO     | core.bot:get_captcha_data:26 - Account: i4aglo.4agloxtiii@hotmail.com | Got puzzle image, solving...
2025-02-15 16:19:26.621 | INFO     | core.bot:login_new_account:454 - Account: zp99p99oagz4aqz5g2@hotmail.com | Logging in...
2025-02-15 16:19:30.757 | INFO     | core.bot:get_captcha_data:26 - Account: Wqz4o_qz4o_k9qyu@hotmail.com | Got puzzle image, solving...
2025-02-15 16:19:31.229 | INFO     | core.bot:get_captcha_data:26 - Account: zp99p99oagz4aqz5g2@hotmail.com | Got puzzle image, solving...
2025-02-15 16:19:31.932 | SUCCESS  | core.bot:get_captcha_data:32 - Account: zp99p99oagz4aqz5g2@hotmail.com | Puzzle solved: QYEPQJ
2025-02-15 16:19:32.614 | SUCCESS  | core.bot:get_captcha_data:32 - Account: Wqz4o_qz4o_k9qyu@hotmail.com | Puzzle solved: Q@&C25
2025-02-15 16:19:34.029 | INFO     | core.bot:login_new_account:458 - Account: zp99p99oagz4aqz5g2@hotmail.com | Successfully logged in
2025-02-15 16:19:34.846 | INFO     | core.bot:login_new_account:458 - Account: Wqz4o_qz4o_k9qyu@hotmail.com | Successfully logged in
2025-02-15 16:19:35.969 | SUCCESS  | core.bot:perform_farming_actions:560 - [32mAccount: zp99p99oagz4aqz5g2@hotmail.com | Sent keepalive request[0m
2025-02-15 16:19:40.674 | SUCCESS  | core.bot:perform_farming_actions:560 - [32mAccount: Wqz4o_qz4o_k9qyu@hotmail.com | Sent keepalive request[0m
2025-02-15 16:19:44.515 | ERROR    | core.bot:get_captcha_data:40 - Account: i4aglo.4agloxtiii@hotmail.com | Failed to solve puzzle: GGNQD | Retrying...
2025-02-15 16:19:46.531 | INFO     | core.bot:get_captcha_data:26 - Account: i4aglo.4agloxtiii@hotmail.com | Got puzzle image, solving...
2025-02-15 16:19:47.233 | SUCCESS  | core.bot:get_captcha_data:32 - Account: i4aglo.4agloxtiii@hotmail.com | Puzzle solved: 5X1DHD
2025-02-15 16:19:49.604 | INFO     | core.bot:login_new_account:458 - Account: i4aglo.4agloxtiii@hotmail.com | Successfully logged in
2025-02-15 16:19:49.801 | INFO     | core.bot:perform_farming_actions:565 - [32mAccount: zp99p99oagz4aqz5g2@hotmail.com | Total points earned: 17416[0m
2025-02-15 16:19:49.804 | INFO     | database.models.accounts:set_sleep_until:70 - Account: zp99p99oagz4aqz5g2@hotmail.com | Set new sleep_until: 2025-02-15 09:22:49.802809+00:00
2025-02-15 16:19:49.807 | INFO     | __main__:run_module_safe:30 - Account: tjp1jp1a862kea9g@hotmail.com | Initial farming delay: 5 sec
2025-02-15 16:19:51.569 | SUCCESS  | core.bot:perform_farming_actions:560 - [32mAccount: i4aglo.4agloxtiii@hotmail.com | Sent keepalive request[0m
2025-02-15 16:19:51.835 | INFO     | core.bot:perform_farming_actions:565 - [32mAccount: Wqz4o_qz4o_k9qyu@hotmail.com | Total points earned: 17416[0m
2025-02-15 16:19:51.838 | INFO     | database.models.accounts:set_sleep_until:70 - Account: Wqz4o_qz4o_k9qyu@hotmail.com | Set new sleep_until: 2025-02-15 09:22:51.836895+00:00
2025-02-15 16:19:51.841 | INFO     | __main__:run_module_safe:30 - Account: ake1lpke1lpbrwmb@hotmail.com | Initial farming delay: 5 sec
2025-02-15 16:19:54.815 | INFO     | core.bot:login_new_account:454 - Account: tjp1jp1a862kea9g@hotmail.com | Logging in...
2025-02-15 16:19:56.845 | INFO     | core.bot:login_new_account:454 - Account: ake1lpke1lpbrwmb@hotmail.com | Logging in...
2025-02-15 16:19:58.718 | INFO     | core.bot:get_captcha_data:26 - Account: tjp1jp1a862kea9g@hotmail.com | Got puzzle image, solving...
2025-02-15 16:19:59.422 | SUCCESS  | core.bot:get_captcha_data:32 - Account: tjp1jp1a862kea9g@hotmail.com | Puzzle solved: D&=1Q4
2025-02-15 16:20:00.513 | INFO     | core.bot:get_captcha_data:26 - Account: ake1lpke1lpbrwmb@hotmail.com | Got puzzle image, solving...
2025-02-15 16:20:01.794 | INFO     | core.bot:perform_farming_actions:565 - [32mAccount: i4aglo.4agloxtiii@hotmail.com | Total points earned: 22144[0m
2025-02-15 16:20:01.798 | INFO     | database.models.accounts:set_sleep_until:70 - Account: i4aglo.4agloxtiii@hotmail.com | Set new sleep_until: 2025-02-15 09:23:01.796672+00:00
2025-02-15 16:20:01.801 | INFO     | __main__:run_module_safe:30 - Account: Fw11.w11kvdfvn2jly4@hotmail.com | Initial farming delay: 3 sec
2025-02-15 16:20:01.906 | INFO     | core.bot:login_new_account:458 - Account: tjp1jp1a862kea9g@hotmail.com | Successfully logged in
2025-02-15 16:20:04.520 | SUCCESS  | core.bot:get_captcha_data:32 - Account: ake1lpke1lpbrwmb@hotmail.com | Puzzle solved: XW88NK
2025-02-15 16:20:04.816 | INFO     | core.bot:login_new_account:454 - Account: Fw11.w11kvdfvn2jly4@hotmail.com | Logging in...
2025-02-15 16:20:05.341 | SUCCESS  | core.bot:perform_farming_actions:560 - [32mAccount: tjp1jp1a862kea9g@hotmail.com | Sent keepalive request[0m
2025-02-15 16:20:08.416 | INFO     | core.bot:login_new_account:458 - Account: ake1lpke1lpbrwmb@hotmail.com | Successfully logged in
2025-02-15 16:20:09.279 | INFO     | core.bot:get_captcha_data:26 - Account: Fw11.w11kvdfvn2jly4@hotmail.com | Got puzzle image, solving...
2025-02-15 16:20:13.249 | SUCCESS  | core.bot:get_captcha_data:32 - Account: Fw11.w11kvdfvn2jly4@hotmail.com | Puzzle solved: ==R8PH
2025-02-15 16:20:14.458 | SUCCESS  | core.bot:perform_farming_actions:560 - [32mAccount: ake1lpke1lpbrwmb@hotmail.com | Sent keepalive request[0m
2025-02-15 16:20:15.641 | INFO     | core.bot:login_new_account:458 - Account: Fw11.w11kvdfvn2jly4@hotmail.com | Successfully logged in
2025-02-15 16:20:16.084 | INFO     | core.bot:perform_farming_actions:565 - [32mAccount: tjp1jp1a862kea9g@hotmail.com | Total points earned: 24581[0m
2025-02-15 16:20:16.088 | INFO     | database.models.accounts:set_sleep_until:70 - Account: tjp1jp1a862kea9g@hotmail.com | Set new sleep_until: 2025-02-15 09:23:16.086311+00:00
2025-02-15 16:20:16.090 | INFO     | __main__:run_module_safe:30 - Account: Svwn5n.vwn5nr8juh@hotmail.com | Initial farming delay: 2 sec
2025-02-15 16:20:16.390 | SUCCESS  | core.bot:perform_farming_actions:560 - [32mAccount: Fw11.w11kvdfvn2jly4@hotmail.com | Sent keepalive request[0m
2025-02-15 16:20:18.094 | INFO     | core.bot:login_new_account:454 - Account: Svwn5n.vwn5nr8juh@hotmail.com | Logging in...
2025-02-15 16:20:19.794 | INFO     | core.bot:get_captcha_data:26 - Account: Svwn5n.vwn5nr8juh@hotmail.com | Got puzzle image, solving...
2025-02-15 16:20:25.517 | INFO     | core.bot:perform_farming_actions:565 - [32mAccount: ake1lpke1lpbrwmb@hotmail.com | Total points earned: 18037[0m
2025-02-15 16:20:25.520 | INFO     | database.models.accounts:set_sleep_until:70 - Account: ake1lpke1lpbrwmb@hotmail.com | Set new sleep_until: 2025-02-15 09:23:25.518746+00:00
2025-02-15 16:20:25.522 | INFO     | __main__:run_module_safe:30 - Account: vbzsfbzsfqida4b9vlr@hotmail.com | Initial farming delay: 5 sec
2025-02-15 16:20:29.806 | ERROR    | core.bot:get_captcha_data:40 - Account: Svwn5n.vwn5nr8juh@hotmail.com | Failed to solve puzzle: An unexpected error occurred:  | Retrying...
2025-02-15 16:20:30.533 | INFO     | core.bot:login_new_account:454 - Account: vbzsfbzsfqida4b9vlr@hotmail.com | Logging in...
2025-02-15 16:20:31.173 | INFO     | core.bot:get_captcha_data:26 - Account: Svwn5n.vwn5nr8juh@hotmail.com | Got puzzle image, solving...
2025-02-15 16:20:32.491 | SUCCESS  | core.bot:get_captcha_data:32 - Account: Svwn5n.vwn5nr8juh@hotmail.com | Puzzle solved: =TC3CM
2025-02-15 16:20:34.775 | INFO     | core.bot:login_new_account:458 - Account: Svwn5n.vwn5nr8juh@hotmail.com | Successfully logged in
2025-02-15 16:20:35.842 | SUCCESS  | core.bot:perform_farming_actions:560 - [32mAccount: Svwn5n.vwn5nr8juh@hotmail.com | Sent keepalive request[0m
2025-02-15 16:20:36.847 | INFO     | core.bot:perform_farming_actions:565 - [32mAccount: Fw11.w11kvdfvn2jly4@hotmail.com | Total points earned: 21992[0m
2025-02-15 16:20:36.851 | INFO     | database.models.accounts:set_sleep_until:70 - Account: Fw11.w11kvdfvn2jly4@hotmail.com | Set new sleep_until: 2025-02-15 09:23:36.849401+00:00
2025-02-15 16:20:36.853 | INFO     | __main__:run_module_safe:30 - Account: L9l6y.9l6yl9n_c8q@hotmail.com | Initial farming delay: 2 sec
2025-02-15 16:20:38.857 | INFO     | core.bot:login_new_account:454 - Account: L9l6y.9l6yl9n_c8q@hotmail.com | Logging in...
2025-02-15 16:20:41.090 | INFO     | core.bot:get_captcha_data:26 - Account: L9l6y.9l6yl9n_c8q@hotmail.com | Got puzzle image, solving...
2025-02-15 16:20:47.569 | INFO     | core.bot:perform_farming_actions:565 - [32mAccount: Svwn5n.vwn5nr8juh@hotmail.com | Total points earned: 17714[0m
2025-02-15 16:20:47.573 | INFO     | database.models.accounts:set_sleep_until:70 - Account: Svwn5n.vwn5nr8juh@hotmail.com | Set new sleep_until: 2025-02-15 09:23:47.571236+00:00
2025-02-15 16:20:47.575 | INFO     | __main__:run_module_safe:30 - Account: thpna.hpnad3pvpg0@hotmail.com | Initial farming delay: 5 sec
2025-02-15 16:20:52.589 | INFO     | core.bot:login_new_account:454 - Account: thpna.hpnad3pvpg0@hotmail.com | Logging in...
2025-02-15 16:20:54.371 | INFO     | core.bot:get_captcha_data:26 - Account: thpna.hpnad3pvpg0@hotmail.com | Got puzzle image, solving...
2025-02-15 16:20:58.378 | SUCCESS  | core.bot:get_captcha_data:32 - Account: thpna.hpnad3pvpg0@hotmail.com | Puzzle solved: BRYCV5
2025-02-15 16:21:00.656 | INFO     | core.bot:login_new_account:458 - Account: thpna.hpnad3pvpg0@hotmail.com | Successfully logged in
2025-02-15 16:21:02.831 | SUCCESS  | core.bot:perform_farming_actions:560 - [32mAccount: thpna.hpnad3pvpg0@hotmail.com | Sent keepalive request[0m
2025-02-15 16:21:10.422 | SUCCESS  | core.bot:get_captcha_data:32 - Account: L9l6y.9l6yl9n_c8q@hotmail.com | Puzzle solved: 0300DB
2025-02-15 16:21:11.210 | WARNING  | core.bot:login_new_account:466 - Account: L9l6y.9l6yl9n_c8q@hotmail.com | Captcha answer incorrect, re-solving...
2025-02-15 16:21:11.544 | INFO     | core.bot:login_new_account:454 - Account: L9l6y.9l6yl9n_c8q@hotmail.com | Logging in...
2025-02-15 16:21:12.967 | INFO     | core.bot:get_captcha_data:26 - Account: L9l6y.9l6yl9n_c8q@hotmail.com | Got puzzle image, solving...
2025-02-15 16:21:13.640 | SUCCESS  | core.bot:get_captcha_data:32 - Account: L9l6y.9l6yl9n_c8q@hotmail.com | Puzzle solved: TMDB4X
2025-02-15 16:21:15.721 | INFO     | core.bot:login_new_account:458 - Account: L9l6y.9l6yl9n_c8q@hotmail.com | Successfully logged in
2025-02-15 16:21:17.037 | INFO     | core.bot:perform_farming_actions:565 - [32mAccount: thpna.hpnad3pvpg0@hotmail.com | Total points earned: 23285[0m
2025-02-15 16:21:17.041 | INFO     | database.models.accounts:set_sleep_until:70 - Account: thpna.hpnad3pvpg0@hotmail.com | Set new sleep_until: 2025-02-15 09:24:17.039347+00:00
2025-02-15 16:21:17.043 | INFO     | __main__:run_module_safe:30 - Account: Fx67.x67d2tn0ljalnj@hotmail.com | Initial farming delay: 5 sec
2025-02-15 16:21:18.603 | ERROR    | core.bot:get_captcha_data:62 - Account: vbzsfbzsfqida4b9vlr@hotmail.com | Error occurred while solving captcha (image): Failed to send request after 3 attempts: Failed to perform, curl: (28) Failed to connect to 103.74.79.140 port 8000 after 14016 ms: Couldn't connect to server. See https://curl.se/libcurl/c/libcurl-errors.html first for more details. | Retrying...
2025-02-15 16:21:19.705 | SUCCESS  | core.bot:perform_farming_actions:560 - [32mAccount: L9l6y.9l6yl9n_c8q@hotmail.com | Sent keepalive request[0m
2025-02-15 16:21:22.052 | INFO     | core.bot:login_new_account:454 - Account: Fx67.x67d2tn0ljalnj@hotmail.com | Logging in...
2025-02-15 16:21:28.594 | INFO     | core.bot:perform_farming_actions:565 - [32mAccount: L9l6y.9l6yl9n_c8q@hotmail.com | Total points earned: 21315[0m
2025-02-15 16:21:28.598 | INFO     | database.models.accounts:set_sleep_until:70 - Account: L9l6y.9l6yl9n_c8q@hotmail.com | Set new sleep_until: 2025-02-15 09:24:28.596750+00:00
2025-02-15 16:21:28.601 | INFO     | __main__:run_module_safe:30 - Account: lt1pw.t1pw8fnc8c3ou9s@hotmail.com | Initial farming delay: 5 sec
2025-02-15 16:21:33.603 | INFO     | core.bot:login_new_account:454 - Account: lt1pw.t1pw8fnc8c3ou9s@hotmail.com | Logging in...
2025-02-15 16:21:44.541 | INFO     | core.bot:get_captcha_data:26 - Account: vbzsfbzsfqida4b9vlr@hotmail.com | Got puzzle image, solving...
2025-02-15 16:21:47.989 | INFO     | core.bot:get_captcha_data:26 - Account: Fx67.x67d2tn0ljalnj@hotmail.com | Got puzzle image, solving...
2025-02-15 16:21:49.446 | SUCCESS  | core.bot:get_captcha_data:32 - Account: vbzsfbzsfqida4b9vlr@hotmail.com | Puzzle solved: DH@5$H
2025-02-15 16:21:51.950 | INFO     | core.bot:login_new_account:458 - Account: vbzsfbzsfqida4b9vlr@hotmail.com | Successfully logged in
2025-02-15 16:21:52.027 | SUCCESS  | core.bot:get_captcha_data:32 - Account: Fx67.x67d2tn0ljalnj@hotmail.com | Puzzle solved: K$M&EH
2025-02-15 16:21:54.032 | SUCCESS  | core.bot:perform_farming_actions:560 - [32mAccount: vbzsfbzsfqida4b9vlr@hotmail.com | Sent keepalive request[0m
2025-02-15 16:21:54.235 | INFO     | core.bot:login_new_account:458 - Account: Fx67.x67d2tn0ljalnj@hotmail.com | Successfully logged in
2025-02-15 16:21:54.575 | INFO     | core.bot:get_captcha_data:26 - Account: lt1pw.t1pw8fnc8c3ou9s@hotmail.com | Got puzzle image, solving...
2025-02-15 16:21:55.274 | SUCCESS  | core.bot:get_captcha_data:32 - Account: lt1pw.t1pw8fnc8c3ou9s@hotmail.com | Puzzle solved: XJHX=T
2025-02-15 16:21:56.032 | SUCCESS  | core.bot:perform_farming_actions:560 - [32mAccount: Fx67.x67d2tn0ljalnj@hotmail.com | Sent keepalive request[0m
2025-02-15 16:22:06.495 | INFO     | core.bot:perform_farming_actions:565 - [32mAccount: vbzsfbzsfqida4b9vlr@hotmail.com | Total points earned: 17492[0m
2025-02-15 16:22:06.499 | INFO     | database.models.accounts:set_sleep_until:70 - Account: vbzsfbzsfqida4b9vlr@hotmail.com | Set new sleep_until: 2025-02-15 09:25:06.497741+00:00
2025-02-15 16:22:06.501 | INFO     | __main__:run_module_safe:30 - Account: ul_f.l_fzij3kua08@hotmail.com | Initial farming delay: 3 sec
2025-02-15 16:22:09.510 | INFO     | core.bot:login_new_account:454 - Account: ul_f.l_fzij3kua08@hotmail.com | Logging in...
2025-02-15 16:22:11.550 | INFO     | core.bot:get_captcha_data:26 - Account: ul_f.l_fzij3kua08@hotmail.com | Got puzzle image, solving...
2025-02-15 16:22:12.643 | SUCCESS  | core.bot:get_captcha_data:32 - Account: ul_f.l_fzij3kua08@hotmail.com | Puzzle solved: 1MHQBS
2025-02-15 16:22:14.645 | INFO     | core.bot:login_new_account:458 - Account: ul_f.l_fzij3kua08@hotmail.com | Successfully logged in
2025-02-15 16:22:19.546 | SUCCESS  | core.bot:perform_farming_actions:560 - [32mAccount: ul_f.l_fzij3kua08@hotmail.com | Sent keepalive request[0m
2025-02-15 16:22:23.201 | INFO     | core.bot:perform_farming_actions:565 - [32mAccount: Fx67.x67d2tn0ljalnj@hotmail.com | Total points earned: 17393[0m
2025-02-15 16:22:23.205 | INFO     | database.models.accounts:set_sleep_until:70 - Account: Fx67.x67d2tn0ljalnj@hotmail.com | Set new sleep_until: 2025-02-15 09:25:23.203450+00:00
2025-02-15 16:22:23.207 | INFO     | __main__:run_module_safe:30 - Account: co3bm.ihtto4km7dx@hotmail.com | Initial farming delay: 5 sec
2025-02-15 16:22:28.215 | INFO     | core.bot:login_new_account:454 - Account: co3bm.ihtto4km7dx@hotmail.com | Logging in...
2025-02-15 16:22:30.192 | INFO     | core.bot:login_new_account:458 - Account: lt1pw.t1pw8fnc8c3ou9s@hotmail.com | Successfully logged in
2025-02-15 16:22:32.338 | SUCCESS  | core.bot:perform_farming_actions:560 - [32mAccount: lt1pw.t1pw8fnc8c3ou9s@hotmail.com | Sent keepalive request[0m
2025-02-15 16:22:36.303 | INFO     | core.bot:perform_farming_actions:565 - [32mAccount: ul_f.l_fzij3kua08@hotmail.com | Total points earned: 23251[0m
2025-02-15 16:22:36.306 | INFO     | database.models.accounts:set_sleep_until:70 - Account: ul_f.l_fzij3kua08@hotmail.com | Set new sleep_until: 2025-02-15 09:25:36.305060+00:00
2025-02-15 16:22:36.309 | INFO     | __main__:run_module_safe:30 - Account: rdjfx5.djfx5mzkns@hotmail.com | Initial farming delay: 5 sec
2025-02-15 16:22:36.811 | INFO     | core.bot:get_captcha_data:26 - Account: co3bm.ihtto4km7dx@hotmail.com | Got puzzle image, solving...
2025-02-15 16:22:39.881 | SUCCESS  | core.bot:get_captcha_data:32 - Account: co3bm.ihtto4km7dx@hotmail.com | Puzzle solved: TKXRED
2025-02-15 16:22:41.317 | INFO     | core.bot:login_new_account:454 - Account: rdjfx5.djfx5mzkns@hotmail.com | Logging in...
2025-02-15 16:22:42.083 | INFO     | core.bot:login_new_account:458 - Account: co3bm.ihtto4km7dx@hotmail.com | Successfully logged in
2025-02-15 16:22:43.749 | SUCCESS  | core.bot:perform_farming_actions:560 - [32mAccount: co3bm.ihtto4km7dx@hotmail.com | Sent keepalive request[0m
2025-02-15 16:22:45.581 | INFO     | core.bot:perform_farming_actions:565 - [32mAccount: lt1pw.t1pw8fnc8c3ou9s@hotmail.com | Total points earned: 24330[0m
2025-02-15 16:22:45.585 | INFO     | database.models.accounts:set_sleep_until:70 - Account: lt1pw.t1pw8fnc8c3ou9s@hotmail.com | Set new sleep_until: 2025-02-15 09:25:45.582894+00:00
2025-02-15 16:22:45.587 | INFO     | __main__:run_module_safe:30 - Account: Ayimc.yimcwvslx36@hotmail.com | Initial farming delay: 3 sec
2025-02-15 16:22:48.602 | INFO     | core.bot:login_new_account:454 - Account: Ayimc.yimcwvslx36@hotmail.com | Logging in...
2025-02-15 16:22:52.219 | INFO     | core.bot:perform_farming_actions:565 - [32mAccount: co3bm.ihtto4km7dx@hotmail.com | Total points earned: 23147[0m
2025-02-15 16:22:52.223 | INFO     | database.models.accounts:set_sleep_until:70 - Account: co3bm.ihtto4km7dx@hotmail.com | Set new sleep_until: 2025-02-15 09:25:52.221628+00:00
2025-02-15 16:22:52.225 | INFO     | __main__:run_module_safe:30 - Account: vrrvhcrrvhcyaulr@hotmail.com | Initial farming delay: 5 sec
2025-02-15 16:22:57.232 | INFO     | core.bot:login_new_account:454 - Account: vrrvhcrrvhcyaulr@hotmail.com | Logging in...
2025-02-15 16:23:16.371 | INFO     | core.bot:get_captcha_data:26 - Account: vrrvhcrrvhcyaulr@hotmail.com | Got puzzle image, solving...
2025-02-15 16:23:17.478 | INFO     | core.bot:get_captcha_data:26 - Account: rdjfx5.djfx5mzkns@hotmail.com | Got puzzle image, solving...
2025-02-15 16:23:19.219 | SUCCESS  | core.bot:get_captcha_data:32 - Account: vrrvhcrrvhcyaulr@hotmail.com | Puzzle solved: K=412T
2025-02-15 16:23:21.074 | INFO     | core.bot:login_new_account:458 - Account: vrrvhcrrvhcyaulr@hotmail.com | Successfully logged in
2025-02-15 16:23:27.206 | SUCCESS  | core.bot:perform_farming_actions:560 - [32mAccount: vrrvhcrrvhcyaulr@hotmail.com | Sent keepalive request[0m
2025-02-15 16:23:27.482 | ERROR    | core.bot:get_captcha_data:40 - Account: rdjfx5.djfx5mzkns@hotmail.com | Failed to solve puzzle: An unexpected error occurred:  | Retrying...
2025-02-15 16:23:29.140 | INFO     | core.bot:get_captcha_data:26 - Account: rdjfx5.djfx5mzkns@hotmail.com | Got puzzle image, solving...
2025-02-15 16:23:30.142 | SUCCESS  | core.bot:get_captcha_data:32 - Account: rdjfx5.djfx5mzkns@hotmail.com | Puzzle solved: HPNW#3
2025-02-15 16:23:32.102 | INFO     | core.bot:login_new_account:458 - Account: rdjfx5.djfx5mzkns@hotmail.com | Successfully logged in
2025-02-15 16:23:32.483 | SUCCESS  | core.bot:perform_farming_actions:560 - [32mAccount: rdjfx5.djfx5mzkns@hotmail.com | Sent keepalive request[0m
2025-02-15 16:23:35.411 | ERROR    | core.bot:get_captcha_data:62 - Account: Ayimc.yimcwvslx36@hotmail.com | Error occurred while solving captcha (image): Failed to send request after 3 attempts: Failed to perform, curl: (28) Failed to connect to 138.99.37.230 port 9437 after 14022 ms: Couldn't connect to server. See https://curl.se/libcurl/c/libcurl-errors.html first for more details. | Retrying...
2025-02-15 16:23:40.040 | INFO     | core.bot:perform_farming_actions:565 - [32mAccount: vrrvhcrrvhcyaulr@hotmail.com | Total points earned: 23458[0m
2025-02-15 16:23:40.043 | INFO     | database.models.accounts:set_sleep_until:70 - Account: vrrvhcrrvhcyaulr@hotmail.com | Set new sleep_until: 2025-02-15 09:26:40.042162+00:00
2025-02-15 16:23:40.046 | INFO     | __main__:run_module_safe:30 - Account: pzb8zb8zxhn6kv00w2cdhn@hotmail.com | Initial farming delay: 4 sec
2025-02-15 16:23:44.051 | INFO     | core.bot:login_new_account:454 - Account: pzb8zb8zxhn6kv00w2cdhn@hotmail.com | Logging in...
2025-02-15 16:23:44.534 | INFO     | core.bot:get_captcha_data:26 - Account: Ayimc.yimcwvslx36@hotmail.com | Got puzzle image, solving...
2025-02-15 16:23:46.684 | INFO     | core.bot:perform_farming_actions:565 - [32mAccount: rdjfx5.djfx5mzkns@hotmail.com | Total points earned: 26151[0m
2025-02-15 16:23:46.688 | INFO     | database.models.accounts:set_sleep_until:70 - Account: rdjfx5.djfx5mzkns@hotmail.com | Set new sleep_until: 2025-02-15 09:26:46.686508+00:00
2025-02-15 16:23:46.690 | INFO     | __main__:run_module_safe:30 - Account: tu1e.u1epr_qldt7mjbokgx@hotmail.com | Initial farming delay: 3 sec
2025-02-15 16:23:49.697 | INFO     | core.bot:login_new_account:454 - Account: tu1e.u1epr_qldt7mjbokgx@hotmail.com | Logging in...
2025-02-15 16:23:50.000 | SUCCESS  | core.bot:get_captcha_data:32 - Account: Ayimc.yimcwvslx36@hotmail.com | Puzzle solved: HSG&X2
2025-02-15 16:23:50.459 | INFO     | core.bot:get_captcha_data:26 - Account: pzb8zb8zxhn6kv00w2cdhn@hotmail.com | Got puzzle image, solving...
2025-02-15 16:23:51.170 | SUCCESS  | core.bot:get_captcha_data:32 - Account: pzb8zb8zxhn6kv00w2cdhn@hotmail.com | Puzzle solved: MBSHS&
2025-02-15 16:23:52.203 | INFO     | core.bot:login_new_account:458 - Account: Ayimc.yimcwvslx36@hotmail.com | Successfully logged in
2025-02-15 16:23:53.205 | INFO     | core.bot:login_new_account:458 - Account: pzb8zb8zxhn6kv00w2cdhn@hotmail.com | Successfully logged in
2025-02-15 16:23:54.136 | SUCCESS  | core.bot:perform_farming_actions:560 - [32mAccount: Ayimc.yimcwvslx36@hotmail.com | Sent keepalive request[0m
2025-02-15 16:24:00.266 | SUCCESS  | core.bot:perform_farming_actions:560 - [32mAccount: pzb8zb8zxhn6kv00w2cdhn@hotmail.com | Sent keepalive request[0m
2025-02-15 16:24:03.964 | INFO     | core.bot:perform_farming_actions:565 - [32mAccount: Ayimc.yimcwvslx36@hotmail.com | Total points earned: 17226[0m
2025-02-15 16:24:03.967 | INFO     | database.models.accounts:set_sleep_until:70 - Account: Ayimc.yimcwvslx36@hotmail.com | Set new sleep_until: 2025-02-15 09:27:03.966055+00:00
2025-02-15 16:24:03.970 | INFO     | __main__:run_module_safe:30 - Account: vn02j.n02j5q3hvhd@hotmail.com | Initial farming delay: 3 sec
2025-02-15 16:24:06.978 | INFO     | core.bot:login_new_account:454 - Account: vn02j.n02j5q3hvhd@hotmail.com | Logging in...
2025-02-15 16:24:12.246 | INFO     | core.bot:get_captcha_data:26 - Account: vn02j.n02j5q3hvhd@hotmail.com | Got puzzle image, solving...
2025-02-15 16:24:15.591 | SUCCESS  | core.bot:get_captcha_data:32 - Account: vn02j.n02j5q3hvhd@hotmail.com | Puzzle solved: GCVV3V
2025-02-15 16:24:18.139 | INFO     | core.bot:login_new_account:458 - Account: vn02j.n02j5q3hvhd@hotmail.com | Successfully logged in
2025-02-15 16:24:18.711 | INFO     | core.bot:perform_farming_actions:565 - [32mAccount: pzb8zb8zxhn6kv00w2cdhn@hotmail.com | Total points earned: 17226[0m
2025-02-15 16:24:18.714 | INFO     | database.models.accounts:set_sleep_until:70 - Account: pzb8zb8zxhn6kv00w2cdhn@hotmail.com | Set new sleep_until: 2025-02-15 09:27:18.713080+00:00
2025-02-15 16:24:18.717 | INFO     | __main__:run_module_safe:30 - Account: P74f.74furpukh9kx@hotmail.com | Initial farming delay: 2 sec
2025-02-15 16:24:20.721 | INFO     | core.bot:login_new_account:454 - Account: P74f.74furpukh9kx@hotmail.com | Logging in...
2025-02-15 16:24:25.263 | SUCCESS  | core.bot:perform_farming_actions:560 - [32mAccount: vn02j.n02j5q3hvhd@hotmail.com | Sent keepalive request[0m
2025-02-15 16:24:32.230 | INFO     | core.bot:get_captcha_data:26 - Account: tu1e.u1epr_qldt7mjbokgx@hotmail.com | Got puzzle image, solving...
2025-02-15 16:24:36.349 | SUCCESS  | core.bot:get_captcha_data:32 - Account: tu1e.u1epr_qldt7mjbokgx@hotmail.com | Puzzle solved: &YF@#C
2025-02-15 16:24:37.741 | INFO     | core.bot:perform_farming_actions:565 - [32mAccount: vn02j.n02j5q3hvhd@hotmail.com | Total points earned: 24678[0m
2025-02-15 16:24:37.745 | INFO     | database.models.accounts:set_sleep_until:70 - Account: vn02j.n02j5q3hvhd@hotmail.com | Set new sleep_until: 2025-02-15 09:27:37.743697+00:00
2025-02-15 16:24:37.747 | INFO     | __main__:run_module_safe:30 - Account: zaw9.aw9ly2msl0as8z6n9@hotmail.com | Initial farming delay: 3 sec
2025-02-15 16:24:40.765 | INFO     | core.bot:login_new_account:454 - Account: zaw9.aw9ly2msl0as8z6n9@hotmail.com | Logging in...
2025-02-15 16:24:43.800 | INFO     | core.bot:get_captcha_data:26 - Account: zaw9.aw9ly2msl0as8z6n9@hotmail.com | Got puzzle image, solving...
2025-02-15 16:24:48.734 | SUCCESS  | core.bot:get_captcha_data:32 - Account: zaw9.aw9ly2msl0as8z6n9@hotmail.com | Puzzle solved: PN&5XX
2025-02-15 16:24:50.890 | INFO     | core.bot:login_new_account:458 - Account: zaw9.aw9ly2msl0as8z6n9@hotmail.com | Successfully logged in
2025-02-15 16:24:52.459 | INFO     | core.bot:login_new_account:458 - Account: tu1e.u1epr_qldt7mjbokgx@hotmail.com | Successfully logged in
2025-02-15 16:24:56.904 | INFO     | core.bot:get_captcha_data:26 - Account: P74f.74furpukh9kx@hotmail.com | Got puzzle image, solving...
2025-02-15 16:24:57.713 | SUCCESS  | core.bot:get_captcha_data:32 - Account: P74f.74furpukh9kx@hotmail.com | Puzzle solved: AQ@KXG
2025-02-15 16:24:59.427 | SUCCESS  | core.bot:perform_farming_actions:560 - [32mAccount: zaw9.aw9ly2msl0as8z6n9@hotmail.com | Sent keepalive request[0m
2025-02-15 16:25:00.074 | INFO     | core.bot:login_new_account:458 - Account: P74f.74furpukh9kx@hotmail.com | Successfully logged in
2025-02-15 16:25:02.025 | SUCCESS  | core.bot:perform_farming_actions:560 - [32mAccount: P74f.74furpukh9kx@hotmail.com | Sent keepalive request[0m
2025-02-15 16:25:02.409 | SUCCESS  | core.bot:perform_farming_actions:560 - [32mAccount: tu1e.u1epr_qldt7mjbokgx@hotmail.com | Sent keepalive request[0m
2025-02-15 16:25:10.388 | INFO     | core.bot:perform_farming_actions:565 - [32mAccount: zaw9.aw9ly2msl0as8z6n9@hotmail.com | Total points earned: 18379[0m
2025-02-15 16:25:10.392 | INFO     | database.models.accounts:set_sleep_until:70 - Account: zaw9.aw9ly2msl0as8z6n9@hotmail.com | Set new sleep_until: 2025-02-15 09:28:10.390710+00:00
2025-02-15 16:25:10.395 | INFO     | __main__:run_module_safe:30 - Account: Il3u.l3u2komjnk2028y1j@hotmail.com | Initial farming delay: 5 sec
2025-02-15 16:25:12.377 | INFO     | core.bot:perform_farming_actions:565 - [32mAccount: P74f.74furpukh9kx@hotmail.com | Total points earned: 17943[0m
2025-02-15 16:25:12.381 | INFO     | database.models.accounts:set_sleep_until:70 - Account: P74f.74furpukh9kx@hotmail.com | Set new sleep_until: 2025-02-15 09:28:12.379513+00:00
2025-02-15 16:25:12.383 | INFO     | __main__:run_module_safe:30 - Account: Kwr8q1wr8q1xm94o5v_9@hotmail.com | Initial farming delay: 3 sec
2025-02-15 16:25:13.518 | INFO     | core.bot:perform_farming_actions:565 - [32mAccount: tu1e.u1epr_qldt7mjbokgx@hotmail.com | Total points earned: 17943[0m
2025-02-15 16:25:13.522 | INFO     | database.models.accounts:set_sleep_until:70 - Account: tu1e.u1epr_qldt7mjbokgx@hotmail.com | Set new sleep_until: 2025-02-15 09:28:13.520395+00:00
2025-02-15 16:25:13.524 | INFO     | __main__:run_module_safe:30 - Account: as_lzz.s_lzz0k0v_hqg1@hotmail.com | Initial farming delay: 3 sec
2025-02-15 16:25:15.393 | INFO     | core.bot:login_new_account:454 - Account: Kwr8q1wr8q1xm94o5v_9@hotmail.com | Logging in...
2025-02-15 16:25:15.408 | INFO     | core.bot:login_new_account:454 - Account: Il3u.l3u2komjnk2028y1j@hotmail.com | Logging in...
2025-02-15 16:25:16.533 | INFO     | core.bot:login_new_account:454 - Account: as_lzz.s_lzz0k0v_hqg1@hotmail.com | Logging in...
2025-02-15 16:25:18.370 | INFO     | core.bot:get_captcha_data:26 - Account: as_lzz.s_lzz0k0v_hqg1@hotmail.com | Got puzzle image, solving...
2025-02-15 16:25:21.838 | INFO     | core.bot:get_captcha_data:26 - Account: Il3u.l3u2komjnk2028y1j@hotmail.com | Got puzzle image, solving...
2025-02-15 16:25:22.816 | SUCCESS  | core.bot:get_captcha_data:32 - Account: Il3u.l3u2komjnk2028y1j@hotmail.com | Puzzle solved: =1%CA&
2025-02-15 16:25:24.161 | INFO     | core.bot:get_captcha_data:26 - Account: Kwr8q1wr8q1xm94o5v_9@hotmail.com | Got puzzle image, solving...
2025-02-15 16:25:24.861 | SUCCESS  | core.bot:get_captcha_data:32 - Account: Kwr8q1wr8q1xm94o5v_9@hotmail.com | Puzzle solved: H61=EX
2025-02-15 16:25:25.005 | INFO     | core.bot:login_new_account:458 - Account: Il3u.l3u2komjnk2028y1j@hotmail.com | Successfully logged in
2025-02-15 16:25:26.481 | SUCCESS  | core.bot:perform_farming_actions:560 - [32mAccount: Il3u.l3u2komjnk2028y1j@hotmail.com | Sent keepalive request[0m
2025-02-15 16:25:27.115 | INFO     | core.bot:login_new_account:458 - Account: Kwr8q1wr8q1xm94o5v_9@hotmail.com | Successfully logged in
2025-02-15 16:25:28.724 | SUCCESS  | core.bot:perform_farming_actions:560 - [32mAccount: Kwr8q1wr8q1xm94o5v_9@hotmail.com | Sent keepalive request[0m
2025-02-15 16:25:33.440 | ERROR    | core.bot:get_captcha_data:40 - Account: as_lzz.s_lzz0k0v_hqg1@hotmail.com | Failed to solve puzzle: An unexpected error occurred:  | Retrying...
2025-02-15 16:25:34.078 | INFO     | core.bot:perform_farming_actions:565 - [32mAccount: Il3u.l3u2komjnk2028y1j@hotmail.com | Total points earned: 17079[0m
2025-02-15 16:25:34.081 | INFO     | database.models.accounts:set_sleep_until:70 - Account: Il3u.l3u2komjnk2028y1j@hotmail.com | Set new sleep_until: 2025-02-15 09:28:34.080084+00:00
2025-02-15 16:25:34.084 | INFO     | __main__:run_module_safe:30 - Account: Owr8q1.wr8q1xm94o5v_9f@hotmail.com | Initial farming delay: 3 sec
2025-02-15 16:25:35.080 | INFO     | core.bot:get_captcha_data:26 - Account: as_lzz.s_lzz0k0v_hqg1@hotmail.com | Got puzzle image, solving...
2025-02-15 16:25:37.090 | INFO     | core.bot:login_new_account:454 - Account: Owr8q1.wr8q1xm94o5v_9f@hotmail.com | Logging in...
2025-02-15 16:25:37.706 | INFO     | core.bot:perform_farming_actions:565 - [32mAccount: Kwr8q1wr8q1xm94o5v_9@hotmail.com | Total points earned: 21122[0m
2025-02-15 16:25:37.710 | INFO     | database.models.accounts:set_sleep_until:70 - Account: Kwr8q1wr8q1xm94o5v_9@hotmail.com | Set new sleep_until: 2025-02-15 09:28:37.708438+00:00
2025-02-15 16:25:37.712 | INFO     | __main__:run_module_safe:30 - Account: drs070.rs070l4heq@hotmail.com | Initial farming delay: 3 sec
2025-02-15 16:25:40.717 | INFO     | core.bot:login_new_account:454 - Account: drs070.rs070l4heq@hotmail.com | Logging in...
2025-02-15 16:25:42.422 | SUCCESS  | core.bot:get_captcha_data:32 - Account: as_lzz.s_lzz0k0v_hqg1@hotmail.com | Puzzle solved: ABC123
2025-02-15 16:25:43.231 | WARNING  | core.bot:login_new_account:466 - Account: as_lzz.s_lzz0k0v_hqg1@hotmail.com | Captcha answer incorrect, re-solving...
2025-02-15 16:25:43.564 | INFO     | core.bot:login_new_account:454 - Account: as_lzz.s_lzz0k0v_hqg1@hotmail.com | Logging in...
2025-02-15 16:25:44.989 | INFO     | core.bot:get_captcha_data:26 - Account: as_lzz.s_lzz0k0v_hqg1@hotmail.com | Got puzzle image, solving...
2025-02-15 16:25:45.667 | SUCCESS  | core.bot:get_captcha_data:32 - Account: as_lzz.s_lzz0k0v_hqg1@hotmail.com | Puzzle solved: 2KRRY$
2025-02-15 16:25:47.567 | INFO     | core.bot:login_new_account:458 - Account: as_lzz.s_lzz0k0v_hqg1@hotmail.com | Successfully logged in
2025-02-15 16:25:48.763 | SUCCESS  | core.bot:perform_farming_actions:560 - [32mAccount: as_lzz.s_lzz0k0v_hqg1@hotmail.com | Sent keepalive request[0m
2025-02-15 16:25:53.629 | INFO     | core.bot:perform_farming_actions:565 - [32mAccount: as_lzz.s_lzz0k0v_hqg1@hotmail.com | Total points earned: 22147[0m
2025-02-15 16:25:53.633 | INFO     | database.models.accounts:set_sleep_until:70 - Account: as_lzz.s_lzz0k0v_hqg1@hotmail.com | Set new sleep_until: 2025-02-15 09:28:53.631579+00:00
2025-02-15 16:25:53.635 | INFO     | __main__:run_module_safe:30 - Account: yuk6uk6559mc5b66@hotmail.com | Initial farming delay: 3 sec
2025-02-15 16:25:56.135 | INFO     | core.bot:get_captcha_data:26 - Account: Owr8q1.wr8q1xm94o5v_9f@hotmail.com | Got puzzle image, solving...
2025-02-15 16:25:56.652 | INFO     | core.bot:login_new_account:454 - Account: yuk6uk6559mc5b66@hotmail.com | Logging in...
2025-02-15 16:26:00.416 | SUCCESS  | core.bot:get_captcha_data:32 - Account: Owr8q1.wr8q1xm94o5v_9f@hotmail.com | Puzzle solved: VHJX6H
2025-02-15 16:26:02.986 | INFO     | core.bot:login_new_account:458 - Account: Owr8q1.wr8q1xm94o5v_9f@hotmail.com | Successfully logged in
2025-02-15 16:26:03.525 | SUCCESS  | core.bot:perform_farming_actions:560 - [32mAccount: Owr8q1.wr8q1xm94o5v_9f@hotmail.com | Sent keepalive request[0m
2025-02-15 16:26:12.604 | INFO     | core.bot:perform_farming_actions:565 - [32mAccount: Owr8q1.wr8q1xm94o5v_9f@hotmail.com | Total points earned: 18163[0m
2025-02-15 16:26:12.608 | INFO     | database.models.accounts:set_sleep_until:70 - Account: Owr8q1.wr8q1xm94o5v_9f@hotmail.com | Set new sleep_until: 2025-02-15 09:29:12.606755+00:00
2025-02-15 16:26:12.610 | INFO     | __main__:run_module_safe:30 - Account: Kk4fn7k4fn7pw8q5@hotmail.com | Initial farming delay: 2 sec
2025-02-15 16:26:14.628 | INFO     | core.bot:login_new_account:454 - Account: Kk4fn7k4fn7pw8q5@hotmail.com | Logging in...
2025-02-15 16:26:16.647 | INFO     | core.bot:get_captcha_data:26 - Account: Kk4fn7k4fn7pw8q5@hotmail.com | Got puzzle image, solving...
2025-02-15 16:26:18.883 | INFO     | core.bot:get_captcha_data:26 - Account: drs070.rs070l4heq@hotmail.com | Got puzzle image, solving...
2025-02-15 16:26:21.071 | SUCCESS  | core.bot:get_captcha_data:32 - Account: Kk4fn7k4fn7pw8q5@hotmail.com | Puzzle solved: XBBTFP
2025-02-15 16:26:22.895 | SUCCESS  | core.bot:get_captcha_data:32 - Account: drs070.rs070l4heq@hotmail.com | Puzzle solved: VVRFW5
2025-02-15 16:26:23.264 | INFO     | core.bot:login_new_account:458 - Account: Kk4fn7k4fn7pw8q5@hotmail.com | Successfully logged in
2025-02-15 16:26:25.682 | INFO     | core.bot:login_new_account:458 - Account: drs070.rs070l4heq@hotmail.com | Successfully logged in
2025-02-15 16:26:29.801 | SUCCESS  | core.bot:perform_farming_actions:560 - [32mAccount: Kk4fn7k4fn7pw8q5@hotmail.com | Sent keepalive request[0m
2025-02-15 16:26:33.660 | SUCCESS  | core.bot:perform_farming_actions:560 - [32mAccount: drs070.rs070l4heq@hotmail.com | Sent keepalive request[0m
2025-02-15 16:26:37.951 | INFO     | core.bot:perform_farming_actions:565 - [32mAccount: Kk4fn7k4fn7pw8q5@hotmail.com | Total points earned: 23896[0m
2025-02-15 16:26:37.955 | INFO     | database.models.accounts:set_sleep_until:70 - Account: Kk4fn7k4fn7pw8q5@hotmail.com | Set new sleep_until: 2025-02-15 09:29:37.953238+00:00
2025-02-15 16:26:37.957 | INFO     | __main__:run_module_safe:30 - Account: cutk.utk921mbuqu8slspb@hotmail.com | Initial farming delay: 2 sec
2025-02-15 16:26:39.969 | INFO     | core.bot:login_new_account:454 - Account: cutk.utk921mbuqu8slspb@hotmail.com | Logging in...
2025-02-15 16:26:41.754 | INFO     | core.bot:get_captcha_data:26 - Account: cutk.utk921mbuqu8slspb@hotmail.com | Got puzzle image, solving...
2025-02-15 16:26:42.769 | INFO     | core.bot:perform_farming_actions:565 - [32mAccount: drs070.rs070l4heq@hotmail.com | Total points earned: 23896[0m
2025-02-15 16:26:42.772 | INFO     | database.models.accounts:set_sleep_until:70 - Account: drs070.rs070l4heq@hotmail.com | Set new sleep_until: 2025-02-15 09:29:42.771183+00:00
2025-02-15 16:26:42.775 | INFO     | __main__:run_module_safe:30 - Account: D4gpg.4gpgrvn3z2i8qdf@hotmail.com | Initial farming delay: 4 sec
2025-02-15 16:26:44.763 | ERROR    | core.bot:get_captcha_data:62 - Account: yuk6uk6559mc5b66@hotmail.com | Error occurred while solving captcha (image): Failed to send request after 3 attempts: Failed to perform, curl: (28) Failed to connect to 45.93.213.41 port 8000 after 14033 ms: Couldn't connect to server. See https://curl.se/libcurl/c/libcurl-errors.html first for more details. | Retrying...
2025-02-15 16:26:46.787 | INFO     | core.bot:login_new_account:454 - Account: D4gpg.4gpgrvn3z2i8qdf@hotmail.com | Logging in...
2025-02-15 16:26:48.651 | SUCCESS  | core.bot:get_captcha_data:32 - Account: cutk.utk921mbuqu8slspb@hotmail.com | Puzzle solved: E543S3
2025-02-15 16:26:49.053 | INFO     | core.bot:get_captcha_data:26 - Account: D4gpg.4gpgrvn3z2i8qdf@hotmail.com | Got puzzle image, solving...
2025-02-15 16:26:49.721 | SUCCESS  | core.bot:get_captcha_data:32 - Account: D4gpg.4gpgrvn3z2i8qdf@hotmail.com | Puzzle solved: SFQ#=3
2025-02-15 16:26:49.842 | WARNING  | core.bot:login_new_account:466 - Account: cutk.utk921mbuqu8slspb@hotmail.com | Captcha answer incorrect, re-solving...
2025-02-15 16:26:50.170 | INFO     | core.bot:login_new_account:454 - Account: cutk.utk921mbuqu8slspb@hotmail.com | Logging in...
2025-02-15 16:26:51.634 | INFO     | core.bot:get_captcha_data:26 - Account: cutk.utk921mbuqu8slspb@hotmail.com | Got puzzle image, solving...
2025-02-15 16:26:51.940 | INFO     | core.bot:login_new_account:458 - Account: D4gpg.4gpgrvn3z2i8qdf@hotmail.com | Successfully logged in
2025-02-15 16:26:52.307 | SUCCESS  | core.bot:get_captcha_data:32 - Account: cutk.utk921mbuqu8slspb@hotmail.com | Puzzle solved: SR8&6T
2025-02-15 16:26:53.468 | INFO     | core.bot:get_captcha_data:26 - Account: yuk6uk6559mc5b66@hotmail.com | Got puzzle image, solving...
2025-02-15 16:26:54.153 | SUCCESS  | core.bot:get_captcha_data:32 - Account: yuk6uk6559mc5b66@hotmail.com | Puzzle solved: H#V4JJ
2025-02-15 16:26:54.225 | INFO     | core.bot:login_new_account:458 - Account: cutk.utk921mbuqu8slspb@hotmail.com | Successfully logged in
2025-02-15 16:26:54.763 | SUCCESS  | core.bot:perform_farming_actions:560 - [32mAccount: D4gpg.4gpgrvn3z2i8qdf@hotmail.com | Sent keepalive request[0m
2025-02-15 16:26:55.874 | SUCCESS  | core.bot:perform_farming_actions:560 - [32mAccount: cutk.utk921mbuqu8slspb@hotmail.com | Sent keepalive request[0m
2025-02-15 16:26:56.230 | INFO     | core.bot:login_new_account:458 - Account: yuk6uk6559mc5b66@hotmail.com | Successfully logged in
2025-02-15 16:26:58.016 | SUCCESS  | core.bot:perform_farming_actions:560 - [32mAccount: yuk6uk6559mc5b66@hotmail.com | Sent keepalive request[0m
2025-02-15 16:27:02.463 | INFO     | core.bot:perform_farming_actions:565 - [32mAccount: cutk.utk921mbuqu8slspb@hotmail.com | Total points earned: 22803[0m
2025-02-15 16:27:02.466 | INFO     | database.models.accounts:set_sleep_until:70 - Account: cutk.utk921mbuqu8slspb@hotmail.com | Set new sleep_until: 2025-02-15 09:30:02.464950+00:00
2025-02-15 16:27:02.469 | INFO     | __main__:run_module_safe:30 - Account: Fb677i.b677itoxufvkfhe@hotmail.com | Initial farming delay: 5 sec
2025-02-15 16:27:03.556 | INFO     | core.bot:perform_farming_actions:565 - [32mAccount: D4gpg.4gpgrvn3z2i8qdf@hotmail.com | Total points earned: 22803[0m
2025-02-15 16:27:03.559 | INFO     | database.models.accounts:set_sleep_until:70 - Account: D4gpg.4gpgrvn3z2i8qdf@hotmail.com | Set new sleep_until: 2025-02-15 09:30:03.558238+00:00
2025-02-15 16:27:03.562 | INFO     | __main__:run_module_safe:30 - Account: Q1pcta1pcta5vp2v@hotmail.com | Initial farming delay: 4 sec
2025-02-15 16:27:07.485 | INFO     | core.bot:login_new_account:454 - Account: Fb677i.b677itoxufvkfhe@hotmail.com | Logging in...
2025-02-15 16:27:07.564 | INFO     | core.bot:login_new_account:454 - Account: Q1pcta1pcta5vp2v@hotmail.com | Logging in...
2025-02-15 16:27:08.084 | INFO     | core.bot:perform_farming_actions:565 - [32mAccount: yuk6uk6559mc5b66@hotmail.com | Total points earned: 17752[0m
2025-02-15 16:27:08.088 | INFO     | database.models.accounts:set_sleep_until:70 - Account: yuk6uk6559mc5b66@hotmail.com | Set new sleep_until: 2025-02-15 09:30:08.086519+00:00
2025-02-15 16:27:08.090 | INFO     | __main__:run_module_safe:30 - Account: Eo444o444c44d3kjje@hotmail.com | Initial farming delay: 2 sec
2025-02-15 16:27:10.099 | INFO     | core.bot:login_new_account:454 - Account: Eo444o444c44d3kjje@hotmail.com | Logging in...
2025-02-15 16:27:11.121 | INFO     | core.bot:get_captcha_data:26 - Account: Fb677i.b677itoxufvkfhe@hotmail.com | Got puzzle image, solving...
2025-02-15 16:27:17.803 | SUCCESS  | core.bot:get_captcha_data:32 - Account: Fb677i.b677itoxufvkfhe@hotmail.com | Puzzle solved: TWCS@Y
2025-02-15 16:27:20.149 | INFO     | core.bot:login_new_account:458 - Account: Fb677i.b677itoxufvkfhe@hotmail.com | Successfully logged in
2025-02-15 16:27:28.201 | SUCCESS  | core.bot:perform_farming_actions:560 - [32mAccount: Fb677i.b677itoxufvkfhe@hotmail.com | Sent keepalive request[0m
2025-02-15 16:27:37.406 | INFO     | core.bot:perform_farming_actions:565 - [32mAccount: Fb677i.b677itoxufvkfhe@hotmail.com | Total points earned: 17444[0m
2025-02-15 16:27:37.410 | INFO     | database.models.accounts:set_sleep_until:70 - Account: Fb677i.b677itoxufvkfhe@hotmail.com | Set new sleep_until: 2025-02-15 09:30:37.407938+00:00
2025-02-15 16:27:37.412 | INFO     | __main__:run_module_safe:30 - Account: u_q79._q796fhzpup@hotmail.com | Initial farming delay: 5 sec
2025-02-15 16:27:42.428 | INFO     | core.bot:login_new_account:454 - Account: u_q79._q796fhzpup@hotmail.com | Logging in...
2025-02-15 16:27:50.830 | INFO     | core.bot:get_captcha_data:26 - Account: Q1pcta1pcta5vp2v@hotmail.com | Got puzzle image, solving...
2025-02-15 16:27:57.931 | SUCCESS  | core.bot:get_captcha_data:32 - Account: Q1pcta1pcta5vp2v@hotmail.com | Puzzle solved: N5APJC
2025-02-15 16:27:58.217 | ERROR    | core.bot:get_captcha_data:62 - Account: Eo444o444c44d3kjje@hotmail.com | Error occurred while solving captcha (image): Failed to send request after 3 attempts: Failed to perform, curl: (28) Failed to connect to 45.93.213.96 port 8000 after 14026 ms: Couldn't connect to server. See https://curl.se/libcurl/c/libcurl-errors.html first for more details. | Retrying...
2025-02-15 16:28:00.232 | INFO     | core.bot:login_new_account:458 - Account: Q1pcta1pcta5vp2v@hotmail.com | Successfully logged in
2025-02-15 16:28:00.494 | INFO     | core.bot:get_captcha_data:26 - Account: Eo444o444c44d3kjje@hotmail.com | Got puzzle image, solving...
2025-02-15 16:28:01.456 | INFO     | core.bot:get_captcha_data:26 - Account: u_q79._q796fhzpup@hotmail.com | Got puzzle image, solving...
2025-02-15 16:28:02.030 | SUCCESS  | core.bot:perform_farming_actions:560 - [32mAccount: Q1pcta1pcta5vp2v@hotmail.com | Sent keepalive request[0m
2025-02-15 16:28:04.469 | SUCCESS  | core.bot:get_captcha_data:32 - Account: Eo444o444c44d3kjje@hotmail.com | Puzzle solved: TN%Q41
2025-02-15 16:28:05.452 | SUCCESS  | core.bot:get_captcha_data:32 - Account: u_q79._q796fhzpup@hotmail.com | Puzzle solved: KTJBG4
2025-02-15 16:28:06.435 | INFO     | core.bot:login_new_account:458 - Account: Eo444o444c44d3kjje@hotmail.com | Successfully logged in
2025-02-15 16:28:06.991 | SUCCESS  | core.bot:perform_farming_actions:560 - [32mAccount: Eo444o444c44d3kjje@hotmail.com | Sent keepalive request[0m
2025-02-15 16:28:07.994 | INFO     | core.bot:login_new_account:458 - Account: u_q79._q796fhzpup@hotmail.com | Successfully logged in
2025-02-15 16:28:08.455 | SUCCESS  | core.bot:perform_farming_actions:560 - [32mAccount: u_q79._q796fhzpup@hotmail.com | Sent keepalive request[0m
2025-02-15 16:28:15.723 | INFO     | core.bot:perform_farming_actions:565 - [32mAccount: Eo444o444c44d3kjje@hotmail.com | Total points earned: 22442[0m
2025-02-15 16:28:15.727 | INFO     | database.models.accounts:set_sleep_until:70 - Account: Eo444o444c44d3kjje@hotmail.com | Set new sleep_until: 2025-02-15 09:31:15.725658+00:00
2025-02-15 16:28:15.729 | INFO     | __main__:run_module_safe:30 - Account: chto.htobv7nrz7v7bv2p37@hotmail.com | Initial farming delay: 2 sec
2025-02-15 16:28:17.651 | INFO     | core.bot:perform_farming_actions:565 - [32mAccount: Q1pcta1pcta5vp2v@hotmail.com | Total points earned: 19064[0m
2025-02-15 16:28:17.655 | INFO     | database.models.accounts:set_sleep_until:70 - Account: Q1pcta1pcta5vp2v@hotmail.com | Set new sleep_until: 2025-02-15 09:31:17.653721+00:00
2025-02-15 16:28:17.657 | INFO     | __main__:run_module_safe:30 - Account: a1ye1yeqqhzxxr1c@hotmail.com | Initial farming delay: 4 sec
2025-02-15 16:28:17.746 | INFO     | core.bot:login_new_account:454 - Account: chto.htobv7nrz7v7bv2p37@hotmail.com | Logging in...
2025-02-15 16:28:19.798 | INFO     | core.bot:get_captcha_data:26 - Account: chto.htobv7nrz7v7bv2p37@hotmail.com | Got puzzle image, solving...
2025-02-15 16:28:20.050 | INFO     | core.bot:perform_farming_actions:565 - [32mAccount: u_q79._q796fhzpup@hotmail.com | Total points earned: 17303[0m
2025-02-15 16:28:20.053 | INFO     | database.models.accounts:set_sleep_until:70 - Account: u_q79._q796fhzpup@hotmail.com | Set new sleep_until: 2025-02-15 09:31:20.052161+00:00
2025-02-15 16:28:20.056 | INFO     | __main__:run_module_safe:30 - Account: n3e13e104tvit0cxt5dh8v@hotmail.com | Initial farming delay: 5 sec
2025-02-15 16:28:21.672 | INFO     | core.bot:login_new_account:454 - Account: a1ye1yeqqhzxxr1c@hotmail.com | Logging in...
2025-02-15 16:28:25.072 | INFO     | core.bot:login_new_account:454 - Account: n3e13e104tvit0cxt5dh8v@hotmail.com | Logging in...
2025-02-15 16:28:25.576 | INFO     | core.bot:get_captcha_data:26 - Account: a1ye1yeqqhzxxr1c@hotmail.com | Got puzzle image, solving...
2025-02-15 16:28:26.190 | SUCCESS  | core.bot:get_captcha_data:32 - Account: a1ye1yeqqhzxxr1c@hotmail.com | Puzzle solved: MV&B=W
2025-02-15 16:28:28.547 | INFO     | core.bot:login_new_account:458 - Account: a1ye1yeqqhzxxr1c@hotmail.com | Successfully logged in
2025-02-15 16:28:33.215 | INFO     | core.bot:get_captcha_data:26 - Account: n3e13e104tvit0cxt5dh8v@hotmail.com | Got puzzle image, solving...
2025-02-15 16:28:34.753 | SUCCESS  | core.bot:perform_farming_actions:560 - [32mAccount: a1ye1yeqqhzxxr1c@hotmail.com | Sent keepalive request[0m
2025-02-15 16:28:37.162 | SUCCESS  | core.bot:get_captcha_data:32 - Account: n3e13e104tvit0cxt5dh8v@hotmail.com | Puzzle solved: R33WW6
2025-02-15 16:28:38.022 | SUCCESS  | core.bot:get_captcha_data:32 - Account: chto.htobv7nrz7v7bv2p37@hotmail.com | Puzzle solved: 5AT##Q
2025-02-15 16:28:39.774 | INFO     | core.bot:login_new_account:458 - Account: n3e13e104tvit0cxt5dh8v@hotmail.com | Successfully logged in
2025-02-15 16:28:40.534 | INFO     | core.bot:login_new_account:458 - Account: chto.htobv7nrz7v7bv2p37@hotmail.com | Successfully logged in
2025-02-15 16:28:41.805 | INFO     | core.bot:perform_farming_actions:565 - [32mAccount: a1ye1yeqqhzxxr1c@hotmail.com | Total points earned: 22259[0m
2025-02-15 16:28:41.809 | INFO     | database.models.accounts:set_sleep_until:70 - Account: a1ye1yeqqhzxxr1c@hotmail.com | Set new sleep_until: 2025-02-15 09:31:41.807697+00:00
2025-02-15 16:28:41.811 | INFO     | __main__:run_module_safe:30 - Account: Rkd6yk.kd6ykysy02oz@hotmail.com | Initial farming delay: 4 sec
2025-02-15 16:28:45.819 | INFO     | core.bot:login_new_account:454 - Account: Rkd6yk.kd6ykysy02oz@hotmail.com | Logging in...
2025-02-15 16:28:47.662 | SUCCESS  | core.bot:perform_farming_actions:560 - [32mAccount: n3e13e104tvit0cxt5dh8v@hotmail.com | Sent keepalive request[0m
2025-02-15 16:28:48.581 | SUCCESS  | core.bot:perform_farming_actions:560 - [32mAccount: chto.htobv7nrz7v7bv2p37@hotmail.com | Sent keepalive request[0m
2025-02-15 16:28:50.663 | INFO     | core.bot:perform_farming_actions:565 - [32mAccount: n3e13e104tvit0cxt5dh8v@hotmail.com | Total points earned: 24642[0m
2025-02-15 16:28:50.667 | INFO     | database.models.accounts:set_sleep_until:70 - Account: n3e13e104tvit0cxt5dh8v@hotmail.com | Set new sleep_until: 2025-02-15 09:31:50.665683+00:00
2025-02-15 16:28:50.669 | INFO     | __main__:run_module_safe:30 - Account: P0hysf.0hysfqoz0w9_0r@hotmail.com | Initial farming delay: 5 sec
2025-02-15 16:28:55.675 | INFO     | core.bot:login_new_account:454 - Account: P0hysf.0hysfqoz0w9_0r@hotmail.com | Logging in...
2025-02-15 16:28:56.503 | INFO     | core.bot:perform_farming_actions:565 - [32mAccount: chto.htobv7nrz7v7bv2p37@hotmail.com | Total points earned: 24642[0m
2025-02-15 16:28:56.507 | INFO     | database.models.accounts:set_sleep_until:70 - Account: chto.htobv7nrz7v7bv2p37@hotmail.com | Set new sleep_until: 2025-02-15 09:31:56.505753+00:00
2025-02-15 16:28:56.509 | INFO     | __main__:run_module_safe:30 - Account: Jm3iw4.m3iw49prt2@hotmail.com | Initial farming delay: 4 sec
2025-02-15 16:29:00.518 | INFO     | core.bot:login_new_account:454 - Account: Jm3iw4.m3iw49prt2@hotmail.com | Logging in...
2025-02-15 16:29:06.394 | INFO     | core.bot:get_captcha_data:26 - Account: Rkd6yk.kd6ykysy02oz@hotmail.com | Got puzzle image, solving...
2025-02-15 16:29:09.883 | INFO     | core.bot:get_captcha_data:26 - Account: Jm3iw4.m3iw49prt2@hotmail.com | Got puzzle image, solving...
2025-02-15 16:29:14.360 | SUCCESS  | core.bot:get_captcha_data:32 - Account: Jm3iw4.m3iw49prt2@hotmail.com | Puzzle solved: &SETA$
2025-02-15 16:29:15.415 | INFO     | core.bot:get_captcha_data:26 - Account: P0hysf.0hysfqoz0w9_0r@hotmail.com | Got puzzle image, solving...
2025-02-15 16:29:16.825 | INFO     | core.bot:login_new_account:458 - Account: Jm3iw4.m3iw49prt2@hotmail.com | Successfully logged in
2025-02-15 16:29:16.895 | SUCCESS  | core.bot:get_captcha_data:32 - Account: Rkd6yk.kd6ykysy02oz@hotmail.com | Puzzle solved: MD@V4D
2025-02-15 16:29:19.274 | INFO     | core.bot:login_new_account:458 - Account: Rkd6yk.kd6ykysy02oz@hotmail.com | Successfully logged in
2025-02-15 16:29:19.439 | SUCCESS  | core.bot:get_captcha_data:32 - Account: P0hysf.0hysfqoz0w9_0r@hotmail.com | Puzzle solved: KMHD2K
2025-02-15 16:29:21.757 | INFO     | core.bot:login_new_account:458 - Account: P0hysf.0hysfqoz0w9_0r@hotmail.com | Successfully logged in
2025-02-15 16:29:25.315 | SUCCESS  | core.bot:perform_farming_actions:560 - [32mAccount: Jm3iw4.m3iw49prt2@hotmail.com | Sent keepalive request[0m
2025-02-15 16:29:25.814 | SUCCESS  | core.bot:perform_farming_actions:560 - [32mAccount: Rkd6yk.kd6ykysy02oz@hotmail.com | Sent keepalive request[0m
2025-02-15 16:29:29.227 | SUCCESS  | core.bot:perform_farming_actions:560 - [32mAccount: P0hysf.0hysfqoz0w9_0r@hotmail.com | Sent keepalive request[0m
2025-02-15 16:29:30.948 | INFO     | core.bot:perform_farming_actions:565 - [32mAccount: Rkd6yk.kd6ykysy02oz@hotmail.com | Total points earned: 21585[0m
2025-02-15 16:29:30.952 | INFO     | database.models.accounts:set_sleep_until:70 - Account: Rkd6yk.kd6ykysy02oz@hotmail.com | Set new sleep_until: 2025-02-15 09:32:30.950871+00:00
2025-02-15 16:29:30.954 | INFO     | __main__:run_module_safe:30 - Account: bihtt.ihtto4km7dx@hotmail.com | Initial farming delay: 5 sec
2025-02-15 16:29:33.224 | INFO     | core.bot:perform_farming_actions:565 - [32mAccount: Jm3iw4.m3iw49prt2@hotmail.com | Total points earned: 21586[0m
2025-02-15 16:29:33.228 | INFO     | database.models.accounts:set_sleep_until:70 - Account: Jm3iw4.m3iw49prt2@hotmail.com | Set new sleep_until: 2025-02-15 09:32:33.226755+00:00
2025-02-15 16:29:33.230 | INFO     | __main__:run_module_safe:30 - Account: b2qk.2qk91iuoenoy@hotmail.com | Initial farming delay: 4 sec
2025-02-15 16:29:35.957 | INFO     | core.bot:login_new_account:454 - Account: bihtt.ihtto4km7dx@hotmail.com | Logging in...
2025-02-15 16:29:36.835 | INFO     | core.bot:perform_farming_actions:565 - [32mAccount: P0hysf.0hysfqoz0w9_0r@hotmail.com | Total points earned: 21586[0m
2025-02-15 16:29:36.838 | INFO     | database.models.accounts:set_sleep_until:70 - Account: P0hysf.0hysfqoz0w9_0r@hotmail.com | Set new sleep_until: 2025-02-15 09:32:36.837113+00:00
2025-02-15 16:29:36.841 | INFO     | __main__:run_module_safe:30 - Account: dwstwstbnywx788h@hotmail.com | Initial farming delay: 5 sec
2025-02-15 16:29:37.235 | INFO     | core.bot:login_new_account:454 - Account: b2qk.2qk91iuoenoy@hotmail.com | Logging in...
2025-02-15 16:29:39.333 | INFO     | core.bot:get_captcha_data:26 - Account: bihtt.ihtto4km7dx@hotmail.com | Got puzzle image, solving...
2025-02-15 16:29:39.550 | INFO     | core.bot:get_captcha_data:26 - Account: b2qk.2qk91iuoenoy@hotmail.com | Got puzzle image, solving...
2025-02-15 16:29:41.853 | INFO     | core.bot:login_new_account:454 - Account: dwstwstbnywx788h@hotmail.com | Logging in...
2025-02-15 16:29:43.850 | SUCCESS  | core.bot:get_captcha_data:32 - Account: b2qk.2qk91iuoenoy@hotmail.com | Puzzle solved: @#B@RG
2025-02-15 16:29:44.122 | SUCCESS  | core.bot:get_captcha_data:32 - Account: bihtt.ihtto4km7dx@hotmail.com | Puzzle solved: HFKH%%
2025-02-15 16:29:46.312 | INFO     | core.bot:login_new_account:458 - Account: b2qk.2qk91iuoenoy@hotmail.com | Successfully logged in
2025-02-15 16:29:46.407 | INFO     | core.bot:login_new_account:458 - Account: bihtt.ihtto4km7dx@hotmail.com | Successfully logged in
2025-02-15 16:29:48.108 | SUCCESS  | core.bot:perform_farming_actions:560 - [32mAccount: b2qk.2qk91iuoenoy@hotmail.com | Sent keepalive request[0m
2025-02-15 16:29:50.595 | INFO     | core.bot:get_captcha_data:26 - Account: dwstwstbnywx788h@hotmail.com | Got puzzle image, solving...
2025-02-15 16:29:50.839 | INFO     | core.bot:perform_farming_actions:565 - [32mAccount: b2qk.2qk91iuoenoy@hotmail.com | Total points earned: 22253[0m
2025-02-15 16:29:50.842 | INFO     | database.models.accounts:set_sleep_until:70 - Account: b2qk.2qk91iuoenoy@hotmail.com | Set new sleep_until: 2025-02-15 09:32:50.840750+00:00
2025-02-15 16:29:50.845 | INFO     | __main__:run_module_safe:30 - Account: F0sm0.0sm0elgj6jfip762@hotmail.com | Initial farming delay: 5 sec
2025-02-15 16:29:51.882 | SUCCESS  | core.bot:get_captcha_data:32 - Account: dwstwstbnywx788h@hotmail.com | Puzzle solved: 8QMM6W
2025-02-15 16:29:53.812 | SUCCESS  | core.bot:perform_farming_actions:560 - [32mAccount: bihtt.ihtto4km7dx@hotmail.com | Sent keepalive request[0m
2025-02-15 16:29:54.070 | INFO     | core.bot:login_new_account:458 - Account: dwstwstbnywx788h@hotmail.com | Successfully logged in
2025-02-15 16:29:55.740 | SUCCESS  | core.bot:perform_farming_actions:560 - [32mAccount: dwstwstbnywx788h@hotmail.com | Sent keepalive request[0m
2025-02-15 16:29:55.861 | INFO     | core.bot:login_new_account:454 - Account: F0sm0.0sm0elgj6jfip762@hotmail.com | Logging in...
2025-02-15 16:29:59.946 | INFO     | core.bot:perform_farming_actions:565 - [32mAccount: bihtt.ihtto4km7dx@hotmail.com | Total points earned: 22253[0m
2025-02-15 16:29:59.950 | INFO     | database.models.accounts:set_sleep_until:70 - Account: bihtt.ihtto4km7dx@hotmail.com | Set new sleep_until: 2025-02-15 09:32:59.948344+00:00
2025-02-15 16:29:59.952 | INFO     | __main__:run_module_safe:30 - Account: vcbsp.cbspnwpzmwd@hotmail.com | Initial farming delay: 2 sec
2025-02-15 16:30:01.963 | INFO     | core.bot:login_new_account:454 - Account: vcbsp.cbspnwpzmwd@hotmail.com | Logging in...
2025-02-15 16:30:02.054 | INFO     | core.bot:perform_farming_actions:565 - [32mAccount: dwstwstbnywx788h@hotmail.com | Total points earned: 21063[0m
2025-02-15 16:30:02.058 | INFO     | database.models.accounts:set_sleep_until:70 - Account: dwstwstbnywx788h@hotmail.com | Set new sleep_until: 2025-02-15 09:33:02.056637+00:00
2025-02-15 16:30:02.060 | INFO     | __main__:run_module_safe:30 - Account: Enw4hnw4h5wkcgu0tnp@hotmail.com | Initial farming delay: 2 sec
2025-02-15 16:30:04.071 | INFO     | core.bot:login_new_account:454 - Account: Enw4hnw4h5wkcgu0tnp@hotmail.com | Logging in...
2025-02-15 16:30:09.854 | INFO     | core.bot:get_captcha_data:26 - Account: vcbsp.cbspnwpzmwd@hotmail.com | Got puzzle image, solving...
2025-02-15 16:30:09.954 | INFO     | core.bot:get_captcha_data:26 - Account: Enw4hnw4h5wkcgu0tnp@hotmail.com | Got puzzle image, solving...
2025-02-15 16:30:14.055 | SUCCESS  | core.bot:get_captcha_data:32 - Account: Enw4hnw4h5wkcgu0tnp@hotmail.com | Puzzle solved: RSJA@3
2025-02-15 16:30:15.922 | INFO     | core.bot:login_new_account:458 - Account: Enw4hnw4h5wkcgu0tnp@hotmail.com | Successfully logged in
2025-02-15 16:30:16.738 | SUCCESS  | core.bot:perform_farming_actions:560 - [32mAccount: Enw4hnw4h5wkcgu0tnp@hotmail.com | Sent keepalive request[0m
2025-02-15 16:30:16.930 | INFO     | core.bot:get_captcha_data:26 - Account: F0sm0.0sm0elgj6jfip762@hotmail.com | Got puzzle image, solving...
2025-02-15 16:30:17.561 | SUCCESS  | core.bot:get_captcha_data:32 - Account: F0sm0.0sm0elgj6jfip762@hotmail.com | Puzzle solved: 4$6MDE
2025-02-15 16:30:19.857 | ERROR    | core.bot:get_captcha_data:40 - Account: vcbsp.cbspnwpzmwd@hotmail.com | Failed to solve puzzle: An unexpected error occurred:  | Retrying...
2025-02-15 16:30:19.895 | INFO     | core.bot:login_new_account:458 - Account: F0sm0.0sm0elgj6jfip762@hotmail.com | Successfully logged in
2025-02-15 16:30:20.839 | INFO     | core.bot:get_captcha_data:26 - Account: vcbsp.cbspnwpzmwd@hotmail.com | Got puzzle image, solving...
2025-02-15 16:30:22.095 | SUCCESS  | core.bot:perform_farming_actions:560 - [32mAccount: F0sm0.0sm0elgj6jfip762@hotmail.com | Sent keepalive request[0m
2025-02-15 16:30:24.811 | SUCCESS  | core.bot:get_captcha_data:32 - Account: vcbsp.cbspnwpzmwd@hotmail.com | Puzzle solved: DCTYKM
2025-02-15 16:30:25.604 | INFO     | core.bot:perform_farming_actions:565 - [32mAccount: Enw4hnw4h5wkcgu0tnp@hotmail.com | Total points earned: 18846[0m
2025-02-15 16:30:25.608 | INFO     | database.models.accounts:set_sleep_until:70 - Account: Enw4hnw4h5wkcgu0tnp@hotmail.com | Set new sleep_until: 2025-02-15 09:33:25.606755+00:00
2025-02-15 16:30:25.610 | INFO     | __main__:run_module_safe:30 - Account: hxx4xx4fmfj2qoilwk4ud@hotmail.com | Initial farming delay: 4 sec
2025-02-15 16:30:27.011 | INFO     | core.bot:login_new_account:458 - Account: vcbsp.cbspnwpzmwd@hotmail.com | Successfully logged in
2025-02-15 16:30:28.126 | SUCCESS  | core.bot:perform_farming_actions:560 - [32mAccount: vcbsp.cbspnwpzmwd@hotmail.com | Sent keepalive request[0m
2025-02-15 16:30:29.615 | INFO     | core.bot:login_new_account:454 - Account: hxx4xx4fmfj2qoilwk4ud@hotmail.com | Logging in...
2025-02-15 16:30:33.047 | INFO     | core.bot:perform_farming_actions:565 - [32mAccount: F0sm0.0sm0elgj6jfip762@hotmail.com | Total points earned: 21247[0m
2025-02-15 16:30:33.050 | INFO     | database.models.accounts:set_sleep_until:70 - Account: F0sm0.0sm0elgj6jfip762@hotmail.com | Set new sleep_until: 2025-02-15 09:33:33.049100+00:00
2025-02-15 16:30:33.053 | INFO     | __main__:run_module_safe:30 - Account: nidgr.idgr9fjiqpuqj@hotmail.com | Initial farming delay: 2 sec
2025-02-15 16:30:34.327 | INFO     | core.bot:get_captcha_data:26 - Account: hxx4xx4fmfj2qoilwk4ud@hotmail.com | Got puzzle image, solving...
2025-02-15 16:30:35.061 | INFO     | core.bot:login_new_account:454 - Account: nidgr.idgr9fjiqpuqj@hotmail.com | Logging in...
2025-02-15 16:30:37.815 | INFO     | core.bot:perform_farming_actions:565 - [32mAccount: vcbsp.cbspnwpzmwd@hotmail.com | Total points earned: 23015[0m
2025-02-15 16:30:37.819 | INFO     | database.models.accounts:set_sleep_until:70 - Account: vcbsp.cbspnwpzmwd@hotmail.com | Set new sleep_until: 2025-02-15 09:33:37.817505+00:00
2025-02-15 16:30:37.821 | INFO     | __main__:run_module_safe:30 - Account: f0f3z.0f3zrhvi911@hotmail.com | Initial farming delay: 3 sec
2025-02-15 16:30:39.338 | INFO     | core.bot:get_captcha_data:26 - Account: nidgr.idgr9fjiqpuqj@hotmail.com | Got puzzle image, solving...
2025-02-15 16:30:40.825 | INFO     | core.bot:login_new_account:454 - Account: f0f3z.0f3zrhvi911@hotmail.com | Logging in...
2025-02-15 16:30:42.431 | SUCCESS  | core.bot:get_captcha_data:32 - Account: nidgr.idgr9fjiqpuqj@hotmail.com | Puzzle solved: 6RJ#VX
2025-02-15 16:30:44.594 | INFO     | core.bot:login_new_account:458 - Account: nidgr.idgr9fjiqpuqj@hotmail.com | Successfully logged in
2025-02-15 16:30:45.066 | SUCCESS  | core.bot:get_captcha_data:32 - Account: hxx4xx4fmfj2qoilwk4ud@hotmail.com | Puzzle solved: E@SB2X
2025-02-15 16:30:46.283 | SUCCESS  | core.bot:perform_farming_actions:560 - [32mAccount: nidgr.idgr9fjiqpuqj@hotmail.com | Sent keepalive request[0m
2025-02-15 16:30:47.583 | INFO     | core.bot:login_new_account:458 - Account: hxx4xx4fmfj2qoilwk4ud@hotmail.com | Successfully logged in
2025-02-15 16:30:53.126 | SUCCESS  | core.bot:perform_farming_actions:560 - [32mAccount: hxx4xx4fmfj2qoilwk4ud@hotmail.com | Sent keepalive request[0m
2025-02-15 16:30:53.283 | INFO     | core.bot:perform_farming_actions:565 - [32mAccount: nidgr.idgr9fjiqpuqj@hotmail.com | Total points earned: 21127[0m
2025-02-15 16:30:53.287 | INFO     | database.models.accounts:set_sleep_until:70 - Account: nidgr.idgr9fjiqpuqj@hotmail.com | Set new sleep_until: 2025-02-15 09:33:53.285566+00:00
2025-02-15 16:30:53.289 | INFO     | __main__:run_module_safe:30 - Account: Q9ob69ob6e4tem45@hotmail.com | Initial farming delay: 3 sec
2025-02-15 16:30:56.295 | INFO     | core.bot:login_new_account:454 - Account: Q9ob69ob6e4tem45@hotmail.com | Logging in...
2025-02-15 16:30:59.853 | INFO     | core.bot:perform_farming_actions:565 - [32mAccount: hxx4xx4fmfj2qoilwk4ud@hotmail.com | Total points earned: 23504[0m
2025-02-15 16:30:59.857 | INFO     | database.models.accounts:set_sleep_until:70 - Account: hxx4xx4fmfj2qoilwk4ud@hotmail.com | Set new sleep_until: 2025-02-15 09:33:59.855504+00:00
2025-02-15 16:30:59.860 | INFO     | __main__:run_module_safe:30 - Account: Ep7mpwp7mpwhi8va@hotmail.com | Initial farming delay: 3 sec
2025-02-15 16:31:02.873 | INFO     | core.bot:login_new_account:454 - Account: Ep7mpwp7mpwhi8va@hotmail.com | Logging in...
2025-02-15 16:31:07.114 | INFO     | core.bot:get_captcha_data:26 - Account: Q9ob69ob6e4tem45@hotmail.com | Got puzzle image, solving...
2025-02-15 16:31:11.386 | SUCCESS  | core.bot:get_captcha_data:32 - Account: Q9ob69ob6e4tem45@hotmail.com | Puzzle solved: 8FJDR4
2025-02-15 16:31:13.548 | INFO     | core.bot:login_new_account:458 - Account: Q9ob69ob6e4tem45@hotmail.com | Successfully logged in
2025-02-15 16:31:17.672 | SUCCESS  | core.bot:perform_farming_actions:560 - [32mAccount: Q9ob69ob6e4tem45@hotmail.com | Sent keepalive request[0m
2025-02-15 16:31:18.187 | INFO     | core.bot:get_captcha_data:26 - Account: f0f3z.0f3zrhvi911@hotmail.com | Got puzzle image, solving...
2025-02-15 16:31:19.232 | SUCCESS  | core.bot:get_captcha_data:32 - Account: f0f3z.0f3zrhvi911@hotmail.com | Puzzle solved: JMP5TT
2025-02-15 16:31:21.111 | INFO     | core.bot:login_new_account:458 - Account: f0f3z.0f3zrhvi911@hotmail.com | Successfully logged in
2025-02-15 16:31:22.605 | INFO     | core.bot:get_captcha_data:26 - Account: Ep7mpwp7mpwhi8va@hotmail.com | Got puzzle image, solving...
2025-02-15 16:31:26.623 | SUCCESS  | core.bot:get_captcha_data:32 - Account: Ep7mpwp7mpwhi8va@hotmail.com | Puzzle solved: %34JJG
2025-02-15 16:31:28.901 | INFO     | core.bot:login_new_account:458 - Account: Ep7mpwp7mpwhi8va@hotmail.com | Successfully logged in
2025-02-15 16:31:29.364 | SUCCESS  | core.bot:perform_farming_actions:560 - [32mAccount: f0f3z.0f3zrhvi911@hotmail.com | Sent keepalive request[0m
2025-02-15 16:31:33.807 | INFO     | core.bot:perform_farming_actions:565 - [32mAccount: Q9ob69ob6e4tem45@hotmail.com | Total points earned: 19473[0m
2025-02-15 16:31:33.811 | INFO     | database.models.accounts:set_sleep_until:70 - Account: Q9ob69ob6e4tem45@hotmail.com | Set new sleep_until: 2025-02-15 09:34:33.809345+00:00
2025-02-15 16:31:33.813 | INFO     | __main__:run_module_safe:30 - Account: B6lf6lfj1n1v4jji@hotmail.com | Initial farming delay: 5 sec
2025-02-15 16:31:35.083 | INFO     | core.bot:perform_farming_actions:565 - [32mAccount: f0f3z.0f3zrhvi911@hotmail.com | Total points earned: 18857[0m
2025-02-15 16:31:35.087 | INFO     | database.models.accounts:set_sleep_until:70 - Account: f0f3z.0f3zrhvi911@hotmail.com | Set new sleep_until: 2025-02-15 09:34:35.085742+00:00
2025-02-15 16:31:35.089 | INFO     | __main__:run_module_safe:30 - Account: r7zf6.7zf62j2wlep@hotmail.com | Initial farming delay: 2 sec
2025-02-15 16:31:37.093 | INFO     | core.bot:login_new_account:454 - Account: r7zf6.7zf62j2wlep@hotmail.com | Logging in...
2025-02-15 16:31:38.822 | INFO     | core.bot:login_new_account:454 - Account: B6lf6lfj1n1v4jji@hotmail.com | Logging in...
2025-02-15 16:31:38.855 | SUCCESS  | core.bot:perform_farming_actions:560 - [32mAccount: Ep7mpwp7mpwhi8va@hotmail.com | Sent keepalive request[0m
2025-02-15 16:31:44.968 | INFO     | core.bot:perform_farming_actions:565 - [32mAccount: Ep7mpwp7mpwhi8va@hotmail.com | Total points earned: 18857[0m
2025-02-15 16:31:44.971 | INFO     | database.models.accounts:set_sleep_until:70 - Account: Ep7mpwp7mpwhi8va@hotmail.com | Set new sleep_until: 2025-02-15 09:34:44.969697+00:00
2025-02-15 16:31:44.973 | INFO     | __main__:run_module_safe:30 - Account: ns8407s8407trrkk@hotmail.com | Initial farming delay: 4 sec
2025-02-15 16:31:45.214 | INFO     | core.bot:get_captcha_data:26 - Account: r7zf6.7zf62j2wlep@hotmail.com | Got puzzle image, solving...
2025-02-15 16:31:46.230 | SUCCESS  | core.bot:get_captcha_data:32 - Account: r7zf6.7zf62j2wlep@hotmail.com | Puzzle solved: BQT16A
2025-02-15 16:31:48.511 | INFO     | core.bot:login_new_account:458 - Account: r7zf6.7zf62j2wlep@hotmail.com | Successfully logged in
2025-02-15 16:31:48.975 | INFO     | core.bot:login_new_account:454 - Account: ns8407s8407trrkk@hotmail.com | Logging in...
2025-02-15 16:31:55.686 | SUCCESS  | core.bot:perform_farming_actions:560 - [32mAccount: r7zf6.7zf62j2wlep@hotmail.com | Sent keepalive request[0m
2025-02-15 16:32:04.217 | INFO     | core.bot:perform_farming_actions:565 - [32mAccount: r7zf6.7zf62j2wlep@hotmail.com | Total points earned: 24035[0m
2025-02-15 16:32:04.220 | INFO     | database.models.accounts:set_sleep_until:70 - Account: r7zf6.7zf62j2wlep@hotmail.com | Set new sleep_until: 2025-02-15 09:35:04.219088+00:00
2025-02-15 16:32:04.223 | INFO     | __main__:run_module_safe:30 - Account: J_w_eb._w_ebqixcd9t4@hotmail.com | Initial farming delay: 2 sec
2025-02-15 16:32:06.232 | INFO     | core.bot:login_new_account:454 - Account: J_w_eb._w_ebqixcd9t4@hotmail.com | Logging in...
2025-02-15 16:32:08.935 | INFO     | core.bot:get_captcha_data:26 - Account: ns8407s8407trrkk@hotmail.com | Got puzzle image, solving...
2025-02-15 16:32:12.749 | INFO     | core.bot:get_captcha_data:26 - Account: J_w_eb._w_ebqixcd9t4@hotmail.com | Got puzzle image, solving...
2025-02-15 16:32:14.262 | SUCCESS  | core.bot:get_captcha_data:32 - Account: ns8407s8407trrkk@hotmail.com | Puzzle solved: $THW4D
2025-02-15 16:32:16.112 | INFO     | core.bot:login_new_account:458 - Account: ns8407s8407trrkk@hotmail.com | Successfully logged in
2025-02-15 16:32:16.781 | SUCCESS  | core.bot:get_captcha_data:32 - Account: J_w_eb._w_ebqixcd9t4@hotmail.com | Puzzle solved: #MMNJ4
2025-02-15 16:32:18.570 | SUCCESS  | core.bot:perform_farming_actions:560 - [32mAccount: ns8407s8407trrkk@hotmail.com | Sent keepalive request[0m
2025-02-15 16:32:19.122 | INFO     | core.bot:login_new_account:458 - Account: J_w_eb._w_ebqixcd9t4@hotmail.com | Successfully logged in
2025-02-15 16:32:22.959 | SUCCESS  | core.bot:perform_farming_actions:560 - [32mAccount: J_w_eb._w_ebqixcd9t4@hotmail.com | Sent keepalive request[0m
2025-02-15 16:32:26.947 | ERROR    | core.bot:get_captcha_data:62 - Account: B6lf6lfj1n1v4jji@hotmail.com | Error occurred while solving captcha (image): Failed to send request after 3 attempts: Failed to perform, curl: (28) Failed to connect to 138.99.37.230 port 9437 after 14039 ms: Couldn't connect to server. See https://curl.se/libcurl/c/libcurl-errors.html first for more details. | Retrying...
2025-02-15 16:32:29.560 | INFO     | core.bot:get_captcha_data:26 - Account: B6lf6lfj1n1v4jji@hotmail.com | Got puzzle image, solving...
2025-02-15 16:32:30.577 | INFO     | core.bot:perform_farming_actions:565 - [32mAccount: ns8407s8407trrkk@hotmail.com | Total points earned: 23518[0m
2025-02-15 16:32:30.581 | INFO     | database.models.accounts:set_sleep_until:70 - Account: ns8407s8407trrkk@hotmail.com | Set new sleep_until: 2025-02-15 09:35:30.579565+00:00
2025-02-15 16:32:30.583 | INFO     | __main__:run_module_safe:30 - Account: nb7aq.owh571qtsri@hotmail.com | Initial farming delay: 4 sec
2025-02-15 16:32:30.882 | SUCCESS  | core.bot:get_captcha_data:32 - Account: B6lf6lfj1n1v4jji@hotmail.com | Puzzle solved: =WE&AA
2025-02-15 16:32:32.823 | INFO     | core.bot:login_new_account:458 - Account: B6lf6lfj1n1v4jji@hotmail.com | Successfully logged in
2025-02-15 16:32:34.589 | INFO     | core.bot:login_new_account:454 - Account: nb7aq.owh571qtsri@hotmail.com | Logging in...
2025-02-15 16:32:34.755 | INFO     | core.bot:perform_farming_actions:565 - [32mAccount: J_w_eb._w_ebqixcd9t4@hotmail.com | Total points earned: 19396[0m
2025-02-15 16:32:34.759 | INFO     | database.models.accounts:set_sleep_until:70 - Account: J_w_eb._w_ebqixcd9t4@hotmail.com | Set new sleep_until: 2025-02-15 09:35:34.757459+00:00
2025-02-15 16:32:34.761 | INFO     | __main__:run_module_safe:30 - Account: e6eg.6egi7zjv8fnh@hotmail.com | Initial farming delay: 5 sec
2025-02-15 16:32:36.304 | INFO     | core.bot:get_captcha_data:26 - Account: nb7aq.owh571qtsri@hotmail.com | Got puzzle image, solving...
2025-02-15 16:32:39.753 | SUCCESS  | core.bot:perform_farming_actions:560 - [32mAccount: B6lf6lfj1n1v4jji@hotmail.com | Sent keepalive request[0m
2025-02-15 16:32:39.774 | INFO     | core.bot:login_new_account:454 - Account: e6eg.6egi7zjv8fnh@hotmail.com | Logging in...
2025-02-15 16:32:40.687 | SUCCESS  | core.bot:get_captcha_data:32 - Account: nb7aq.owh571qtsri@hotmail.com | Puzzle solved: S=&H@D
2025-02-15 16:32:41.859 | INFO     | core.bot:get_captcha_data:26 - Account: e6eg.6egi7zjv8fnh@hotmail.com | Got puzzle image, solving...
2025-02-15 16:32:42.919 | INFO     | core.bot:login_new_account:458 - Account: nb7aq.owh571qtsri@hotmail.com | Successfully logged in
2025-02-15 16:32:44.792 | SUCCESS  | core.bot:perform_farming_actions:560 - [32mAccount: nb7aq.owh571qtsri@hotmail.com | Sent keepalive request[0m
2025-02-15 16:32:45.889 | SUCCESS  | core.bot:get_captcha_data:32 - Account: e6eg.6egi7zjv8fnh@hotmail.com | Puzzle solved: 3WJ6&K
2025-02-15 16:32:47.756 | INFO     | core.bot:login_new_account:458 - Account: e6eg.6egi7zjv8fnh@hotmail.com | Successfully logged in
2025-02-15 16:32:48.129 | SUCCESS  | core.bot:perform_farming_actions:560 - [32mAccount: e6eg.6egi7zjv8fnh@hotmail.com | Sent keepalive request[0m
2025-02-15 16:32:49.260 | INFO     | core.bot:perform_farming_actions:565 - [32mAccount: B6lf6lfj1n1v4jji@hotmail.com | Total points earned: 21728[0m
2025-02-15 16:32:49.264 | INFO     | database.models.accounts:set_sleep_until:70 - Account: B6lf6lfj1n1v4jji@hotmail.com | Set new sleep_until: 2025-02-15 09:35:49.262663+00:00
2025-02-15 16:32:49.266 | INFO     | __main__:run_module_safe:30 - Account: Fs_6.s_691lrn11r1j2s6@hotmail.com | Initial farming delay: 3 sec
2025-02-15 16:32:52.270 | INFO     | core.bot:login_new_account:454 - Account: Fs_6.s_691lrn11r1j2s6@hotmail.com | Logging in...
2025-02-15 16:32:56.205 | INFO     | core.bot:perform_farming_actions:565 - [32mAccount: nb7aq.owh571qtsri@hotmail.com | Total points earned: 21063[0m
2025-02-15 16:32:56.209 | INFO     | database.models.accounts:set_sleep_until:70 - Account: nb7aq.owh571qtsri@hotmail.com | Set new sleep_until: 2025-02-15 09:35:56.207615+00:00
2025-02-15 16:32:56.211 | INFO     | __main__:run_module_safe:30 - Account: zym4s7.ym4s76ur_hf168g0@hotmail.com | Initial farming delay: 5 sec
2025-02-15 16:32:58.023 | INFO     | core.bot:perform_farming_actions:565 - [32mAccount: e6eg.6egi7zjv8fnh@hotmail.com | Total points earned: 23104[0m
2025-02-15 16:32:58.027 | INFO     | database.models.accounts:set_sleep_until:70 - Account: e6eg.6egi7zjv8fnh@hotmail.com | Set new sleep_until: 2025-02-15 09:35:58.025489+00:00
2025-02-15 16:32:58.029 | INFO     | __main__:run_module_safe:30 - Account: Vixa.ixaivszgrcbj@hotmail.com | Initial farming delay: 2 sec
2025-02-15 16:33:00.037 | INFO     | core.bot:login_new_account:454 - Account: Vixa.ixaivszgrcbj@hotmail.com | Logging in...
2025-02-15 16:33:01.221 | INFO     | core.bot:login_new_account:454 - Account: zym4s7.ym4s76ur_hf168g0@hotmail.com | Logging in...
2025-02-15 16:33:05.241 | INFO     | core.bot:get_captcha_data:26 - Account: zym4s7.ym4s76ur_hf168g0@hotmail.com | Got puzzle image, solving...
2025-02-15 16:33:07.884 | SUCCESS  | core.bot:get_captcha_data:32 - Account: zym4s7.ym4s76ur_hf168g0@hotmail.com | Puzzle solved: N&BW$V
2025-02-15 16:33:10.363 | INFO     | core.bot:login_new_account:458 - Account: zym4s7.ym4s76ur_hf168g0@hotmail.com | Successfully logged in
2025-02-15 16:33:14.944 | SUCCESS  | core.bot:perform_farming_actions:560 - [32mAccount: zym4s7.ym4s76ur_hf168g0@hotmail.com | Sent keepalive request[0m
2025-02-15 16:33:18.103 | INFO     | core.bot:get_captcha_data:26 - Account: Fs_6.s_691lrn11r1j2s6@hotmail.com | Got puzzle image, solving...
2025-02-15 16:33:21.230 | SUCCESS  | core.bot:get_captcha_data:32 - Account: Fs_6.s_691lrn11r1j2s6@hotmail.com | Puzzle solved: $TH2FN
2025-02-15 16:33:22.437 | INFO     | core.bot:get_captcha_data:26 - Account: Vixa.ixaivszgrcbj@hotmail.com | Got puzzle image, solving...
2025-02-15 16:33:23.134 | SUCCESS  | core.bot:get_captcha_data:32 - Account: Vixa.ixaivszgrcbj@hotmail.com | Puzzle solved: XXX5%S
2025-02-15 16:33:23.508 | INFO     | core.bot:login_new_account:458 - Account: Fs_6.s_691lrn11r1j2s6@hotmail.com | Successfully logged in
2025-02-15 16:33:23.682 | INFO     | core.bot:perform_farming_actions:565 - [32mAccount: zym4s7.ym4s76ur_hf168g0@hotmail.com | Total points earned: 16824[0m
2025-02-15 16:33:23.686 | INFO     | database.models.accounts:set_sleep_until:70 - Account: zym4s7.ym4s76ur_hf168g0@hotmail.com | Set new sleep_until: 2025-02-15 09:36:23.684709+00:00
2025-02-15 16:33:23.688 | INFO     | __main__:run_module_safe:30 - Account: Jfd53m.fd53mhq_a_dtedn@hotmail.com | Initial farming delay: 3 sec
2025-02-15 16:33:25.315 | INFO     | core.bot:login_new_account:458 - Account: Vixa.ixaivszgrcbj@hotmail.com | Successfully logged in
2025-02-15 16:33:26.158 | SUCCESS  | core.bot:perform_farming_actions:560 - [32mAccount: Vixa.ixaivszgrcbj@hotmail.com | Sent keepalive request[0m
2025-02-15 16:33:26.695 | INFO     | core.bot:login_new_account:454 - Account: Jfd53m.fd53mhq_a_dtedn@hotmail.com | Logging in...
2025-02-15 16:33:31.783 | SUCCESS  | core.bot:perform_farming_actions:560 - [32mAccount: Fs_6.s_691lrn11r1j2s6@hotmail.com | Sent keepalive request[0m
2025-02-15 16:33:36.007 | INFO     | core.bot:perform_farming_actions:565 - [32mAccount: Vixa.ixaivszgrcbj@hotmail.com | Total points earned: 16843[0m
2025-02-15 16:33:36.010 | INFO     | database.models.accounts:set_sleep_until:70 - Account: Vixa.ixaivszgrcbj@hotmail.com | Set new sleep_until: 2025-02-15 09:36:36.009064+00:00
2025-02-15 16:33:36.013 | INFO     | __main__:run_module_safe:30 - Account: t9u9v1.9u9v1mq893@hotmail.com | Initial farming delay: 3 sec
2025-02-15 16:33:39.017 | INFO     | core.bot:login_new_account:454 - Account: t9u9v1.9u9v1mq893@hotmail.com | Logging in...
2025-02-15 16:33:41.817 | INFO     | core.bot:get_captcha_data:26 - Account: t9u9v1.9u9v1mq893@hotmail.com | Got puzzle image, solving...
2025-02-15 16:33:41.895 | INFO     | core.bot:perform_farming_actions:565 - [32mAccount: Fs_6.s_691lrn11r1j2s6@hotmail.com | Total points earned: 16843[0m
2025-02-15 16:33:41.899 | INFO     | database.models.accounts:set_sleep_until:70 - Account: Fs_6.s_691lrn11r1j2s6@hotmail.com | Set new sleep_until: 2025-02-15 09:36:41.897034+00:00
2025-02-15 16:33:41.901 | INFO     | __main__:run_module_safe:30 - Account: p3vyo.3vyo962z88hbb@hotmail.com | Initial farming delay: 3 sec
2025-02-15 16:33:43.199 | SUCCESS  | core.bot:get_captcha_data:32 - Account: t9u9v1.9u9v1mq893@hotmail.com | Puzzle solved: KJPSMP
2025-02-15 16:33:44.904 | INFO     | core.bot:login_new_account:454 - Account: p3vyo.3vyo962z88hbb@hotmail.com | Logging in...
2025-02-15 16:33:45.229 | INFO     | core.bot:login_new_account:458 - Account: t9u9v1.9u9v1mq893@hotmail.com | Successfully logged in
2025-02-15 16:33:47.348 | SUCCESS  | core.bot:perform_farming_actions:560 - [32mAccount: t9u9v1.9u9v1mq893@hotmail.com | Sent keepalive request[0m
2025-02-15 16:33:51.923 | INFO     | core.bot:get_captcha_data:26 - Account: p3vyo.3vyo962z88hbb@hotmail.com | Got puzzle image, solving...
2025-02-15 16:33:55.667 | INFO     | core.bot:perform_farming_actions:565 - [32mAccount: t9u9v1.9u9v1mq893@hotmail.com | Total points earned: 23250[0m
2025-02-15 16:33:55.671 | INFO     | database.models.accounts:set_sleep_until:70 - Account: t9u9v1.9u9v1mq893@hotmail.com | Set new sleep_until: 2025-02-15 09:36:55.669753+00:00
2025-02-15 16:33:55.674 | INFO     | __main__:run_module_safe:30 - Account: tm9fm9fkprmlf1jz@hotmail.com | Initial farming delay: 2 sec
2025-02-15 16:33:57.681 | INFO     | core.bot:login_new_account:454 - Account: tm9fm9fkprmlf1jz@hotmail.com | Logging in...
2025-02-15 16:33:58.010 | SUCCESS  | core.bot:get_captcha_data:32 - Account: p3vyo.3vyo962z88hbb@hotmail.com | Puzzle solved: EMSW2F
2025-02-15 16:34:00.245 | INFO     | core.bot:login_new_account:458 - Account: p3vyo.3vyo962z88hbb@hotmail.com | Successfully logged in
2025-02-15 16:34:05.394 | INFO     | core.bot:get_captcha_data:26 - Account: Jfd53m.fd53mhq_a_dtedn@hotmail.com | Got puzzle image, solving...
2025-02-15 16:34:07.043 | INFO     | core.bot:get_captcha_data:26 - Account: tm9fm9fkprmlf1jz@hotmail.com | Got puzzle image, solving...
2025-02-15 16:34:07.723 | SUCCESS  | core.bot:get_captcha_data:32 - Account: tm9fm9fkprmlf1jz@hotmail.com | Puzzle solved: YMVJAV
2025-02-15 16:34:09.807 | INFO     | core.bot:login_new_account:458 - Account: tm9fm9fkprmlf1jz@hotmail.com | Successfully logged in
2025-02-15 16:34:09.976 | SUCCESS  | core.bot:perform_farming_actions:560 - [32mAccount: p3vyo.3vyo962z88hbb@hotmail.com | Sent keepalive request[0m
2025-02-15 16:34:10.029 | SUCCESS  | core.bot:get_captcha_data:32 - Account: Jfd53m.fd53mhq_a_dtedn@hotmail.com | Puzzle solved: CT1QBJ
2025-02-15 16:34:10.199 | SUCCESS  | core.bot:perform_farming_actions:560 - [32mAccount: tm9fm9fkprmlf1jz@hotmail.com | Sent keepalive request[0m
2025-02-15 16:34:11.899 | INFO     | core.bot:login_new_account:458 - Account: Jfd53m.fd53mhq_a_dtedn@hotmail.com | Successfully logged in
2025-02-15 16:34:18.989 | INFO     | core.bot:perform_farming_actions:565 - [32mAccount: tm9fm9fkprmlf1jz@hotmail.com | Total points earned: 22218[0m
2025-02-15 16:34:18.993 | INFO     | database.models.accounts:set_sleep_until:70 - Account: tm9fm9fkprmlf1jz@hotmail.com | Set new sleep_until: 2025-02-15 09:37:18.991384+00:00
2025-02-15 16:34:18.995 | INFO     | __main__:run_module_safe:30 - Account: oou7q1.ou7q1fdwkqa@hotmail.com | Initial farming delay: 3 sec
2025-02-15 16:34:21.999 | INFO     | core.bot:login_new_account:454 - Account: oou7q1.ou7q1fdwkqa@hotmail.com | Logging in...
2025-02-15 16:34:22.971 | INFO     | core.bot:perform_farming_actions:565 - [32mAccount: p3vyo.3vyo962z88hbb@hotmail.com | Total points earned: 22218[0m
2025-02-15 16:34:22.974 | INFO     | database.models.accounts:set_sleep_until:70 - Account: p3vyo.3vyo962z88hbb@hotmail.com | Set new sleep_until: 2025-02-15 09:37:22.972992+00:00
2025-02-15 16:34:22.977 | INFO     | __main__:run_module_safe:30 - Account: rd7ov.d7ov0f7o4he8fe@hotmail.com | Initial farming delay: 2 sec
2025-02-15 16:34:23.378 | SUCCESS  | core.bot:perform_farming_actions:560 - [32mAccount: Jfd53m.fd53mhq_a_dtedn@hotmail.com | Sent keepalive request[0m
2025-02-15 16:34:24.984 | INFO     | core.bot:login_new_account:454 - Account: rd7ov.d7ov0f7o4he8fe@hotmail.com | Logging in...
2025-02-15 16:34:28.270 | INFO     | core.bot:get_captcha_data:26 - Account: oou7q1.ou7q1fdwkqa@hotmail.com | Got puzzle image, solving...
2025-02-15 16:34:29.363 | SUCCESS  | core.bot:get_captcha_data:32 - Account: oou7q1.ou7q1fdwkqa@hotmail.com | Puzzle solved: 1E1PTM
2025-02-15 16:34:31.476 | INFO     | core.bot:login_new_account:458 - Account: oou7q1.ou7q1fdwkqa@hotmail.com | Successfully logged in
2025-02-15 16:34:31.834 | SUCCESS  | core.bot:perform_farming_actions:560 - [32mAccount: oou7q1.ou7q1fdwkqa@hotmail.com | Sent keepalive request[0m
2025-02-15 16:34:35.589 | INFO     | core.bot:perform_farming_actions:565 - [32mAccount: Jfd53m.fd53mhq_a_dtedn@hotmail.com | Total points earned: 21093[0m
2025-02-15 16:34:35.593 | INFO     | database.models.accounts:set_sleep_until:70 - Account: Jfd53m.fd53mhq_a_dtedn@hotmail.com | Set new sleep_until: 2025-02-15 09:37:35.591496+00:00
2025-02-15 16:34:35.595 | INFO     | __main__:run_module_safe:30 - Account: eck7.ck7tjppyb01b@hotmail.com | Initial farming delay: 3 sec
2025-02-15 16:34:38.612 | INFO     | core.bot:login_new_account:454 - Account: eck7.ck7tjppyb01b@hotmail.com | Logging in...
2025-02-15 16:34:43.184 | INFO     | core.bot:get_captcha_data:26 - Account: eck7.ck7tjppyb01b@hotmail.com | Got puzzle image, solving...
2025-02-15 16:34:45.303 | SUCCESS  | core.bot:get_captcha_data:32 - Account: eck7.ck7tjppyb01b@hotmail.com | Puzzle solved: H44P@2
2025-02-15 16:34:45.409 | INFO     | core.bot:perform_farming_actions:565 - [32mAccount: oou7q1.ou7q1fdwkqa@hotmail.com | Total points earned: 23840[0m
2025-02-15 16:34:45.412 | INFO     | database.models.accounts:set_sleep_until:70 - Account: oou7q1.ou7q1fdwkqa@hotmail.com | Set new sleep_until: 2025-02-15 09:37:45.410845+00:00
2025-02-15 16:34:45.415 | INFO     | __main__:run_module_safe:30 - Account: vwrmgywrmgykfvynvjx8lk@hotmail.com | Initial farming delay: 2 sec
2025-02-15 16:34:47.423 | INFO     | core.bot:login_new_account:454 - Account: vwrmgywrmgykfvynvjx8lk@hotmail.com | Logging in...
2025-02-15 16:34:47.568 | INFO     | core.bot:login_new_account:458 - Account: eck7.ck7tjppyb01b@hotmail.com | Successfully logged in
2025-02-15 16:34:49.566 | SUCCESS  | core.bot:perform_farming_actions:560 - [32mAccount: eck7.ck7tjppyb01b@hotmail.com | Sent keepalive request[0m
2025-02-15 16:34:56.666 | INFO     | core.bot:get_captcha_data:26 - Account: vwrmgywrmgykfvynvjx8lk@hotmail.com | Got puzzle image, solving...
2025-02-15 16:34:58.039 | SUCCESS  | core.bot:get_captcha_data:32 - Account: vwrmgywrmgykfvynvjx8lk@hotmail.com | Puzzle solved: 61C3FS
2025-02-15 16:35:00.313 | INFO     | core.bot:login_new_account:458 - Account: vwrmgywrmgykfvynvjx8lk@hotmail.com | Successfully logged in
2025-02-15 16:35:02.341 | INFO     | core.bot:perform_farming_actions:565 - [32mAccount: eck7.ck7tjppyb01b@hotmail.com | Total points earned: 17931[0m
2025-02-15 16:35:02.345 | INFO     | database.models.accounts:set_sleep_until:70 - Account: eck7.ck7tjppyb01b@hotmail.com | Set new sleep_until: 2025-02-15 09:38:02.343458+00:00
2025-02-15 16:35:02.347 | INFO     | __main__:run_module_safe:30 - Account: Kqz9qz9zsmogjs8gup2b@hotmail.com | Initial farming delay: 3 sec
2025-02-15 16:35:02.538 | SUCCESS  | core.bot:perform_farming_actions:560 - [32mAccount: vwrmgywrmgykfvynvjx8lk@hotmail.com | Sent keepalive request[0m
2025-02-15 16:35:05.259 | INFO     | core.bot:get_captcha_data:26 - Account: rd7ov.d7ov0f7o4he8fe@hotmail.com | Got puzzle image, solving...
2025-02-15 16:35:05.354 | INFO     | core.bot:login_new_account:454 - Account: Kqz9qz9zsmogjs8gup2b@hotmail.com | Logging in...
2025-02-15 16:35:09.660 | SUCCESS  | core.bot:get_captcha_data:32 - Account: rd7ov.d7ov0f7o4he8fe@hotmail.com | Puzzle solved: EVFCFC
2025-02-15 16:35:10.774 | INFO     | core.bot:get_captcha_data:26 - Account: Kqz9qz9zsmogjs8gup2b@hotmail.com | Got puzzle image, solving...
2025-02-15 16:35:11.827 | INFO     | core.bot:login_new_account:458 - Account: rd7ov.d7ov0f7o4he8fe@hotmail.com | Successfully logged in
2025-02-15 16:35:14.798 | SUCCESS  | core.bot:get_captcha_data:32 - Account: Kqz9qz9zsmogjs8gup2b@hotmail.com | Puzzle solved: =RFSF4
2025-02-15 16:35:16.828 | INFO     | core.bot:login_new_account:458 - Account: Kqz9qz9zsmogjs8gup2b@hotmail.com | Successfully logged in
2025-02-15 16:35:17.428 | SUCCESS  | core.bot:perform_farming_actions:560 - [32mAccount: rd7ov.d7ov0f7o4he8fe@hotmail.com | Sent keepalive request[0m
2025-02-15 16:35:19.490 | INFO     | core.bot:perform_farming_actions:565 - [32mAccount: vwrmgywrmgykfvynvjx8lk@hotmail.com | Total points earned: 19305[0m
2025-02-15 16:35:19.494 | INFO     | database.models.accounts:set_sleep_until:70 - Account: vwrmgywrmgykfvynvjx8lk@hotmail.com | Set new sleep_until: 2025-02-15 09:38:19.492560+00:00
2025-02-15 16:35:19.496 | INFO     | __main__:run_module_safe:30 - Account: gu_bu_bdjv6e4ooc@hotmail.com | Initial farming delay: 5 sec
2025-02-15 16:35:19.933 | SUCCESS  | core.bot:perform_farming_actions:560 - [32mAccount: Kqz9qz9zsmogjs8gup2b@hotmail.com | Sent keepalive request[0m
2025-02-15 16:35:24.501 | INFO     | core.bot:login_new_account:454 - Account: gu_bu_bdjv6e4ooc@hotmail.com | Logging in...
2025-02-15 16:35:29.168 | INFO     | core.bot:perform_farming_actions:565 - [32mAccount: Kqz9qz9zsmogjs8gup2b@hotmail.com | Total points earned: 18050[0m
2025-02-15 16:35:29.172 | INFO     | database.models.accounts:set_sleep_until:70 - Account: Kqz9qz9zsmogjs8gup2b@hotmail.com | Set new sleep_until: 2025-02-15 09:38:29.170196+00:00
2025-02-15 16:35:29.174 | INFO     | __main__:run_module_safe:30 - Account: bs8407.s8407trrkk@hotmail.com | Initial farming delay: 5 sec
2025-02-15 16:35:31.151 | INFO     | core.bot:perform_farming_actions:565 - [32mAccount: rd7ov.d7ov0f7o4he8fe@hotmail.com | Total points earned: 18050[0m
2025-02-15 16:35:31.155 | INFO     | database.models.accounts:set_sleep_until:70 - Account: rd7ov.d7ov0f7o4he8fe@hotmail.com | Set new sleep_until: 2025-02-15 09:38:31.153278+00:00
2025-02-15 16:35:31.157 | INFO     | __main__:run_module_safe:30 - Account: F4n48i.4n48i7yqo55@hotmail.com | Initial farming delay: 5 sec
2025-02-15 16:35:34.187 | INFO     | core.bot:login_new_account:454 - Account: bs8407.s8407trrkk@hotmail.com | Logging in...
2025-02-15 16:35:36.173 | INFO     | core.bot:login_new_account:454 - Account: F4n48i.4n48i7yqo55@hotmail.com | Logging in...
2025-02-15 16:35:38.657 | INFO     | core.bot:get_captcha_data:26 - Account: bs8407.s8407trrkk@hotmail.com | Got puzzle image, solving...
2025-02-15 16:35:43.593 | SUCCESS  | core.bot:get_captcha_data:32 - Account: bs8407.s8407trrkk@hotmail.com | Puzzle solved: NFQ=KS
2025-02-15 16:35:43.879 | INFO     | core.bot:get_captcha_data:26 - Account: gu_bu_bdjv6e4ooc@hotmail.com | Got puzzle image, solving...
2025-02-15 16:35:45.785 | INFO     | core.bot:login_new_account:458 - Account: bs8407.s8407trrkk@hotmail.com | Successfully logged in
2025-02-15 16:35:47.127 | SUCCESS  | core.bot:perform_farming_actions:560 - [32mAccount: bs8407.s8407trrkk@hotmail.com | Sent keepalive request[0m
2025-02-15 16:35:59.087 | INFO     | core.bot:perform_farming_actions:565 - [32mAccount: bs8407.s8407trrkk@hotmail.com | Total points earned: 21737[0m
2025-02-15 16:35:59.091 | INFO     | database.models.accounts:set_sleep_until:70 - Account: bs8407.s8407trrkk@hotmail.com | Set new sleep_until: 2025-02-15 09:38:59.089758+00:00
2025-02-15 16:35:59.093 | INFO     | __main__:run_module_safe:30 - Account: i725.725fl4hn98dbj@hotmail.com | Initial farming delay: 4 sec
2025-02-15 16:36:03.111 | INFO     | core.bot:login_new_account:454 - Account: i725.725fl4hn98dbj@hotmail.com | Logging in...
2025-02-15 16:36:07.976 | SUCCESS  | core.bot:get_captcha_data:32 - Account: gu_bu_bdjv6e4ooc@hotmail.com | Puzzle solved: FG#x3A
2025-02-15 16:36:09.023 | WARNING  | core.bot:login_new_account:466 - Account: gu_bu_bdjv6e4ooc@hotmail.com | Captcha answer incorrect, re-solving...
2025-02-15 16:36:09.423 | INFO     | core.bot:login_new_account:454 - Account: gu_bu_bdjv6e4ooc@hotmail.com | Logging in...
2025-02-15 16:36:10.840 | INFO     | core.bot:get_captcha_data:26 - Account: gu_bu_bdjv6e4ooc@hotmail.com | Got puzzle image, solving...
2025-02-15 16:36:11.540 | SUCCESS  | core.bot:get_captcha_data:32 - Account: gu_bu_bdjv6e4ooc@hotmail.com | Puzzle solved: 4&@FV3
2025-02-15 16:36:13.636 | INFO     | core.bot:login_new_account:458 - Account: gu_bu_bdjv6e4ooc@hotmail.com | Successfully logged in
2025-02-15 16:36:13.727 | INFO     | core.bot:get_captcha_data:26 - Account: F4n48i.4n48i7yqo55@hotmail.com | Got puzzle image, solving...
2025-02-15 16:36:14.267 | SUCCESS  | core.bot:perform_farming_actions:560 - [32mAccount: gu_bu_bdjv6e4ooc@hotmail.com | Sent keepalive request[0m
2025-02-15 16:36:14.699 | SUCCESS  | core.bot:get_captcha_data:32 - Account: F4n48i.4n48i7yqo55@hotmail.com | Puzzle solved: A1W1HB
2025-02-15 16:36:16.888 | INFO     | core.bot:login_new_account:458 - Account: F4n48i.4n48i7yqo55@hotmail.com | Successfully logged in
2025-02-15 16:36:17.214 | SUCCESS  | core.bot:perform_farming_actions:560 - [32mAccount: F4n48i.4n48i7yqo55@hotmail.com | Sent keepalive request[0m
2025-02-15 16:36:24.803 | INFO     | core.bot:get_captcha_data:26 - Account: i725.725fl4hn98dbj@hotmail.com | Got puzzle image, solving...
2025-02-15 16:36:27.233 | INFO     | core.bot:perform_farming_actions:565 - [32mAccount: F4n48i.4n48i7yqo55@hotmail.com | Total points earned: 17631[0m
2025-02-15 16:36:27.237 | INFO     | database.models.accounts:set_sleep_until:70 - Account: F4n48i.4n48i7yqo55@hotmail.com | Set new sleep_until: 2025-02-15 09:39:27.235665+00:00
2025-02-15 16:36:27.239 | INFO     | __main__:run_module_safe:30 - Account: Rhu42t.hu42tugds6lw0u@hotmail.com | Initial farming delay: 5 sec
2025-02-15 16:36:29.587 | INFO     | core.bot:perform_farming_actions:565 - [32mAccount: gu_bu_bdjv6e4ooc@hotmail.com | Total points earned: 23234[0m
2025-02-15 16:36:29.590 | INFO     | database.models.accounts:set_sleep_until:70 - Account: gu_bu_bdjv6e4ooc@hotmail.com | Set new sleep_until: 2025-02-15 09:39:29.589219+00:00
2025-02-15 16:36:29.593 | INFO     | __main__:run_module_safe:30 - Account: Kp1z4vp1z4vwv_ls@hotmail.com | Initial farming delay: 3 sec
2025-02-15 16:36:31.509 | SUCCESS  | core.bot:get_captcha_data:32 - Account: i725.725fl4hn98dbj@hotmail.com | Puzzle solved: $EXKMN
2025-02-15 16:36:32.251 | INFO     | core.bot:login_new_account:454 - Account: Rhu42t.hu42tugds6lw0u@hotmail.com | Logging in...
2025-02-15 16:36:32.606 | INFO     | core.bot:login_new_account:454 - Account: Kp1z4vp1z4vwv_ls@hotmail.com | Logging in...
2025-02-15 16:36:33.931 | INFO     | core.bot:login_new_account:458 - Account: i725.725fl4hn98dbj@hotmail.com | Successfully logged in
2025-02-15 16:36:35.805 | SUCCESS  | core.bot:perform_farming_actions:560 - [32mAccount: i725.725fl4hn98dbj@hotmail.com | Sent keepalive request[0m
2025-02-15 16:36:46.195 | INFO     | core.bot:perform_farming_actions:565 - [32mAccount: i725.725fl4hn98dbj@hotmail.com | Total points earned: 17899[0m
2025-02-15 16:36:46.199 | INFO     | database.models.accounts:set_sleep_until:70 - Account: i725.725fl4hn98dbj@hotmail.com | Set new sleep_until: 2025-02-15 09:39:46.197407+00:00
2025-02-15 16:36:46.201 | INFO     | __main__:run_module_safe:30 - Account: wo3wwyo3wwyc2giv@hotmail.com | Initial farming delay: 3 sec
2025-02-15 16:36:49.211 | INFO     | core.bot:login_new_account:454 - Account: wo3wwyo3wwyc2giv@hotmail.com | Logging in...
2025-02-15 16:36:52.794 | INFO     | core.bot:get_captcha_data:26 - Account: Rhu42t.hu42tugds6lw0u@hotmail.com | Got puzzle image, solving...
2025-02-15 16:36:57.397 | SUCCESS  | core.bot:get_captcha_data:32 - Account: Rhu42t.hu42tugds6lw0u@hotmail.com | Puzzle solved: 4=VJTK
2025-02-15 16:36:59.667 | INFO     | core.bot:login_new_account:458 - Account: Rhu42t.hu42tugds6lw0u@hotmail.com | Successfully logged in
2025-02-15 16:37:10.128 | SUCCESS  | core.bot:perform_farming_actions:560 - [32mAccount: Rhu42t.hu42tugds6lw0u@hotmail.com | Sent keepalive request[0m
2025-02-15 16:37:18.686 | INFO     | core.bot:perform_farming_actions:565 - [32mAccount: Rhu42t.hu42tugds6lw0u@hotmail.com | Total points earned: 21379[0m
2025-02-15 16:37:18.689 | INFO     | database.models.accounts:set_sleep_until:70 - Account: Rhu42t.hu42tugds6lw0u@hotmail.com | Set new sleep_until: 2025-02-15 09:40:18.687806+00:00
2025-02-15 16:37:18.691 | INFO     | __main__:run_module_safe:30 - Account: O6egi7.6egi7zjv8f@hotmail.com | Initial farming delay: 2 sec
2025-02-15 16:37:20.702 | INFO     | core.bot:login_new_account:454 - Account: O6egi7.6egi7zjv8f@hotmail.com | Logging in...
2025-02-15 16:37:20.732 | ERROR    | core.bot:get_captcha_data:62 - Account: Kp1z4vp1z4vwv_ls@hotmail.com | Error occurred while solving captcha (image): Failed to send request after 3 attempts: Failed to perform, curl: (28) Failed to connect to 45.93.213.189 port 8000 after 14040 ms: Couldn't connect to server. See https://curl.se/libcurl/c/libcurl-errors.html first for more details. | Retrying...
2025-02-15 16:37:22.726 | INFO     | core.bot:get_captcha_data:26 - Account: O6egi7.6egi7zjv8f@hotmail.com | Got puzzle image, solving...
2025-02-15 16:37:23.999 | SUCCESS  | core.bot:get_captcha_data:32 - Account: O6egi7.6egi7zjv8f@hotmail.com | Puzzle solved: R@543H
2025-02-15 16:37:26.344 | INFO     | core.bot:login_new_account:458 - Account: O6egi7.6egi7zjv8f@hotmail.com | Successfully logged in
2025-02-15 16:37:27.453 | INFO     | core.bot:get_captcha_data:26 - Account: wo3wwyo3wwyc2giv@hotmail.com | Got puzzle image, solving...
2025-02-15 16:37:28.116 | SUCCESS  | core.bot:get_captcha_data:32 - Account: wo3wwyo3wwyc2giv@hotmail.com | Puzzle solved: GGJN2T
2025-02-15 16:37:28.692 | SUCCESS  | core.bot:perform_farming_actions:560 - [32mAccount: O6egi7.6egi7zjv8f@hotmail.com | Sent keepalive request[0m
2025-02-15 16:37:30.661 | INFO     | core.bot:login_new_account:458 - Account: wo3wwyo3wwyc2giv@hotmail.com | Successfully logged in
2025-02-15 16:37:31.118 | SUCCESS  | core.bot:perform_farming_actions:560 - [32mAccount: wo3wwyo3wwyc2giv@hotmail.com | Sent keepalive request[0m
2025-02-15 16:37:34.544 | INFO     | core.bot:perform_farming_actions:565 - [32mAccount: O6egi7.6egi7zjv8f@hotmail.com | Total points earned: 17220[0m
2025-02-15 16:37:34.547 | INFO     | database.models.accounts:set_sleep_until:70 - Account: O6egi7.6egi7zjv8f@hotmail.com | Set new sleep_until: 2025-02-15 09:40:34.546069+00:00
2025-02-15 16:37:34.550 | INFO     | __main__:run_module_safe:30 - Account: uxqgul.xqguluwug6@hotmail.com | Initial farming delay: 2 sec
2025-02-15 16:37:36.559 | INFO     | core.bot:login_new_account:454 - Account: uxqgul.xqguluwug6@hotmail.com | Logging in...
2025-02-15 16:37:38.608 | INFO     | core.bot:get_captcha_data:26 - Account: uxqgul.xqguluwug6@hotmail.com | Got puzzle image, solving...
2025-02-15 16:37:39.403 | INFO     | core.bot:perform_farming_actions:565 - [32mAccount: wo3wwyo3wwyc2giv@hotmail.com | Total points earned: 23753[0m
2025-02-15 16:37:39.407 | INFO     | database.models.accounts:set_sleep_until:70 - Account: wo3wwyo3wwyc2giv@hotmail.com | Set new sleep_until: 2025-02-15 09:40:39.405449+00:00
2025-02-15 16:37:39.409 | INFO     | __main__:run_module_safe:30 - Account: wwitm.witm44m0e0g@hotmail.com | Initial farming delay: 4 sec
2025-02-15 16:37:41.476 | SUCCESS  | core.bot:get_captcha_data:32 - Account: uxqgul.xqguluwug6@hotmail.com | Puzzle solved: 1SH@H@
2025-02-15 16:37:42.229 | INFO     | core.bot:get_captcha_data:26 - Account: Kp1z4vp1z4vwv_ls@hotmail.com | Got puzzle image, solving...
2025-02-15 16:37:43.414 | INFO     | core.bot:login_new_account:454 - Account: wwitm.witm44m0e0g@hotmail.com | Logging in...
2025-02-15 16:37:43.642 | INFO     | core.bot:login_new_account:458 - Account: uxqgul.xqguluwug6@hotmail.com | Successfully logged in
2025-02-15 16:37:45.342 | SUCCESS  | core.bot:perform_farming_actions:560 - [32mAccount: uxqgul.xqguluwug6@hotmail.com | Sent keepalive request[0m
2025-02-15 16:37:49.581 | SUCCESS  | core.bot:get_captcha_data:32 - Account: Kp1z4vp1z4vwv_ls@hotmail.com | Puzzle solved: X46MBA
2025-02-15 16:37:51.778 | INFO     | core.bot:login_new_account:458 - Account: Kp1z4vp1z4vwv_ls@hotmail.com | Successfully logged in
2025-02-15 16:37:52.972 | INFO     | core.bot:perform_farming_actions:565 - [32mAccount: uxqgul.xqguluwug6@hotmail.com | Total points earned: 23707[0m
2025-02-15 16:37:52.976 | INFO     | database.models.accounts:set_sleep_until:70 - Account: uxqgul.xqguluwug6@hotmail.com | Set new sleep_until: 2025-02-15 09:40:52.974760+00:00
2025-02-15 16:37:52.978 | INFO     | __main__:run_module_safe:30 - Account: Zts_ts_lu8qmoeik@hotmail.com | Initial farming delay: 5 sec
2025-02-15 16:37:54.909 | SUCCESS  | core.bot:perform_farming_actions:560 - [32mAccount: Kp1z4vp1z4vwv_ls@hotmail.com | Sent keepalive request[0m
2025-02-15 16:37:57.982 | INFO     | core.bot:login_new_account:454 - Account: Zts_ts_lu8qmoeik@hotmail.com | Logging in...
2025-02-15 16:37:59.231 | INFO     | core.bot:perform_farming_actions:565 - [32mAccount: Kp1z4vp1z4vwv_ls@hotmail.com | Total points earned: 17695[0m
2025-02-15 16:37:59.235 | INFO     | database.models.accounts:set_sleep_until:70 - Account: Kp1z4vp1z4vwv_ls@hotmail.com | Set new sleep_until: 2025-02-15 09:40:59.233484+00:00
2025-02-15 16:37:59.237 | INFO     | __main__:run_module_safe:30 - Account: yqfdqfdgufpoxm27@hotmail.com | Initial farming delay: 5 sec
2025-02-15 16:38:04.251 | INFO     | core.bot:login_new_account:454 - Account: yqfdqfdgufpoxm27@hotmail.com | Logging in...
2025-02-15 16:38:07.771 | INFO     | core.bot:get_captcha_data:26 - Account: yqfdqfdgufpoxm27@hotmail.com | Got puzzle image, solving...
2025-02-15 16:38:13.233 | SUCCESS  | core.bot:get_captcha_data:32 - Account: yqfdqfdgufpoxm27@hotmail.com | Puzzle solved: 4BHNS4
2025-02-15 16:38:15.344 | INFO     | core.bot:login_new_account:458 - Account: yqfdqfdgufpoxm27@hotmail.com | Successfully logged in
2025-02-15 16:38:23.622 | SUCCESS  | core.bot:perform_farming_actions:560 - [32mAccount: yqfdqfdgufpoxm27@hotmail.com | Sent keepalive request[0m
2025-02-15 16:38:31.482 | ERROR    | core.bot:get_captcha_data:62 - Account: wwitm.witm44m0e0g@hotmail.com | Error occurred while solving captcha (image): Failed to send request after 3 attempts: Failed to perform, curl: (28) Failed to connect to 168.80.26.94 port 8000 after 14007 ms: Couldn't connect to server. See https://curl.se/libcurl/c/libcurl-errors.html first for more details. | Retrying...
2025-02-15 16:38:38.896 | INFO     | core.bot:perform_farming_actions:565 - [32mAccount: yqfdqfdgufpoxm27@hotmail.com | Total points earned: 21258[0m
2025-02-15 16:38:38.899 | INFO     | database.models.accounts:set_sleep_until:70 - Account: yqfdqfdgufpoxm27@hotmail.com | Set new sleep_until: 2025-02-15 09:41:38.897855+00:00
2025-02-15 16:38:38.901 | INFO     | __main__:run_module_safe:30 - Account: cka4.ka498ajf_n5d@hotmail.com | Initial farming delay: 4 sec
2025-02-15 16:38:39.611 | INFO     | core.bot:get_captcha_data:26 - Account: wwitm.witm44m0e0g@hotmail.com | Got puzzle image, solving...
2025-02-15 16:38:42.904 | INFO     | core.bot:login_new_account:454 - Account: cka4.ka498ajf_n5d@hotmail.com | Logging in...
2025-02-15 16:38:45.020 | SUCCESS  | core.bot:get_captcha_data:32 - Account: wwitm.witm44m0e0g@hotmail.com | Puzzle solved: TVVGH4
2025-02-15 16:38:46.118 | ERROR    | core.bot:get_captcha_data:62 - Account: Zts_ts_lu8qmoeik@hotmail.com | Error occurred while solving captcha (image): Failed to send request after 3 attempts: Failed to perform, curl: (28) Failed to connect to 45.93.213.96 port 8000 after 14033 ms: Couldn't connect to server. See https://curl.se/libcurl/c/libcurl-errors.html first for more details. | Retrying...
2025-02-15 16:38:47.870 | INFO     | core.bot:login_new_account:458 - Account: wwitm.witm44m0e0g@hotmail.com | Successfully logged in
2025-02-15 16:38:49.778 | SUCCESS  | core.bot:perform_farming_actions:560 - [32mAccount: wwitm.witm44m0e0g@hotmail.com | Sent keepalive request[0m
2025-02-15 16:38:55.928 | INFO     | core.bot:perform_farming_actions:565 - [32mAccount: wwitm.witm44m0e0g@hotmail.com | Total points earned: 23794[0m
2025-02-15 16:38:55.932 | INFO     | database.models.accounts:set_sleep_until:70 - Account: wwitm.witm44m0e0g@hotmail.com | Set new sleep_until: 2025-02-15 09:41:55.930358+00:00
2025-02-15 16:38:55.934 | INFO     | __main__:run_module_safe:30 - Account: Su13j.u13j0kttjaa@hotmail.com | Initial farming delay: 3 sec
2025-02-15 16:38:58.945 | INFO     | core.bot:login_new_account:454 - Account: Su13j.u13j0kttjaa@hotmail.com | Logging in...
2025-02-15 16:39:01.212 | INFO     | core.bot:get_captcha_data:26 - Account: Su13j.u13j0kttjaa@hotmail.com | Got puzzle image, solving...
2025-02-15 16:39:04.507 | INFO     | core.bot:get_captcha_data:26 - Account: cka4.ka498ajf_n5d@hotmail.com | Got puzzle image, solving...
2025-02-15 16:39:05.827 | SUCCESS  | core.bot:get_captcha_data:32 - Account: Su13j.u13j0kttjaa@hotmail.com | Puzzle solved: B$5K$$
2025-02-15 16:39:08.566 | INFO     | core.bot:login_new_account:458 - Account: Su13j.u13j0kttjaa@hotmail.com | Successfully logged in
2025-02-15 16:39:12.050 | SUCCESS  | core.bot:get_captcha_data:32 - Account: cka4.ka498ajf_n5d@hotmail.com | Puzzle solved: 2DKGBG
2025-02-15 16:39:14.038 | INFO     | core.bot:login_new_account:458 - Account: cka4.ka498ajf_n5d@hotmail.com | Successfully logged in
2025-02-15 16:39:14.102 | SUCCESS  | core.bot:perform_farming_actions:560 - [32mAccount: Su13j.u13j0kttjaa@hotmail.com | Sent keepalive request[0m
2025-02-15 16:39:16.443 | SUCCESS  | core.bot:perform_farming_actions:560 - [32mAccount: cka4.ka498ajf_n5d@hotmail.com | Sent keepalive request[0m
2025-02-15 16:39:21.738 | INFO     | core.bot:perform_farming_actions:565 - [32mAccount: Su13j.u13j0kttjaa@hotmail.com | Total points earned: 24420[0m
2025-02-15 16:39:21.742 | INFO     | database.models.accounts:set_sleep_until:70 - Account: Su13j.u13j0kttjaa@hotmail.com | Set new sleep_until: 2025-02-15 09:42:21.740493+00:00
2025-02-15 16:39:21.744 | INFO     | __main__:run_module_safe:30 - Account: y0se0sef5a4yl52r@hotmail.com | Initial farming delay: 2 sec
2025-02-15 16:39:23.759 | INFO     | core.bot:login_new_account:454 - Account: y0se0sef5a4yl52r@hotmail.com | Logging in...
2025-02-15 16:39:24.415 | INFO     | core.bot:get_captcha_data:26 - Account: Zts_ts_lu8qmoeik@hotmail.com | Got puzzle image, solving...
2025-02-15 16:39:25.470 | SUCCESS  | core.bot:get_captcha_data:32 - Account: Zts_ts_lu8qmoeik@hotmail.com | Puzzle solved: XJ=&WR
2025-02-15 16:39:27.564 | INFO     | core.bot:login_new_account:458 - Account: Zts_ts_lu8qmoeik@hotmail.com | Successfully logged in
2025-02-15 16:39:28.093 | INFO     | core.bot:perform_farming_actions:565 - [32mAccount: cka4.ka498ajf_n5d@hotmail.com | Total points earned: 24420[0m
2025-02-15 16:39:28.097 | INFO     | database.models.accounts:set_sleep_until:70 - Account: cka4.ka498ajf_n5d@hotmail.com | Set new sleep_until: 2025-02-15 09:42:28.095491+00:00
2025-02-15 16:39:28.099 | INFO     | __main__:run_module_safe:30 - Account: Hqwm2gqwm2g7tw543nf3@hotmail.com | Initial farming delay: 4 sec
2025-02-15 16:39:29.470 | SUCCESS  | core.bot:perform_farming_actions:560 - [32mAccount: Zts_ts_lu8qmoeik@hotmail.com | Sent keepalive request[0m
2025-02-15 16:39:31.878 | INFO     | core.bot:get_captcha_data:26 - Account: y0se0sef5a4yl52r@hotmail.com | Got puzzle image, solving...
2025-02-15 16:39:32.107 | INFO     | core.bot:login_new_account:454 - Account: Hqwm2gqwm2g7tw543nf3@hotmail.com | Logging in...
2025-02-15 16:39:35.826 | INFO     | core.bot:perform_farming_actions:565 - [32mAccount: Zts_ts_lu8qmoeik@hotmail.com | Total points earned: 19497[0m
2025-02-15 16:39:35.830 | INFO     | database.models.accounts:set_sleep_until:70 - Account: Zts_ts_lu8qmoeik@hotmail.com | Set new sleep_until: 2025-02-15 09:42:35.828358+00:00
2025-02-15 16:39:35.832 | INFO     | __main__:run_module_safe:30 - Account: vxj5e.xj5e2o5e_7e@hotmail.com | Initial farming delay: 4 sec
2025-02-15 16:39:36.397 | INFO     | core.bot:get_captcha_data:26 - Account: Hqwm2gqwm2g7tw543nf3@hotmail.com | Got puzzle image, solving...
2025-02-15 16:39:39.840 | INFO     | core.bot:login_new_account:454 - Account: vxj5e.xj5e2o5e_7e@hotmail.com | Logging in...
2025-02-15 16:39:41.885 | ERROR    | core.bot:get_captcha_data:40 - Account: y0se0sef5a4yl52r@hotmail.com | Failed to solve puzzle: An unexpected error occurred:  | Retrying...
2025-02-15 16:39:43.306 | SUCCESS  | core.bot:get_captcha_data:32 - Account: Hqwm2gqwm2g7tw543nf3@hotmail.com | Puzzle solved: SJ#FD&
2025-02-15 16:39:43.378 | INFO     | core.bot:get_captcha_data:26 - Account: y0se0sef5a4yl52r@hotmail.com | Got puzzle image, solving...
2025-02-15 16:39:45.573 | INFO     | core.bot:login_new_account:458 - Account: Hqwm2gqwm2g7tw543nf3@hotmail.com | Successfully logged in
2025-02-15 16:39:47.427 | SUCCESS  | core.bot:get_captcha_data:32 - Account: y0se0sef5a4yl52r@hotmail.com | Puzzle solved: $DNVPP
2025-02-15 16:39:49.829 | INFO     | core.bot:login_new_account:458 - Account: y0se0sef5a4yl52r@hotmail.com | Successfully logged in
2025-02-15 16:39:51.635 | SUCCESS  | core.bot:perform_farming_actions:560 - [32mAccount: y0se0sef5a4yl52r@hotmail.com | Sent keepalive request[0m
2025-02-15 16:39:52.397 | SUCCESS  | core.bot:perform_farming_actions:560 - [32mAccount: Hqwm2gqwm2g7tw543nf3@hotmail.com | Sent keepalive request[0m
2025-02-15 16:39:58.400 | INFO     | core.bot:perform_farming_actions:565 - [32mAccount: Hqwm2gqwm2g7tw543nf3@hotmail.com | Total points earned: 23707[0m
2025-02-15 16:39:58.403 | INFO     | database.models.accounts:set_sleep_until:70 - Account: Hqwm2gqwm2g7tw543nf3@hotmail.com | Set new sleep_until: 2025-02-15 09:42:58.401929+00:00
2025-02-15 16:39:58.405 | INFO     | __main__:run_module_safe:30 - Account: Reks.ekson3e8lidailmh@hotmail.com | Initial farming delay: 4 sec
2025-02-15 16:40:00.036 | INFO     | core.bot:perform_farming_actions:565 - [32mAccount: y0se0sef5a4yl52r@hotmail.com | Total points earned: 23707[0m
2025-02-15 16:40:00.040 | INFO     | database.models.accounts:set_sleep_until:70 - Account: y0se0sef5a4yl52r@hotmail.com | Set new sleep_until: 2025-02-15 09:43:00.038349+00:00
2025-02-15 16:40:00.042 | INFO     | __main__:run_module_safe:30 - Account: Or8f.r8fgo8ojd3v59@hotmail.com | Initial farming delay: 4 sec
2025-02-15 16:40:02.417 | INFO     | core.bot:login_new_account:454 - Account: Reks.ekson3e8lidailmh@hotmail.com | Logging in...
2025-02-15 16:40:04.046 | INFO     | core.bot:login_new_account:454 - Account: Or8f.r8fgo8ojd3v59@hotmail.com | Logging in...
2025-02-15 16:40:06.045 | INFO     | core.bot:get_captcha_data:26 - Account: Reks.ekson3e8lidailmh@hotmail.com | Got puzzle image, solving...
2025-02-15 16:40:12.805 | SUCCESS  | core.bot:get_captcha_data:32 - Account: Reks.ekson3e8lidailmh@hotmail.com | Puzzle solved: &1=1SJ
2025-02-15 16:40:12.827 | INFO     | core.bot:get_captcha_data:26 - Account: Or8f.r8fgo8ojd3v59@hotmail.com | Got puzzle image, solving...
2025-02-15 16:40:15.086 | INFO     | core.bot:login_new_account:458 - Account: Reks.ekson3e8lidailmh@hotmail.com | Successfully logged in
2025-02-15 16:40:16.136 | SUCCESS  | core.bot:perform_farming_actions:560 - [32mAccount: Reks.ekson3e8lidailmh@hotmail.com | Sent keepalive request[0m
2025-02-15 16:40:16.884 | SUCCESS  | core.bot:get_captcha_data:32 - Account: Or8f.r8fgo8ojd3v59@hotmail.com | Puzzle solved: DAWD=1
2025-02-15 16:40:17.964 | INFO     | core.bot:get_captcha_data:26 - Account: vxj5e.xj5e2o5e_7e@hotmail.com | Got puzzle image, solving...
2025-02-15 16:40:18.649 | SUCCESS  | core.bot:get_captcha_data:32 - Account: vxj5e.xj5e2o5e_7e@hotmail.com | Puzzle solved: @3DAH8
2025-02-15 16:40:18.772 | INFO     | core.bot:login_new_account:458 - Account: Or8f.r8fgo8ojd3v59@hotmail.com | Successfully logged in
2025-02-15 16:40:19.627 | SUCCESS  | core.bot:perform_farming_actions:560 - [32mAccount: Or8f.r8fgo8ojd3v59@hotmail.com | Sent keepalive request[0m
2025-02-15 16:40:20.928 | INFO     | core.bot:login_new_account:458 - Account: vxj5e.xj5e2o5e_7e@hotmail.com | Successfully logged in
2025-02-15 16:40:22.369 | SUCCESS  | core.bot:perform_farming_actions:560 - [32mAccount: vxj5e.xj5e2o5e_7e@hotmail.com | Sent keepalive request[0m
2025-02-15 16:40:23.866 | INFO     | core.bot:perform_farming_actions:565 - [32mAccount: Reks.ekson3e8lidailmh@hotmail.com | Total points earned: 21890[0m
2025-02-15 16:40:23.870 | INFO     | database.models.accounts:set_sleep_until:70 - Account: Reks.ekson3e8lidailmh@hotmail.com | Set new sleep_until: 2025-02-15 09:43:23.868740+00:00
2025-02-15 16:40:23.872 | INFO     | __main__:run_module_safe:30 - Account: Igxxh.gxxh1pmr3ic@hotmail.com | Initial farming delay: 4 sec
2025-02-15 16:40:26.906 | INFO     | core.bot:perform_farming_actions:565 - [32mAccount: Or8f.r8fgo8ojd3v59@hotmail.com | Total points earned: 19208[0m
2025-02-15 16:40:26.910 | INFO     | database.models.accounts:set_sleep_until:70 - Account: Or8f.r8fgo8ojd3v59@hotmail.com | Set new sleep_until: 2025-02-15 09:43:26.908304+00:00
2025-02-15 16:40:26.912 | INFO     | __main__:run_module_safe:30 - Account: w3wh.3whym1sh1n2o@hotmail.com | Initial farming delay: 3 sec
2025-02-15 16:40:27.885 | INFO     | core.bot:login_new_account:454 - Account: Igxxh.gxxh1pmr3ic@hotmail.com | Logging in...
2025-02-15 16:40:29.408 | INFO     | core.bot:perform_farming_actions:565 - [32mAccount: vxj5e.xj5e2o5e_7e@hotmail.com | Total points earned: 23429[0m
2025-02-15 16:40:29.412 | INFO     | database.models.accounts:set_sleep_until:70 - Account: vxj5e.xj5e2o5e_7e@hotmail.com | Set new sleep_until: 2025-02-15 09:43:29.410683+00:00
2025-02-15 16:40:29.414 | INFO     | __main__:run_module_safe:30 - Account: c6wsm0.6wsm0zkzgc@hotmail.com | Initial farming delay: 5 sec
2025-02-15 16:40:29.924 | INFO     | core.bot:login_new_account:454 - Account: w3wh.3whym1sh1n2o@hotmail.com | Logging in...
2025-02-15 16:40:34.427 | INFO     | core.bot:login_new_account:454 - Account: c6wsm0.6wsm0zkzgc@hotmail.com | Logging in...
2025-02-15 16:40:38.546 | INFO     | core.bot:get_captcha_data:26 - Account: c6wsm0.6wsm0zkzgc@hotmail.com | Got puzzle image, solving...
2025-02-15 16:40:42.146 | SUCCESS  | core.bot:get_captcha_data:32 - Account: c6wsm0.6wsm0zkzgc@hotmail.com | Puzzle solved: 1PV@M@
2025-02-15 16:40:44.138 | INFO     | core.bot:login_new_account:458 - Account: c6wsm0.6wsm0zkzgc@hotmail.com | Successfully logged in
2025-02-15 16:40:46.004 | SUCCESS  | core.bot:perform_farming_actions:560 - [32mAccount: c6wsm0.6wsm0zkzgc@hotmail.com | Sent keepalive request[0m
2025-02-15 16:40:53.167 | INFO     | core.bot:perform_farming_actions:565 - [32mAccount: c6wsm0.6wsm0zkzgc@hotmail.com | Total points earned: 17360[0m
2025-02-15 16:40:53.171 | INFO     | database.models.accounts:set_sleep_until:70 - Account: c6wsm0.6wsm0zkzgc@hotmail.com | Set new sleep_until: 2025-02-15 09:43:53.169274+00:00
2025-02-15 16:40:53.173 | INFO     | __main__:run_module_safe:30 - Account: ef4nef4ne9gu6m6v4qfr@hotmail.com | Initial farming delay: 5 sec
2025-02-15 16:40:58.180 | INFO     | core.bot:login_new_account:454 - Account: ef4nef4ne9gu6m6v4qfr@hotmail.com | Logging in...
2025-02-15 16:41:00.246 | INFO     | core.bot:get_captcha_data:26 - Account: ef4nef4ne9gu6m6v4qfr@hotmail.com | Got puzzle image, solving...
2025-02-15 16:41:01.328 | SUCCESS  | core.bot:get_captcha_data:32 - Account: ef4nef4ne9gu6m6v4qfr@hotmail.com | Puzzle solved: =MGTB=
2025-02-15 16:41:03.565 | INFO     | core.bot:login_new_account:458 - Account: ef4nef4ne9gu6m6v4qfr@hotmail.com | Successfully logged in
2025-02-15 16:41:07.038 | INFO     | core.bot:get_captcha_data:26 - Account: Igxxh.gxxh1pmr3ic@hotmail.com | Got puzzle image, solving...
2025-02-15 16:41:14.722 | SUCCESS  | core.bot:perform_farming_actions:560 - [32mAccount: ef4nef4ne9gu6m6v4qfr@hotmail.com | Sent keepalive request[0m
2025-02-15 16:41:17.047 | ERROR    | core.bot:get_captcha_data:40 - Account: Igxxh.gxxh1pmr3ic@hotmail.com | Failed to solve puzzle: An unexpected error occurred:  | Retrying...
2025-02-15 16:41:18.323 | ERROR    | core.bot:get_captcha_data:62 - Account: w3wh.3whym1sh1n2o@hotmail.com | Error occurred while solving captcha (image): Failed to send request after 3 attempts: Failed to perform, curl: (28) Failed to connect to 168.81.248.246 port 8000 after 14341 ms: Couldn't connect to server. See https://curl.se/libcurl/c/libcurl-errors.html first for more details. | Retrying...
2025-02-15 16:41:18.799 | INFO     | core.bot:get_captcha_data:26 - Account: Igxxh.gxxh1pmr3ic@hotmail.com | Got puzzle image, solving...
2025-02-15 16:41:20.244 | INFO     | core.bot:get_captcha_data:26 - Account: w3wh.3whym1sh1n2o@hotmail.com | Got puzzle image, solving...
2025-02-15 16:41:21.013 | SUCCESS  | core.bot:get_captcha_data:32 - Account: w3wh.3whym1sh1n2o@hotmail.com | Puzzle solved: 8QCXXD
2025-02-15 16:41:23.347 | INFO     | core.bot:login_new_account:458 - Account: w3wh.3whym1sh1n2o@hotmail.com | Successfully logged in
2025-02-15 16:41:23.552 | INFO     | core.bot:perform_farming_actions:565 - [32mAccount: ef4nef4ne9gu6m6v4qfr@hotmail.com | Total points earned: 23817[0m
2025-02-15 16:41:23.555 | INFO     | database.models.accounts:set_sleep_until:70 - Account: ef4nef4ne9gu6m6v4qfr@hotmail.com | Set new sleep_until: 2025-02-15 09:44:23.554154+00:00
2025-02-15 16:41:23.558 | INFO     | __main__:run_module_safe:30 - Account: ruxd12.uxd12uyxh_@hotmail.com | Initial farming delay: 4 sec
2025-02-15 16:41:27.573 | INFO     | core.bot:login_new_account:454 - Account: ruxd12.uxd12uyxh_@hotmail.com | Logging in...
2025-02-15 16:41:27.606 | SUCCESS  | core.bot:get_captcha_data:32 - Account: Igxxh.gxxh1pmr3ic@hotmail.com | Puzzle solved: N5NB2@
2025-02-15 16:41:29.889 | INFO     | core.bot:login_new_account:458 - Account: Igxxh.gxxh1pmr3ic@hotmail.com | Successfully logged in
2025-02-15 16:41:31.161 | SUCCESS  | core.bot:perform_farming_actions:560 - [32mAccount: w3wh.3whym1sh1n2o@hotmail.com | Sent keepalive request[0m
2025-02-15 16:41:32.028 | SUCCESS  | core.bot:perform_farming_actions:560 - [32mAccount: Igxxh.gxxh1pmr3ic@hotmail.com | Sent keepalive request[0m
2025-02-15 16:41:36.055 | INFO     | core.bot:get_captcha_data:26 - Account: ruxd12.uxd12uyxh_@hotmail.com | Got puzzle image, solving...
2025-02-15 16:41:37.713 | INFO     | core.bot:perform_farming_actions:565 - [32mAccount: w3wh.3whym1sh1n2o@hotmail.com | Total points earned: 17673[0m
2025-02-15 16:41:37.717 | INFO     | database.models.accounts:set_sleep_until:70 - Account: w3wh.3whym1sh1n2o@hotmail.com | Set new sleep_until: 2025-02-15 09:44:37.715408+00:00
2025-02-15 16:41:37.719 | INFO     | __main__:run_module_safe:30 - Account: Nk0ojk0ojanqs7ne@hotmail.com | Initial farming delay: 4 sec
2025-02-15 16:41:41.732 | INFO     | core.bot:login_new_account:454 - Account: Nk0ojk0ojanqs7ne@hotmail.com | Logging in...
2025-02-15 16:41:43.053 | INFO     | core.bot:perform_farming_actions:565 - [32mAccount: Igxxh.gxxh1pmr3ic@hotmail.com | Total points earned: 17673[0m
2025-02-15 16:41:43.057 | INFO     | database.models.accounts:set_sleep_until:70 - Account: Igxxh.gxxh1pmr3ic@hotmail.com | Set new sleep_until: 2025-02-15 09:44:43.055429+00:00
2025-02-15 16:41:43.059 | INFO     | __main__:run_module_safe:30 - Account: F_fe._fef_f69j2_y@hotmail.com | Initial farming delay: 5 sec
2025-02-15 16:41:43.536 | SUCCESS  | core.bot:get_captcha_data:32 - Account: ruxd12.uxd12uyxh_@hotmail.com | Puzzle solved: RY&GTK
2025-02-15 16:41:44.955 | INFO     | core.bot:get_captcha_data:26 - Account: Nk0ojk0ojanqs7ne@hotmail.com | Got puzzle image, solving...
2025-02-15 16:41:45.438 | INFO     | core.bot:login_new_account:458 - Account: ruxd12.uxd12uyxh_@hotmail.com | Successfully logged in
2025-02-15 16:41:45.638 | SUCCESS  | core.bot:get_captcha_data:32 - Account: Nk0ojk0ojanqs7ne@hotmail.com | Puzzle solved: RGNF=E
2025-02-15 16:41:46.054 | SUCCESS  | core.bot:perform_farming_actions:560 - [32mAccount: ruxd12.uxd12uyxh_@hotmail.com | Sent keepalive request[0m
2025-02-15 16:41:47.723 | INFO     | core.bot:login_new_account:458 - Account: Nk0ojk0ojanqs7ne@hotmail.com | Successfully logged in
2025-02-15 16:41:48.067 | INFO     | core.bot:login_new_account:454 - Account: F_fe._fef_f69j2_y@hotmail.com | Logging in...
2025-02-15 16:41:49.455 | SUCCESS  | core.bot:perform_farming_actions:560 - [32mAccount: Nk0ojk0ojanqs7ne@hotmail.com | Sent keepalive request[0m
2025-02-15 16:41:53.219 | INFO     | core.bot:perform_farming_actions:565 - [32mAccount: ruxd12.uxd12uyxh_@hotmail.com | Total points earned: 17624[0m
2025-02-15 16:41:53.222 | INFO     | database.models.accounts:set_sleep_until:70 - Account: ruxd12.uxd12uyxh_@hotmail.com | Set new sleep_until: 2025-02-15 09:44:53.221074+00:00
2025-02-15 16:41:53.225 | INFO     | __main__:run_module_safe:30 - Account: k235j235jnnfpa626_2@hotmail.com | Initial farming delay: 4 sec
2025-02-15 16:41:57.236 | INFO     | core.bot:login_new_account:454 - Account: k235j235jnnfpa626_2@hotmail.com | Logging in...
2025-02-15 16:41:57.590 | INFO     | core.bot:get_captcha_data:26 - Account: F_fe._fef_f69j2_y@hotmail.com | Got puzzle image, solving...
2025-02-15 16:41:59.676 | INFO     | core.bot:perform_farming_actions:565 - [32mAccount: Nk0ojk0ojanqs7ne@hotmail.com | Total points earned: 17826[0m
2025-02-15 16:41:59.680 | INFO     | database.models.accounts:set_sleep_until:70 - Account: Nk0ojk0ojanqs7ne@hotmail.com | Set new sleep_until: 2025-02-15 09:44:59.678684+00:00
2025-02-15 16:41:59.682 | INFO     | __main__:run_module_safe:30 - Account: r0r8.0r8jgxnwbkpts8_le@hotmail.com | Initial farming delay: 4 sec
2025-02-15 16:42:03.231 | SUCCESS  | core.bot:get_captcha_data:32 - Account: F_fe._fef_f69j2_y@hotmail.com | Puzzle solved: CWFFSJ
2025-02-15 16:42:03.699 | INFO     | core.bot:login_new_account:454 - Account: r0r8.0r8jgxnwbkpts8_le@hotmail.com | Logging in...
2025-02-15 16:42:04.282 | INFO     | core.bot:get_captcha_data:26 - Account: k235j235jnnfpa626_2@hotmail.com | Got puzzle image, solving...
2025-02-15 16:42:04.963 | SUCCESS  | core.bot:get_captcha_data:32 - Account: k235j235jnnfpa626_2@hotmail.com | Puzzle solved: $D@CK&
2025-02-15 16:42:07.336 | INFO     | core.bot:login_new_account:458 - Account: F_fe._fef_f69j2_y@hotmail.com | Successfully logged in
2025-02-15 16:42:08.090 | SUCCESS  | core.bot:perform_farming_actions:560 - [32mAccount: F_fe._fef_f69j2_y@hotmail.com | Sent keepalive request[0m
2025-02-15 16:42:08.594 | INFO     | core.bot:login_new_account:458 - Account: k235j235jnnfpa626_2@hotmail.com | Successfully logged in
2025-02-15 16:42:09.158 | SUCCESS  | core.bot:perform_farming_actions:560 - [32mAccount: k235j235jnnfpa626_2@hotmail.com | Sent keepalive request[0m
2025-02-15 16:42:11.752 | INFO     | core.bot:get_captcha_data:26 - Account: r0r8.0r8jgxnwbkpts8_le@hotmail.com | Got puzzle image, solving...
2025-02-15 16:42:18.254 | INFO     | core.bot:perform_farming_actions:565 - [32mAccount: F_fe._fef_f69j2_y@hotmail.com | Total points earned: 21349[0m
2025-02-15 16:42:18.258 | INFO     | database.models.accounts:set_sleep_until:70 - Account: F_fe._fef_f69j2_y@hotmail.com | Set new sleep_until: 2025-02-15 09:45:18.256552+00:00
2025-02-15 16:42:18.260 | INFO     | __main__:run_module_safe:30 - Account: g03b03btg_uf4za6@hotmail.com | Initial farming delay: 4 sec
2025-02-15 16:42:22.263 | INFO     | core.bot:login_new_account:454 - Account: g03b03btg_uf4za6@hotmail.com | Logging in...
2025-02-15 16:42:23.805 | SUCCESS  | core.bot:get_captcha_data:32 - Account: r0r8.0r8jgxnwbkpts8_le@hotmail.com | Puzzle solved: #HKNK4
2025-02-15 16:42:25.683 | INFO     | core.bot:perform_farming_actions:565 - [32mAccount: k235j235jnnfpa626_2@hotmail.com | Total points earned: 22506[0m
2025-02-15 16:42:25.687 | INFO     | database.models.accounts:set_sleep_until:70 - Account: k235j235jnnfpa626_2@hotmail.com | Set new sleep_until: 2025-02-15 09:45:25.685613+00:00
2025-02-15 16:42:25.690 | INFO     | __main__:run_module_safe:30 - Account: Fkxc.kxc3xthcukd83v@hotmail.com | Initial farming delay: 2 sec
2025-02-15 16:42:26.079 | INFO     | core.bot:login_new_account:458 - Account: r0r8.0r8jgxnwbkpts8_le@hotmail.com | Successfully logged in
2025-02-15 16:42:27.697 | INFO     | core.bot:login_new_account:454 - Account: Fkxc.kxc3xthcukd83v@hotmail.com | Logging in...
2025-02-15 16:42:27.922 | SUCCESS  | core.bot:perform_farming_actions:560 - [32mAccount: r0r8.0r8jgxnwbkpts8_le@hotmail.com | Sent keepalive request[0m
2025-02-15 16:42:30.044 | INFO     | core.bot:get_captcha_data:26 - Account: Fkxc.kxc3xthcukd83v@hotmail.com | Got puzzle image, solving...
2025-02-15 16:42:32.104 | SUCCESS  | core.bot:get_captcha_data:32 - Account: Fkxc.kxc3xthcukd83v@hotmail.com | Puzzle solved: 355KJP
2025-02-15 16:42:33.710 | INFO     | core.bot:perform_farming_actions:565 - [32mAccount: r0r8.0r8jgxnwbkpts8_le@hotmail.com | Total points earned: 23841[0m
2025-02-15 16:42:33.713 | INFO     | database.models.accounts:set_sleep_until:70 - Account: r0r8.0r8jgxnwbkpts8_le@hotmail.com | Set new sleep_until: 2025-02-15 09:45:33.712050+00:00
2025-02-15 16:42:33.716 | INFO     | __main__:run_module_safe:30 - Account: x5blhy.5blhy4vlvvtd@hotmail.com | Initial farming delay: 4 sec
2025-02-15 16:42:34.251 | INFO     | core.bot:login_new_account:458 - Account: Fkxc.kxc3xthcukd83v@hotmail.com | Successfully logged in
2025-02-15 16:42:36.302 | SUCCESS  | core.bot:perform_farming_actions:560 - [32mAccount: Fkxc.kxc3xthcukd83v@hotmail.com | Sent keepalive request[0m
2025-02-15 16:42:37.723 | INFO     | core.bot:login_new_account:454 - Account: x5blhy.5blhy4vlvvtd@hotmail.com | Logging in...
2025-02-15 16:42:41.672 | INFO     | core.bot:get_captcha_data:26 - Account: x5blhy.5blhy4vlvvtd@hotmail.com | Got puzzle image, solving...
2025-02-15 16:42:44.274 | INFO     | core.bot:get_captcha_data:26 - Account: g03b03btg_uf4za6@hotmail.com | Got puzzle image, solving...
2025-02-15 16:42:45.344 | INFO     | core.bot:perform_farming_actions:565 - [32mAccount: Fkxc.kxc3xthcukd83v@hotmail.com | Total points earned: 17710[0m
2025-02-15 16:42:45.347 | INFO     | database.models.accounts:set_sleep_until:70 - Account: Fkxc.kxc3xthcukd83v@hotmail.com | Set new sleep_until: 2025-02-15 09:45:45.345955+00:00
2025-02-15 16:42:45.350 | INFO     | __main__:run_module_safe:30 - Account: mprggh.prgghvy6wy@hotmail.com | Initial farming delay: 4 sec
2025-02-15 16:42:49.364 | INFO     | core.bot:login_new_account:454 - Account: mprggh.prgghvy6wy@hotmail.com | Logging in...
2025-02-15 16:42:53.852 | INFO     | core.bot:get_captcha_data:26 - Account: mprggh.prgghvy6wy@hotmail.com | Got puzzle image, solving...
2025-02-15 16:42:54.531 | SUCCESS  | core.bot:get_captcha_data:32 - Account: mprggh.prgghvy6wy@hotmail.com | Puzzle solved: SK@@3J
2025-02-15 16:42:54.594 | SUCCESS  | core.bot:get_captcha_data:32 - Account: x5blhy.5blhy4vlvvtd@hotmail.com | Puzzle solved: =ARN54
2025-02-15 16:42:55.330 | SUCCESS  | core.bot:get_captcha_data:32 - Account: g03b03btg_uf4za6@hotmail.com | Puzzle solved: svm$22
2025-02-15 16:42:56.325 | WARNING  | core.bot:login_new_account:466 - Account: g03b03btg_uf4za6@hotmail.com | Captcha answer incorrect, re-solving...
2025-02-15 16:42:56.569 | INFO     | core.bot:login_new_account:458 - Account: mprggh.prgghvy6wy@hotmail.com | Successfully logged in
2025-02-15 16:42:56.658 | INFO     | core.bot:login_new_account:454 - Account: g03b03btg_uf4za6@hotmail.com | Logging in...
2025-02-15 16:42:56.990 | INFO     | core.bot:login_new_account:458 - Account: x5blhy.5blhy4vlvvtd@hotmail.com | Successfully logged in
2025-02-15 16:42:58.533 | INFO     | core.bot:get_captcha_data:26 - Account: g03b03btg_uf4za6@hotmail.com | Got puzzle image, solving...
2025-02-15 16:42:59.220 | SUCCESS  | core.bot:get_captcha_data:32 - Account: g03b03btg_uf4za6@hotmail.com | Puzzle solved: 1CVY$J
2025-02-15 16:43:01.592 | INFO     | core.bot:login_new_account:458 - Account: g03b03btg_uf4za6@hotmail.com | Successfully logged in
2025-02-15 16:43:03.073 | SUCCESS  | core.bot:perform_farming_actions:560 - [32mAccount: mprggh.prgghvy6wy@hotmail.com | Sent keepalive request[0m
2025-02-15 16:43:05.139 | SUCCESS  | core.bot:perform_farming_actions:560 - [32mAccount: x5blhy.5blhy4vlvvtd@hotmail.com | Sent keepalive request[0m
2025-02-15 16:43:05.251 | SUCCESS  | core.bot:perform_farming_actions:560 - [32mAccount: g03b03btg_uf4za6@hotmail.com | Sent keepalive request[0m
2025-02-15 16:43:13.874 | INFO     | core.bot:perform_farming_actions:565 - [32mAccount: g03b03btg_uf4za6@hotmail.com | Total points earned: 22196[0m
2025-02-15 16:43:13.878 | INFO     | database.models.accounts:set_sleep_until:70 - Account: g03b03btg_uf4za6@hotmail.com | Set new sleep_until: 2025-02-15 09:46:13.876246+00:00
2025-02-15 16:43:13.880 | INFO     | __main__:run_module_safe:30 - Account: zjws.jwsgp_lno93l@hotmail.com | Initial farming delay: 3 sec
2025-02-15 16:43:16.895 | INFO     | core.bot:login_new_account:454 - Account: zjws.jwsgp_lno93l@hotmail.com | Logging in...
2025-02-15 16:43:19.598 | INFO     | core.bot:perform_farming_actions:565 - [32mAccount: x5blhy.5blhy4vlvvtd@hotmail.com | Total points earned: 22196[0m
2025-02-15 16:43:19.602 | INFO     | database.models.accounts:set_sleep_until:70 - Account: x5blhy.5blhy4vlvvtd@hotmail.com | Set new sleep_until: 2025-02-15 09:46:19.600758+00:00
2025-02-15 16:43:19.604 | INFO     | __main__:run_module_safe:30 - Account: Edkvmdkvm30s7hr6@hotmail.com | Initial farming delay: 5 sec
2025-02-15 16:43:20.297 | INFO     | core.bot:perform_farming_actions:565 - [32mAccount: mprggh.prgghvy6wy@hotmail.com | Total points earned: 22196[0m
2025-02-15 16:43:20.301 | INFO     | database.models.accounts:set_sleep_until:70 - Account: mprggh.prgghvy6wy@hotmail.com | Set new sleep_until: 2025-02-15 09:46:20.299847+00:00
2025-02-15 16:43:20.304 | INFO     | __main__:run_module_safe:30 - Account: y4wf_84wf_8uei4e@hotmail.com | Initial farming delay: 3 sec
2025-02-15 16:43:23.318 | INFO     | core.bot:login_new_account:454 - Account: y4wf_84wf_8uei4e@hotmail.com | Logging in...
2025-02-15 16:43:24.609 | INFO     | core.bot:login_new_account:454 - Account: Edkvmdkvm30s7hr6@hotmail.com | Logging in...
2025-02-15 16:43:49.054 | INFO     | core.bot:get_captcha_data:26 - Account: y4wf_84wf_8uei4e@hotmail.com | Got puzzle image, solving...
2025-02-15 16:43:50.352 | INFO     | core.bot:get_captcha_data:26 - Account: Edkvmdkvm30s7hr6@hotmail.com | Got puzzle image, solving...
2025-02-15 16:43:54.975 | SUCCESS  | core.bot:get_captcha_data:32 - Account: Edkvmdkvm30s7hr6@hotmail.com | Puzzle solved: YPVKQ1
2025-02-15 16:43:56.895 | INFO     | core.bot:login_new_account:458 - Account: Edkvmdkvm30s7hr6@hotmail.com | Successfully logged in
2025-02-15 16:44:03.138 | SUCCESS  | core.bot:perform_farming_actions:560 - [32mAccount: Edkvmdkvm30s7hr6@hotmail.com | Sent keepalive request[0m
2025-02-15 16:44:05.153 | ERROR    | core.bot:get_captcha_data:62 - Account: zjws.jwsgp_lno93l@hotmail.com | Error occurred while solving captcha (image): Failed to send request after 3 attempts: Failed to perform, curl: (28) Failed to connect to 168.81.43.100 port 8000 after 14019 ms: Couldn't connect to server. See https://curl.se/libcurl/c/libcurl-errors.html first for more details. | Retrying...
2025-02-15 16:44:07.730 | INFO     | core.bot:get_captcha_data:26 - Account: zjws.jwsgp_lno93l@hotmail.com | Got puzzle image, solving...
2025-02-15 16:44:11.761 | SUCCESS  | core.bot:get_captcha_data:32 - Account: zjws.jwsgp_lno93l@hotmail.com | Puzzle solved: DBY$=H
2025-02-15 16:44:14.239 | INFO     | core.bot:login_new_account:458 - Account: zjws.jwsgp_lno93l@hotmail.com | Successfully logged in
2025-02-15 16:44:14.814 | SUCCESS  | core.bot:perform_farming_actions:560 - [32mAccount: zjws.jwsgp_lno93l@hotmail.com | Sent keepalive request[0m
2025-02-15 16:44:18.784 | INFO     | core.bot:perform_farming_actions:565 - [32mAccount: Edkvmdkvm30s7hr6@hotmail.com | Total points earned: 22225[0m
2025-02-15 16:44:18.788 | INFO     | database.models.accounts:set_sleep_until:70 - Account: Edkvmdkvm30s7hr6@hotmail.com | Set new sleep_until: 2025-02-15 09:47:18.786744+00:00
2025-02-15 16:44:18.790 | INFO     | __main__:run_module_safe:30 - Account: Rzgp.zgpltel5__71@hotmail.com | Initial farming delay: 4 sec
2025-02-15 16:44:22.807 | INFO     | core.bot:login_new_account:454 - Account: Rzgp.zgpltel5__71@hotmail.com | Logging in...
2025-02-15 16:44:24.688 | INFO     | core.bot:get_captcha_data:26 - Account: Rzgp.zgpltel5__71@hotmail.com | Got puzzle image, solving...
2025-02-15 16:44:25.194 | ERROR    | core.bot:get_captcha_data:40 - Account: y4wf_84wf_8uei4e@hotmail.com | Failed to solve puzzle: Max time for solving exhausted | Retrying...
2025-02-15 16:44:25.403 | SUCCESS  | core.bot:get_captcha_data:32 - Account: Rzgp.zgpltel5__71@hotmail.com | Puzzle solved: FQPGXW
2025-02-15 16:44:25.429 | INFO     | core.bot:perform_farming_actions:565 - [32mAccount: zjws.jwsgp_lno93l@hotmail.com | Total points earned: 21788[0m
2025-02-15 16:44:25.432 | INFO     | database.models.accounts:set_sleep_until:70 - Account: zjws.jwsgp_lno93l@hotmail.com | Set new sleep_until: 2025-02-15 09:47:25.431109+00:00
2025-02-15 16:44:25.435 | INFO     | __main__:run_module_safe:30 - Account: retyk.etykhnvecmy@hotmail.com | Initial farming delay: 2 sec
2025-02-15 16:44:26.849 | INFO     | core.bot:get_captcha_data:26 - Account: y4wf_84wf_8uei4e@hotmail.com | Got puzzle image, solving...
2025-02-15 16:44:27.447 | INFO     | core.bot:login_new_account:454 - Account: retyk.etykhnvecmy@hotmail.com | Logging in...
2025-02-15 16:44:27.550 | SUCCESS  | core.bot:get_captcha_data:32 - Account: y4wf_84wf_8uei4e@hotmail.com | Puzzle solved: JDRRAB
2025-02-15 16:44:27.582 | INFO     | core.bot:login_new_account:458 - Account: Rzgp.zgpltel5__71@hotmail.com | Successfully logged in
2025-02-15 16:44:29.486 | INFO     | core.bot:login_new_account:458 - Account: y4wf_84wf_8uei4e@hotmail.com | Successfully logged in
2025-02-15 16:44:30.121 | INFO     | core.bot:get_captcha_data:26 - Account: retyk.etykhnvecmy@hotmail.com | Got puzzle image, solving...
2025-02-15 16:44:30.817 | SUCCESS  | core.bot:get_captcha_data:32 - Account: retyk.etykhnvecmy@hotmail.com | Puzzle solved: Y#YMPD
2025-02-15 16:44:31.541 | SUCCESS  | core.bot:perform_farming_actions:560 - [32mAccount: y4wf_84wf_8uei4e@hotmail.com | Sent keepalive request[0m
2025-02-15 16:44:32.911 | INFO     | core.bot:login_new_account:458 - Account: retyk.etykhnvecmy@hotmail.com | Successfully logged in
2025-02-15 16:44:34.784 | SUCCESS  | core.bot:perform_farming_actions:560 - [32mAccount: retyk.etykhnvecmy@hotmail.com | Sent keepalive request[0m
2025-02-15 16:44:35.199 | SUCCESS  | core.bot:perform_farming_actions:560 - [32mAccount: Rzgp.zgpltel5__71@hotmail.com | Sent keepalive request[0m
2025-02-15 16:44:40.604 | INFO     | core.bot:perform_farming_actions:565 - [32mAccount: Rzgp.zgpltel5__71@hotmail.com | Total points earned: 21169[0m
2025-02-15 16:44:40.607 | INFO     | database.models.accounts:set_sleep_until:70 - Account: Rzgp.zgpltel5__71@hotmail.com | Set new sleep_until: 2025-02-15 09:47:40.605810+00:00
2025-02-15 16:44:40.610 | INFO     | __main__:run_module_safe:30 - Account: Rt_u3.t_u3j6uv7iw@hotmail.com | Initial farming delay: 4 sec
2025-02-15 16:44:42.210 | INFO     | core.bot:perform_farming_actions:565 - [32mAccount: retyk.etykhnvecmy@hotmail.com | Total points earned: 21169[0m
2025-02-15 16:44:42.213 | INFO     | database.models.accounts:set_sleep_until:70 - Account: retyk.etykhnvecmy@hotmail.com | Set new sleep_until: 2025-02-15 09:47:42.212043+00:00
2025-02-15 16:44:42.216 | INFO     | __main__:run_module_safe:30 - Account: H9gtv9gtv7klwxjn2xj@hotmail.com | Initial farming delay: 2 sec
2025-02-15 16:44:44.231 | INFO     | core.bot:login_new_account:454 - Account: H9gtv9gtv7klwxjn2xj@hotmail.com | Logging in...
2025-02-15 16:44:44.613 | INFO     | core.bot:login_new_account:454 - Account: Rt_u3.t_u3j6uv7iw@hotmail.com | Logging in...
2025-02-15 16:44:47.386 | INFO     | core.bot:perform_farming_actions:565 - [32mAccount: y4wf_84wf_8uei4e@hotmail.com | Total points earned: 17581[0m
2025-02-15 16:44:47.389 | INFO     | database.models.accounts:set_sleep_until:70 - Account: y4wf_84wf_8uei4e@hotmail.com | Set new sleep_until: 2025-02-15 09:47:47.388056+00:00
2025-02-15 16:44:47.392 | INFO     | __main__:run_module_safe:30 - Account: yq96.q96c3bex2lgvgm4kp@hotmail.com | Initial farming delay: 4 sec
2025-02-15 16:44:48.056 | INFO     | core.bot:get_captcha_data:26 - Account: Rt_u3.t_u3j6uv7iw@hotmail.com | Got puzzle image, solving...
2025-02-15 16:44:51.406 | INFO     | core.bot:login_new_account:454 - Account: yq96.q96c3bex2lgvgm4kp@hotmail.com | Logging in...
2025-02-15 16:44:52.444 | SUCCESS  | core.bot:get_captcha_data:32 - Account: Rt_u3.t_u3j6uv7iw@hotmail.com | Puzzle solved: CPCM4W
2025-02-15 16:44:54.642 | INFO     | core.bot:login_new_account:458 - Account: Rt_u3.t_u3j6uv7iw@hotmail.com | Successfully logged in
2025-02-15 16:44:55.678 | INFO     | core.bot:get_captcha_data:26 - Account: yq96.q96c3bex2lgvgm4kp@hotmail.com | Got puzzle image, solving...
2025-02-15 16:44:56.501 | SUCCESS  | core.bot:perform_farming_actions:560 - [32mAccount: Rt_u3.t_u3j6uv7iw@hotmail.com | Sent keepalive request[0m
2025-02-15 16:44:59.717 | SUCCESS  | core.bot:get_captcha_data:32 - Account: yq96.q96c3bex2lgvgm4kp@hotmail.com | Puzzle solved: SE4YYH
2025-02-15 16:45:01.998 | INFO     | core.bot:login_new_account:458 - Account: yq96.q96c3bex2lgvgm4kp@hotmail.com | Successfully logged in
2025-02-15 16:45:02.891 | INFO     | core.bot:perform_farming_actions:565 - [32mAccount: Rt_u3.t_u3j6uv7iw@hotmail.com | Total points earned: 17908[0m
2025-02-15 16:45:02.895 | INFO     | database.models.accounts:set_sleep_until:70 - Account: Rt_u3.t_u3j6uv7iw@hotmail.com | Set new sleep_until: 2025-02-15 09:48:02.893462+00:00
2025-02-15 16:45:02.897 | INFO     | __main__:run_module_safe:30 - Account: bei91ei91g9iie72n9e@hotmail.com | Initial farming delay: 2 sec
2025-02-15 16:45:04.900 | INFO     | core.bot:login_new_account:454 - Account: bei91ei91g9iie72n9e@hotmail.com | Logging in...
2025-02-15 16:45:10.243 | INFO     | core.bot:get_captcha_data:26 - Account: H9gtv9gtv7klwxjn2xj@hotmail.com | Got puzzle image, solving...
2025-02-15 16:45:11.369 | SUCCESS  | core.bot:perform_farming_actions:560 - [32mAccount: yq96.q96c3bex2lgvgm4kp@hotmail.com | Sent keepalive request[0m
2025-02-15 16:45:27.443 | INFO     | core.bot:perform_farming_actions:565 - [32mAccount: yq96.q96c3bex2lgvgm4kp@hotmail.com | Total points earned: 22957[0m
2025-02-15 16:45:27.447 | INFO     | database.models.accounts:set_sleep_until:70 - Account: yq96.q96c3bex2lgvgm4kp@hotmail.com | Set new sleep_until: 2025-02-15 09:48:27.445733+00:00
2025-02-15 16:45:27.449 | INFO     | __main__:run_module_safe:30 - Account: g_0xcz4vjk73qy5d@hotmail.com | Initial farming delay: 2 sec
2025-02-15 16:45:29.464 | INFO     | core.bot:login_new_account:454 - Account: g_0xcz4vjk73qy5d@hotmail.com | Logging in...
2025-02-15 16:45:32.103 | INFO     | core.bot:get_captcha_data:26 - Account: g_0xcz4vjk73qy5d@hotmail.com | Got puzzle image, solving...
2025-02-15 16:45:32.795 | SUCCESS  | core.bot:get_captcha_data:32 - Account: g_0xcz4vjk73qy5d@hotmail.com | Puzzle solved: BYAYS=
2025-02-15 16:45:34.399 | SUCCESS  | core.bot:get_captcha_data:32 - Account: H9gtv9gtv7klwxjn2xj@hotmail.com | Puzzle solved: $R4k2g
2025-02-15 16:45:34.750 | INFO     | core.bot:login_new_account:458 - Account: g_0xcz4vjk73qy5d@hotmail.com | Successfully logged in
2025-02-15 16:45:35.298 | WARNING  | core.bot:login_new_account:466 - Account: H9gtv9gtv7klwxjn2xj@hotmail.com | Captcha answer incorrect, re-solving...
2025-02-15 16:45:35.633 | INFO     | core.bot:login_new_account:454 - Account: H9gtv9gtv7klwxjn2xj@hotmail.com | Logging in...
2025-02-15 16:45:37.054 | INFO     | core.bot:get_captcha_data:26 - Account: H9gtv9gtv7klwxjn2xj@hotmail.com | Got puzzle image, solving...
2025-02-15 16:45:39.402 | SUCCESS  | core.bot:perform_farming_actions:560 - [32mAccount: g_0xcz4vjk73qy5d@hotmail.com | Sent keepalive request[0m
2025-02-15 16:45:47.893 | INFO     | core.bot:get_captcha_data:26 - Account: bei91ei91g9iie72n9e@hotmail.com | Got puzzle image, solving...
2025-02-15 16:45:48.506 | SUCCESS  | core.bot:get_captcha_data:32 - Account: bei91ei91g9iie72n9e@hotmail.com | Puzzle solved: 1XRJSX
2025-02-15 16:45:50.433 | INFO     | core.bot:perform_farming_actions:565 - [32mAccount: g_0xcz4vjk73qy5d@hotmail.com | Total points earned: 17795[0m
2025-02-15 16:45:50.436 | INFO     | database.models.accounts:set_sleep_until:70 - Account: g_0xcz4vjk73qy5d@hotmail.com | Set new sleep_until: 2025-02-15 09:48:50.434842+00:00
2025-02-15 16:45:50.439 | INFO     | __main__:run_module_safe:30 - Account: p_i9_i98_9hu7aioff@hotmail.com | Initial farming delay: 4 sec
2025-02-15 16:45:50.774 | INFO     | core.bot:login_new_account:458 - Account: bei91ei91g9iie72n9e@hotmail.com | Successfully logged in
2025-02-15 16:45:54.396 | SUCCESS  | core.bot:get_captcha_data:32 - Account: H9gtv9gtv7klwxjn2xj@hotmail.com | Puzzle solved: HGYAQ#
2025-02-15 16:45:54.444 | INFO     | core.bot:login_new_account:454 - Account: p_i9_i98_9hu7aioff@hotmail.com | Logging in...
2025-02-15 16:45:56.332 | INFO     | core.bot:login_new_account:458 - Account: H9gtv9gtv7klwxjn2xj@hotmail.com | Successfully logged in
2025-02-15 16:45:56.968 | SUCCESS  | core.bot:perform_farming_actions:560 - [32mAccount: bei91ei91g9iie72n9e@hotmail.com | Sent keepalive request[0m
2025-02-15 16:45:58.302 | SUCCESS  | core.bot:perform_farming_actions:560 - [32mAccount: H9gtv9gtv7klwxjn2xj@hotmail.com | Sent keepalive request[0m
2025-02-15 16:46:06.826 | INFO     | core.bot:perform_farming_actions:565 - [32mAccount: bei91ei91g9iie72n9e@hotmail.com | Total points earned: 18847[0m
2025-02-15 16:46:06.830 | INFO     | database.models.accounts:set_sleep_until:70 - Account: bei91ei91g9iie72n9e@hotmail.com | Set new sleep_until: 2025-02-15 09:49:06.828673+00:00
2025-02-15 16:46:06.832 | INFO     | __main__:run_module_safe:30 - Account: W0_6km0_6km5o1v3@hotmail.com | Initial farming delay: 2 sec
2025-02-15 16:46:08.835 | INFO     | core.bot:login_new_account:454 - Account: W0_6km0_6km5o1v3@hotmail.com | Logging in...
2025-02-15 16:46:12.651 | INFO     | core.bot:get_captcha_data:26 - Account: W0_6km0_6km5o1v3@hotmail.com | Got puzzle image, solving...
2025-02-15 16:46:13.793 | INFO     | core.bot:get_captcha_data:26 - Account: p_i9_i98_9hu7aioff@hotmail.com | Got puzzle image, solving...
2025-02-15 16:46:18.684 | INFO     | core.bot:perform_farming_actions:565 - [32mAccount: H9gtv9gtv7klwxjn2xj@hotmail.com | Total points earned: 18847[0m
2025-02-15 16:46:18.687 | INFO     | database.models.accounts:set_sleep_until:70 - Account: H9gtv9gtv7klwxjn2xj@hotmail.com | Set new sleep_until: 2025-02-15 09:49:18.685989+00:00
2025-02-15 16:46:18.690 | INFO     | __main__:run_module_safe:30 - Account: x6hi7.6hi7jmtehu74@hotmail.com | Initial farming delay: 4 sec
2025-02-15 16:46:22.696 | INFO     | core.bot:login_new_account:454 - Account: x6hi7.6hi7jmtehu74@hotmail.com | Logging in...
2025-02-15 16:46:23.189 | SUCCESS  | core.bot:get_captcha_data:32 - Account: W0_6km0_6km5o1v3@hotmail.com | Puzzle solved: EKQ3&2
2025-02-15 16:46:24.252 | SUCCESS  | core.bot:get_captcha_data:32 - Account: p_i9_i98_9hu7aioff@hotmail.com | Puzzle solved: YBYWTW
2025-02-15 16:46:25.961 | INFO     | core.bot:login_new_account:458 - Account: W0_6km0_6km5o1v3@hotmail.com | Successfully logged in
2025-02-15 16:46:26.326 | INFO     | core.bot:login_new_account:458 - Account: p_i9_i98_9hu7aioff@hotmail.com | Successfully logged in
2025-02-15 16:46:26.800 | SUCCESS  | core.bot:perform_farming_actions:560 - [32mAccount: p_i9_i98_9hu7aioff@hotmail.com | Sent keepalive request[0m
2025-02-15 16:46:27.253 | INFO     | core.bot:get_captcha_data:26 - Account: x6hi7.6hi7jmtehu74@hotmail.com | Got puzzle image, solving...
2025-02-15 16:46:27.964 | SUCCESS  | core.bot:get_captcha_data:32 - Account: x6hi7.6hi7jmtehu74@hotmail.com | Puzzle solved: JB1Q&3
2025-02-15 16:46:28.182 | SUCCESS  | core.bot:perform_farming_actions:560 - [32mAccount: W0_6km0_6km5o1v3@hotmail.com | Sent keepalive request[0m
2025-02-15 16:46:30.247 | INFO     | core.bot:login_new_account:458 - Account: x6hi7.6hi7jmtehu74@hotmail.com | Successfully logged in
2025-02-15 16:46:32.586 | INFO     | core.bot:perform_farming_actions:565 - [32mAccount: p_i9_i98_9hu7aioff@hotmail.com | Total points earned: 19322[0m
2025-02-15 16:46:32.590 | INFO     | database.models.accounts:set_sleep_until:70 - Account: p_i9_i98_9hu7aioff@hotmail.com | Set new sleep_until: 2025-02-15 09:49:32.588684+00:00
2025-02-15 16:46:32.592 | INFO     | __main__:run_module_safe:30 - Account: i9ob.9ob6e4tem45e@hotmail.com | Initial farming delay: 3 sec
2025-02-15 16:46:35.573 | INFO     | core.bot:perform_farming_actions:565 - [32mAccount: W0_6km0_6km5o1v3@hotmail.com | Total points earned: 19322[0m
2025-02-15 16:46:35.577 | INFO     | database.models.accounts:set_sleep_until:70 - Account: W0_6km0_6km5o1v3@hotmail.com | Set new sleep_until: 2025-02-15 09:49:35.575608+00:00
2025-02-15 16:46:35.579 | INFO     | __main__:run_module_safe:30 - Account: viettrai531@gmail.com | Initial farming delay: 4 sec
2025-02-15 16:46:35.609 | INFO     | core.bot:login_new_account:454 - Account: i9ob.9ob6e4tem45e@hotmail.com | Logging in...
2025-02-15 16:46:38.882 | SUCCESS  | core.bot:perform_farming_actions:560 - [32mAccount: x6hi7.6hi7jmtehu74@hotmail.com | Sent keepalive request[0m
2025-02-15 16:46:39.589 | INFO     | core.bot:login_new_account:454 - Account: viettrai531@gmail.com | Logging in...
2025-02-15 16:46:44.126 | INFO     | core.bot:get_captcha_data:26 - Account: viettrai531@gmail.com | Got puzzle image, solving...
2025-02-15 16:46:47.468 | SUCCESS  | core.bot:get_captcha_data:32 - Account: viettrai531@gmail.com | Puzzle solved: 1E2K#H
2025-02-15 16:46:47.738 | INFO     | core.bot:perform_farming_actions:565 - [32mAccount: x6hi7.6hi7jmtehu74@hotmail.com | Total points earned: 17292[0m
2025-02-15 16:46:47.741 | INFO     | database.models.accounts:set_sleep_until:70 - Account: x6hi7.6hi7jmtehu74@hotmail.com | Set new sleep_until: 2025-02-15 09:49:47.740019+00:00
2025-02-15 16:46:47.744 | INFO     | __main__:run_module_safe:30 - Account: Cfkku.fkkues2n_4_i94c48@hotmail.com | Initial farming delay: 3 sec
2025-02-15 16:46:49.595 | INFO     | core.bot:login_new_account:458 - Account: viettrai531@gmail.com | Successfully logged in
2025-02-15 16:46:50.750 | INFO     | core.bot:login_new_account:454 - Account: Cfkku.fkkues2n_4_i94c48@hotmail.com | Logging in...
2025-02-15 16:46:51.243 | SUCCESS  | core.bot:perform_farming_actions:560 - [32mAccount: viettrai531@gmail.com | Sent keepalive request[0m
2025-02-15 16:46:59.944 | INFO     | core.bot:perform_farming_actions:565 - [32mAccount: viettrai531@gmail.com | Total points earned: 29891[0m
2025-02-15 16:46:59.948 | INFO     | database.models.accounts:set_sleep_until:70 - Account: viettrai531@gmail.com | Set new sleep_until: 2025-02-15 09:49:59.946348+00:00
2025-02-15 16:46:59.950 | INFO     | __main__:run_module_safe:30 - Account: Fopgw4.opgw4ax57b0bji@hotmail.com | Initial farming delay: 2 sec
2025-02-15 16:47:01.954 | INFO     | core.bot:login_new_account:454 - Account: Fopgw4.opgw4ax57b0bji@hotmail.com | Logging in...
2025-02-15 16:47:11.276 | INFO     | core.bot:get_captcha_data:26 - Account: Cfkku.fkkues2n_4_i94c48@hotmail.com | Got puzzle image, solving...
2025-02-15 16:47:11.327 | INFO     | core.bot:get_captcha_data:26 - Account: Fopgw4.opgw4ax57b0bji@hotmail.com | Got puzzle image, solving...
2025-02-15 16:47:12.659 | SUCCESS  | core.bot:get_captcha_data:32 - Account: Fopgw4.opgw4ax57b0bji@hotmail.com | Puzzle solved: KW3FE6
2025-02-15 16:47:14.590 | INFO     | core.bot:login_new_account:458 - Account: Fopgw4.opgw4ax57b0bji@hotmail.com | Successfully logged in
2025-02-15 16:47:17.800 | INFO     | core.bot:get_captcha_data:26 - Account: i9ob.9ob6e4tem45e@hotmail.com | Got puzzle image, solving...
2025-02-15 16:47:18.061 | SUCCESS  | core.bot:perform_farming_actions:560 - [32mAccount: Fopgw4.opgw4ax57b0bji@hotmail.com | Sent keepalive request[0m
2025-02-15 16:47:32.501 | SUCCESS  | core.bot:get_captcha_data:32 - Account: Cfkku.fkkues2n_4_i94c48@hotmail.com | Puzzle solved: @$CVMV
2025-02-15 16:47:34.643 | INFO     | core.bot:login_new_account:458 - Account: Cfkku.fkkues2n_4_i94c48@hotmail.com | Successfully logged in
2025-02-15 16:47:34.833 | INFO     | core.bot:perform_farming_actions:565 - [32mAccount: Fopgw4.opgw4ax57b0bji@hotmail.com | Total points earned: 17349[0m
2025-02-15 16:47:34.836 | INFO     | database.models.accounts:set_sleep_until:70 - Account: Fopgw4.opgw4ax57b0bji@hotmail.com | Set new sleep_until: 2025-02-15 09:50:34.834872+00:00
2025-02-15 16:47:34.839 | INFO     | __main__:run_module_safe:30 - Account: i89x.89xtfkzqa08z@hotmail.com | Initial farming delay: 2 sec
2025-02-15 16:47:36.854 | INFO     | core.bot:login_new_account:454 - Account: i89x.89xtfkzqa08z@hotmail.com | Logging in...
2025-02-15 16:47:43.935 | INFO     | core.bot:get_captcha_data:26 - Account: i89x.89xtfkzqa08z@hotmail.com | Got puzzle image, solving...
2025-02-15 16:47:44.296 | SUCCESS  | core.bot:perform_farming_actions:560 - [32mAccount: Cfkku.fkkues2n_4_i94c48@hotmail.com | Sent keepalive request[0m
2025-02-15 16:47:47.992 | SUCCESS  | core.bot:get_captcha_data:32 - Account: i89x.89xtfkzqa08z@hotmail.com | Puzzle solved: 2$&R4J
2025-02-15 16:47:50.366 | INFO     | core.bot:login_new_account:458 - Account: i89x.89xtfkzqa08z@hotmail.com | Successfully logged in
2025-02-15 16:47:51.696 | ERROR    | core.bot:get_captcha_data:40 - Account: i9ob.9ob6e4tem45e@hotmail.com | Failed to solve puzzle: Max time for solving exhausted | Retrying...
2025-02-15 16:47:52.183 | SUCCESS  | core.bot:perform_farming_actions:560 - [32mAccount: i89x.89xtfkzqa08z@hotmail.com | Sent keepalive request[0m
2025-02-15 16:47:52.933 | INFO     | core.bot:perform_farming_actions:565 - [32mAccount: Cfkku.fkkues2n_4_i94c48@hotmail.com | Total points earned: 21661[0m
2025-02-15 16:47:52.937 | INFO     | database.models.accounts:set_sleep_until:70 - Account: Cfkku.fkkues2n_4_i94c48@hotmail.com | Set new sleep_until: 2025-02-15 09:50:52.935123+00:00
2025-02-15 16:47:52.939 | INFO     | __main__:run_module_safe:30 - Account: Ywbh8k.wbh8kyvtza@hotmail.com | Initial farming delay: 3 sec
2025-02-15 16:47:53.178 | INFO     | core.bot:get_captcha_data:26 - Account: i9ob.9ob6e4tem45e@hotmail.com | Got puzzle image, solving...
2025-02-15 16:47:53.894 | SUCCESS  | core.bot:get_captcha_data:32 - Account: i9ob.9ob6e4tem45e@hotmail.com | Puzzle solved: GYD3FT
2025-02-15 16:47:55.956 | INFO     | core.bot:login_new_account:454 - Account: Ywbh8k.wbh8kyvtza@hotmail.com | Logging in...
2025-02-15 16:47:56.229 | INFO     | core.bot:login_new_account:458 - Account: i9ob.9ob6e4tem45e@hotmail.com | Successfully logged in
2025-02-15 16:47:57.942 | SUCCESS  | core.bot:perform_farming_actions:560 - [32mAccount: i9ob.9ob6e4tem45e@hotmail.com | Sent keepalive request[0m
2025-02-15 16:48:13.860 | INFO     | core.bot:perform_farming_actions:565 - [32mAccount: i89x.89xtfkzqa08z@hotmail.com | Total points earned: 19032[0m
2025-02-15 16:48:13.864 | INFO     | database.models.accounts:set_sleep_until:70 - Account: i89x.89xtfkzqa08z@hotmail.com | Set new sleep_until: 2025-02-15 09:51:13.862312+00:00
2025-02-15 16:48:13.866 | INFO     | __main__:run_module_safe:30 - Account: qk8p7.k8p7561g7cc@hotmail.com | Initial farming delay: 4 sec
2025-02-15 16:48:16.969 | INFO     | core.bot:get_captcha_data:26 - Account: Ywbh8k.wbh8kyvtza@hotmail.com | Got puzzle image, solving...
2025-02-15 16:48:17.873 | INFO     | core.bot:login_new_account:454 - Account: qk8p7.k8p7561g7cc@hotmail.com | Logging in...
2025-02-15 16:48:18.485 | INFO     | core.bot:perform_farming_actions:565 - [32mAccount: i9ob.9ob6e4tem45e@hotmail.com | Total points earned: 17949[0m
2025-02-15 16:48:18.488 | INFO     | database.models.accounts:set_sleep_until:70 - Account: i9ob.9ob6e4tem45e@hotmail.com | Set new sleep_until: 2025-02-15 09:51:18.487046+00:00
2025-02-15 16:48:18.491 | INFO     | __main__:run_module_safe:30 - Account: rb1d1c.b1d1cjnz7v@hotmail.com | Initial farming delay: 5 sec
2025-02-15 16:48:19.099 | SUCCESS  | core.bot:get_captcha_data:32 - Account: Ywbh8k.wbh8kyvtza@hotmail.com | Puzzle solved: DM@5V&
2025-02-15 16:48:21.418 | INFO     | core.bot:login_new_account:458 - Account: Ywbh8k.wbh8kyvtza@hotmail.com | Successfully logged in
2025-02-15 16:48:23.495 | INFO     | core.bot:login_new_account:454 - Account: rb1d1c.b1d1cjnz7v@hotmail.com | Logging in...
2025-02-15 16:48:23.813 | SUCCESS  | core.bot:perform_farming_actions:560 - [32mAccount: Ywbh8k.wbh8kyvtza@hotmail.com | Sent keepalive request[0m
2025-02-15 16:48:26.682 | INFO     | core.bot:get_captcha_data:26 - Account: qk8p7.k8p7561g7cc@hotmail.com | Got puzzle image, solving...
2025-02-15 16:48:31.080 | SUCCESS  | core.bot:get_captcha_data:32 - Account: qk8p7.k8p7561g7cc@hotmail.com | Puzzle solved: =KG=BY
2025-02-15 16:48:33.487 | INFO     | core.bot:login_new_account:458 - Account: qk8p7.k8p7561g7cc@hotmail.com | Successfully logged in
2025-02-15 16:48:34.306 | INFO     | core.bot:perform_farming_actions:565 - [32mAccount: Ywbh8k.wbh8kyvtza@hotmail.com | Total points earned: 19331[0m
2025-02-15 16:48:34.310 | INFO     | database.models.accounts:set_sleep_until:70 - Account: Ywbh8k.wbh8kyvtza@hotmail.com | Set new sleep_until: 2025-02-15 09:51:34.308556+00:00
2025-02-15 16:48:34.312 | INFO     | __main__:run_module_safe:30 - Account: u795gf.795gfrzn5c0cgx21@hotmail.com | Initial farming delay: 3 sec
2025-02-15 16:48:35.232 | SUCCESS  | core.bot:perform_farming_actions:560 - [32mAccount: qk8p7.k8p7561g7cc@hotmail.com | Sent keepalive request[0m
2025-02-15 16:48:37.327 | INFO     | core.bot:login_new_account:454 - Account: u795gf.795gfrzn5c0cgx21@hotmail.com | Logging in...
2025-02-15 16:48:42.822 | INFO     | core.bot:get_captcha_data:26 - Account: rb1d1c.b1d1cjnz7v@hotmail.com | Got puzzle image, solving...
2025-02-15 16:48:46.376 | INFO     | core.bot:perform_farming_actions:565 - [32mAccount: qk8p7.k8p7561g7cc@hotmail.com | Total points earned: 18005[0m
2025-02-15 16:48:46.380 | INFO     | database.models.accounts:set_sleep_until:70 - Account: qk8p7.k8p7561g7cc@hotmail.com | Set new sleep_until: 2025-02-15 09:51:46.378426+00:00
2025-02-15 16:48:46.382 | INFO     | __main__:run_module_safe:30 - Account: n1xa1xa70022ya7p46c@hotmail.com | Initial farming delay: 5 sec
2025-02-15 16:48:49.255 | SUCCESS  | core.bot:get_captcha_data:32 - Account: rb1d1c.b1d1cjnz7v@hotmail.com | Puzzle solved: TD53WK
2025-02-15 16:48:51.388 | INFO     | core.bot:login_new_account:454 - Account: n1xa1xa70022ya7p46c@hotmail.com | Logging in...
2025-02-15 16:48:51.521 | INFO     | core.bot:login_new_account:458 - Account: rb1d1c.b1d1cjnz7v@hotmail.com | Successfully logged in
2025-02-15 16:48:55.599 | INFO     | core.bot:get_captcha_data:26 - Account: n1xa1xa70022ya7p46c@hotmail.com | Got puzzle image, solving...
2025-02-15 16:48:56.794 | INFO     | core.bot:get_captcha_data:26 - Account: u795gf.795gfrzn5c0cgx21@hotmail.com | Got puzzle image, solving...
2025-02-15 16:48:57.747 | SUCCESS  | core.bot:perform_farming_actions:560 - [32mAccount: rb1d1c.b1d1cjnz7v@hotmail.com | Sent keepalive request[0m
2025-02-15 16:49:05.976 | INFO     | core.bot:perform_farming_actions:565 - [32mAccount: rb1d1c.b1d1cjnz7v@hotmail.com | Total points earned: 17280[0m
2025-02-15 16:49:05.980 | INFO     | database.models.accounts:set_sleep_until:70 - Account: rb1d1c.b1d1cjnz7v@hotmail.com | Set new sleep_until: 2025-02-15 09:52:05.978702+00:00
2025-02-15 16:49:05.982 | INFO     | __main__:run_module_safe:30 - Account: yw845w84560tqim00@hotmail.com | Initial farming delay: 3 sec
2025-02-15 16:49:06.154 | SUCCESS  | core.bot:get_captcha_data:32 - Account: n1xa1xa70022ya7p46c@hotmail.com | Puzzle solved: KS2M2P
2025-02-15 16:49:07.264 | SUCCESS  | core.bot:get_captcha_data:32 - Account: u795gf.795gfrzn5c0cgx21@hotmail.com | Puzzle solved: VCP5FV
2025-02-15 16:49:07.996 | INFO     | core.bot:login_new_account:458 - Account: n1xa1xa70022ya7p46c@hotmail.com | Successfully logged in
2025-02-15 16:49:08.356 | SUCCESS  | core.bot:perform_farming_actions:560 - [32mAccount: n1xa1xa70022ya7p46c@hotmail.com | Sent keepalive request[0m
2025-02-15 16:49:08.998 | INFO     | core.bot:login_new_account:454 - Account: yw845w84560tqim00@hotmail.com | Logging in...
2025-02-15 16:49:10.988 | INFO     | core.bot:get_captcha_data:26 - Account: yw845w84560tqim00@hotmail.com | Got puzzle image, solving...
2025-02-15 16:49:10.993 | INFO     | core.bot:login_new_account:458 - Account: u795gf.795gfrzn5c0cgx21@hotmail.com | Successfully logged in
2025-02-15 16:49:11.685 | SUCCESS  | core.bot:get_captcha_data:32 - Account: yw845w84560tqim00@hotmail.com | Puzzle solved: @SKTD=
2025-02-15 16:49:14.185 | INFO     | core.bot:login_new_account:458 - Account: yw845w84560tqim00@hotmail.com | Successfully logged in
2025-02-15 16:49:14.759 | SUCCESS  | core.bot:perform_farming_actions:560 - [32mAccount: yw845w84560tqim00@hotmail.com | Sent keepalive request[0m
2025-02-15 16:49:15.359 | INFO     | core.bot:perform_farming_actions:565 - [32mAccount: n1xa1xa70022ya7p46c@hotmail.com | Total points earned: 24081[0m
2025-02-15 16:49:15.363 | INFO     | database.models.accounts:set_sleep_until:70 - Account: n1xa1xa70022ya7p46c@hotmail.com | Set new sleep_until: 2025-02-15 09:52:15.361292+00:00
2025-02-15 16:49:15.365 | INFO     | __main__:run_module_safe:30 - Account: z4jvp.4jvpkqth8xw@hotmail.com | Initial farming delay: 5 sec
2025-02-15 16:49:20.369 | INFO     | core.bot:login_new_account:454 - Account: z4jvp.4jvpkqth8xw@hotmail.com | Logging in...
2025-02-15 16:49:21.587 | SUCCESS  | core.bot:perform_farming_actions:560 - [32mAccount: u795gf.795gfrzn5c0cgx21@hotmail.com | Sent keepalive request[0m
2025-02-15 16:49:22.194 | INFO     | core.bot:get_captcha_data:26 - Account: z4jvp.4jvpkqth8xw@hotmail.com | Got puzzle image, solving...
2025-02-15 16:49:22.628 | INFO     | core.bot:perform_farming_actions:565 - [32mAccount: yw845w84560tqim00@hotmail.com | Total points earned: 21734[0m
2025-02-15 16:49:22.632 | INFO     | database.models.accounts:set_sleep_until:70 - Account: yw845w84560tqim00@hotmail.com | Set new sleep_until: 2025-02-15 09:52:22.630717+00:00
2025-02-15 16:49:22.634 | INFO     | __main__:run_module_safe:30 - Account: j_jf4_jf4omywfwv@hotmail.com | Initial farming delay: 4 sec
2025-02-15 16:49:26.643 | INFO     | core.bot:login_new_account:454 - Account: j_jf4_jf4omywfwv@hotmail.com | Logging in...
2025-02-15 16:49:28.305 | INFO     | core.bot:get_captcha_data:26 - Account: j_jf4_jf4omywfwv@hotmail.com | Got puzzle image, solving...
2025-02-15 16:49:29.080 | SUCCESS  | core.bot:get_captcha_data:32 - Account: j_jf4_jf4omywfwv@hotmail.com | Puzzle solved: THKA&H
2025-02-15 16:49:29.426 | SUCCESS  | core.bot:get_captcha_data:32 - Account: z4jvp.4jvpkqth8xw@hotmail.com | Puzzle solved: P1G3S6
2025-02-15 16:49:31.170 | INFO     | core.bot:login_new_account:458 - Account: j_jf4_jf4omywfwv@hotmail.com | Successfully logged in
2025-02-15 16:49:31.421 | INFO     | core.bot:login_new_account:458 - Account: z4jvp.4jvpkqth8xw@hotmail.com | Successfully logged in
2025-02-15 16:49:32.939 | SUCCESS  | core.bot:perform_farming_actions:560 - [32mAccount: j_jf4_jf4omywfwv@hotmail.com | Sent keepalive request[0m
2025-02-15 16:49:33.629 | SUCCESS  | core.bot:perform_farming_actions:560 - [32mAccount: z4jvp.4jvpkqth8xw@hotmail.com | Sent keepalive request[0m
2025-02-15 16:49:34.278 | INFO     | core.bot:perform_farming_actions:565 - [32mAccount: u795gf.795gfrzn5c0cgx21@hotmail.com | Total points earned: 21734[0m
2025-02-15 16:49:34.281 | INFO     | database.models.accounts:set_sleep_until:70 - Account: u795gf.795gfrzn5c0cgx21@hotmail.com | Set new sleep_until: 2025-02-15 09:52:34.279998+00:00
2025-02-15 16:49:34.284 | INFO     | __main__:run_module_safe:30 - Account: Nr43r43d0jnfyes1ml5q@hotmail.com | Initial farming delay: 5 sec
2025-02-15 16:49:39.298 | INFO     | core.bot:login_new_account:454 - Account: Nr43r43d0jnfyes1ml5q@hotmail.com | Logging in...
2025-02-15 16:49:43.614 | INFO     | core.bot:get_captcha_data:26 - Account: Nr43r43d0jnfyes1ml5q@hotmail.com | Got puzzle image, solving...
2025-02-15 16:49:44.467 | INFO     | core.bot:perform_farming_actions:565 - [32mAccount: j_jf4_jf4omywfwv@hotmail.com | Total points earned: 22291[0m
2025-02-15 16:49:44.470 | INFO     | database.models.accounts:set_sleep_until:70 - Account: j_jf4_jf4omywfwv@hotmail.com | Set new sleep_until: 2025-02-15 09:52:44.468804+00:00
2025-02-15 16:49:44.473 | INFO     | __main__:run_module_safe:30 - Account: lp1eu.p1eutjonerw@hotmail.com | Initial farming delay: 2 sec
2025-02-15 16:49:46.483 | INFO     | core.bot:login_new_account:454 - Account: lp1eu.p1eutjonerw@hotmail.com | Logging in...
2025-02-15 16:49:47.435 | INFO     | core.bot:perform_farming_actions:565 - [32mAccount: z4jvp.4jvpkqth8xw@hotmail.com | Total points earned: 22291[0m
2025-02-15 16:49:47.438 | INFO     | database.models.accounts:set_sleep_until:70 - Account: z4jvp.4jvpkqth8xw@hotmail.com | Set new sleep_until: 2025-02-15 09:52:47.436911+00:00
2025-02-15 16:49:47.440 | INFO     | __main__:run_module_safe:30 - Account: l88q.88qyr7ip2ov16k2ai@hotmail.com | Initial farming delay: 3 sec
2025-02-15 16:49:50.044 | SUCCESS  | core.bot:get_captcha_data:32 - Account: Nr43r43d0jnfyes1ml5q@hotmail.com | Puzzle solved: MYTH2T
2025-02-15 16:49:50.448 | INFO     | core.bot:login_new_account:454 - Account: l88q.88qyr7ip2ov16k2ai@hotmail.com | Logging in...
2025-02-15 16:49:51.888 | INFO     | core.bot:login_new_account:458 - Account: Nr43r43d0jnfyes1ml5q@hotmail.com | Successfully logged in
2025-02-15 16:49:53.118 | INFO     | core.bot:get_captcha_data:26 - Account: l88q.88qyr7ip2ov16k2ai@hotmail.com | Got puzzle image, solving...
2025-02-15 16:49:57.105 | SUCCESS  | core.bot:get_captcha_data:32 - Account: l88q.88qyr7ip2ov16k2ai@hotmail.com | Puzzle solved: KWMCMD
2025-02-15 16:49:58.888 | SUCCESS  | core.bot:perform_farming_actions:560 - [32mAccount: Nr43r43d0jnfyes1ml5q@hotmail.com | Sent keepalive request[0m
2025-02-15 16:49:59.363 | INFO     | core.bot:login_new_account:458 - Account: l88q.88qyr7ip2ov16k2ai@hotmail.com | Successfully logged in
2025-02-15 16:50:01.227 | SUCCESS  | core.bot:perform_farming_actions:560 - [32mAccount: l88q.88qyr7ip2ov16k2ai@hotmail.com | Sent keepalive request[0m
2025-02-15 16:50:08.423 | INFO     | core.bot:perform_farming_actions:565 - [32mAccount: l88q.88qyr7ip2ov16k2ai@hotmail.com | Total points earned: 22529[0m
2025-02-15 16:50:08.426 | INFO     | database.models.accounts:set_sleep_until:70 - Account: l88q.88qyr7ip2ov16k2ai@hotmail.com | Set new sleep_until: 2025-02-15 09:53:08.425170+00:00
2025-02-15 16:50:08.429 | INFO     | __main__:run_module_safe:30 - Account: Yzcn.zcnpv5gteu_zu2iux@hotmail.com | Initial farming delay: 3 sec
2025-02-15 16:50:11.442 | INFO     | core.bot:login_new_account:454 - Account: Yzcn.zcnpv5gteu_zu2iux@hotmail.com | Logging in...
2025-02-15 16:50:12.719 | INFO     | core.bot:perform_farming_actions:565 - [32mAccount: Nr43r43d0jnfyes1ml5q@hotmail.com | Total points earned: 21858[0m
2025-02-15 16:50:12.722 | INFO     | database.models.accounts:set_sleep_until:70 - Account: Nr43r43d0jnfyes1ml5q@hotmail.com | Set new sleep_until: 2025-02-15 09:53:12.721052+00:00
2025-02-15 16:50:12.725 | INFO     | __main__:run_module_safe:30 - Account: hdr0dr0dul3t7vsz@hotmail.com | Initial farming delay: 2 sec
2025-02-15 16:50:12.983 | INFO     | core.bot:get_captcha_data:26 - Account: lp1eu.p1eutjonerw@hotmail.com | Got puzzle image, solving...
2025-02-15 16:50:13.755 | INFO     | core.bot:get_captcha_data:26 - Account: Yzcn.zcnpv5gteu_zu2iux@hotmail.com | Got puzzle image, solving...
2025-02-15 16:50:14.735 | INFO     | core.bot:login_new_account:454 - Account: hdr0dr0dul3t7vsz@hotmail.com | Logging in...
2025-02-15 16:50:14.760 | SUCCESS  | core.bot:get_captcha_data:32 - Account: Yzcn.zcnpv5gteu_zu2iux@hotmail.com | Puzzle solved: JPMBJQ
2025-02-15 16:50:16.976 | INFO     | core.bot:login_new_account:458 - Account: Yzcn.zcnpv5gteu_zu2iux@hotmail.com | Successfully logged in
2025-02-15 16:50:17.912 | SUCCESS  | core.bot:perform_farming_actions:560 - [32mAccount: Yzcn.zcnpv5gteu_zu2iux@hotmail.com | Sent keepalive request[0m
2025-02-15 16:50:23.219 | INFO     | core.bot:get_captcha_data:26 - Account: hdr0dr0dul3t7vsz@hotmail.com | Got puzzle image, solving...
2025-02-15 16:50:23.466 | SUCCESS  | core.bot:get_captcha_data:32 - Account: lp1eu.p1eutjonerw@hotmail.com | Puzzle solved: #C4GE@
2025-02-15 16:50:23.967 | SUCCESS  | core.bot:get_captcha_data:32 - Account: hdr0dr0dul3t7vsz@hotmail.com | Puzzle solved: GNQCGP
2025-02-15 16:50:25.636 | INFO     | core.bot:login_new_account:458 - Account: lp1eu.p1eutjonerw@hotmail.com | Successfully logged in
2025-02-15 16:50:25.816 | INFO     | core.bot:login_new_account:458 - Account: hdr0dr0dul3t7vsz@hotmail.com | Successfully logged in
2025-02-15 16:50:26.222 | INFO     | core.bot:perform_farming_actions:565 - [32mAccount: Yzcn.zcnpv5gteu_zu2iux@hotmail.com | Total points earned: 22123[0m
2025-02-15 16:50:26.226 | INFO     | database.models.accounts:set_sleep_until:70 - Account: Yzcn.zcnpv5gteu_zu2iux@hotmail.com | Set new sleep_until: 2025-02-15 09:53:26.224642+00:00
2025-02-15 16:50:26.228 | INFO     | __main__:run_module_safe:30 - Account: zlf02f.lf02fqruz4@hotmail.com | Initial farming delay: 3 sec
2025-02-15 16:50:29.245 | INFO     | core.bot:login_new_account:454 - Account: zlf02f.lf02fqruz4@hotmail.com | Logging in...
2025-02-15 16:50:32.878 | SUCCESS  | core.bot:perform_farming_actions:560 - [32mAccount: lp1eu.p1eutjonerw@hotmail.com | Sent keepalive request[0m
2025-02-15 16:50:34.244 | SUCCESS  | core.bot:perform_farming_actions:560 - [32mAccount: hdr0dr0dul3t7vsz@hotmail.com | Sent keepalive request[0m
2025-02-15 16:50:41.023 | INFO     | core.bot:perform_farming_actions:565 - [32mAccount: lp1eu.p1eutjonerw@hotmail.com | Total points earned: 23259[0m
2025-02-15 16:50:41.027 | INFO     | database.models.accounts:set_sleep_until:70 - Account: lp1eu.p1eutjonerw@hotmail.com | Set new sleep_until: 2025-02-15 09:53:41.025723+00:00
2025-02-15 16:50:41.029 | INFO     | __main__:run_module_safe:30 - Account: Wfaonbfaonb7ou8l@hotmail.com | Initial farming delay: 2 sec
2025-02-15 16:50:43.040 | INFO     | core.bot:login_new_account:454 - Account: Wfaonbfaonb7ou8l@hotmail.com | Logging in...
2025-02-15 16:50:44.913 | INFO     | core.bot:get_captcha_data:26 - Account: Wfaonbfaonb7ou8l@hotmail.com | Got puzzle image, solving...
2025-02-15 16:50:46.251 | SUCCESS  | core.bot:get_captcha_data:32 - Account: Wfaonbfaonb7ou8l@hotmail.com | Puzzle solved: B&&GJ@
2025-02-15 16:50:46.638 | INFO     | core.bot:perform_farming_actions:565 - [32mAccount: hdr0dr0dul3t7vsz@hotmail.com | Total points earned: 23259[0m
2025-02-15 16:50:46.642 | INFO     | database.models.accounts:set_sleep_until:70 - Account: hdr0dr0dul3t7vsz@hotmail.com | Set new sleep_until: 2025-02-15 09:53:46.640604+00:00
2025-02-15 16:50:46.644 | INFO     | __main__:run_module_safe:30 - Account: Fkpe2.kpe2qmh8b176o4iz1@hotmail.com | Initial farming delay: 3 sec
2025-02-15 16:50:48.543 | INFO     | core.bot:login_new_account:458 - Account: Wfaonbfaonb7ou8l@hotmail.com | Successfully logged in
2025-02-15 16:50:49.092 | SUCCESS  | core.bot:perform_farming_actions:560 - [32mAccount: Wfaonbfaonb7ou8l@hotmail.com | Sent keepalive request[0m
2025-02-15 16:50:49.654 | INFO     | core.bot:login_new_account:454 - Account: Fkpe2.kpe2qmh8b176o4iz1@hotmail.com | Logging in...
2025-02-15 16:50:50.513 | INFO     | core.bot:get_captcha_data:26 - Account: zlf02f.lf02fqruz4@hotmail.com | Got puzzle image, solving...
2025-02-15 16:50:51.215 | SUCCESS  | core.bot:get_captcha_data:32 - Account: zlf02f.lf02fqruz4@hotmail.com | Puzzle solved: MKHWGJ
2025-02-15 16:50:51.328 | INFO     | core.bot:get_captcha_data:26 - Account: Fkpe2.kpe2qmh8b176o4iz1@hotmail.com | Got puzzle image, solving...
2025-02-15 16:50:52.082 | SUCCESS  | core.bot:get_captcha_data:32 - Account: Fkpe2.kpe2qmh8b176o4iz1@hotmail.com | Puzzle solved: $JYM&J
2025-02-15 16:50:53.303 | INFO     | core.bot:login_new_account:458 - Account: zlf02f.lf02fqruz4@hotmail.com | Successfully logged in
2025-02-15 16:50:54.290 | INFO     | core.bot:login_new_account:458 - Account: Fkpe2.kpe2qmh8b176o4iz1@hotmail.com | Successfully logged in
2025-02-15 16:50:55.085 | SUCCESS  | core.bot:perform_farming_actions:560 - [32mAccount: zlf02f.lf02fqruz4@hotmail.com | Sent keepalive request[0m
2025-02-15 16:51:00.096 | INFO     | core.bot:perform_farming_actions:565 - [32mAccount: Wfaonbfaonb7ou8l@hotmail.com | Total points earned: 21567[0m
2025-02-15 16:51:00.100 | INFO     | database.models.accounts:set_sleep_until:70 - Account: Wfaonbfaonb7ou8l@hotmail.com | Set new sleep_until: 2025-02-15 09:54:00.098784+00:00
2025-02-15 16:51:00.103 | INFO     | __main__:run_module_safe:30 - Account: Ishyhu.shyhu7rlfu4@hotmail.com | Initial farming delay: 2 sec
2025-02-15 16:51:01.430 | SUCCESS  | core.bot:perform_farming_actions:560 - [32mAccount: Fkpe2.kpe2qmh8b176o4iz1@hotmail.com | Sent keepalive request[0m
2025-02-15 16:51:02.110 | INFO     | core.bot:login_new_account:454 - Account: Ishyhu.shyhu7rlfu4@hotmail.com | Logging in...
2025-02-15 16:51:08.914 | INFO     | core.bot:get_captcha_data:26 - Account: Ishyhu.shyhu7rlfu4@hotmail.com | Got puzzle image, solving...
2025-02-15 16:51:12.580 | INFO     | core.bot:perform_farming_actions:565 - [32mAccount: Fkpe2.kpe2qmh8b176o4iz1@hotmail.com | Total points earned: 19400[0m
2025-02-15 16:51:12.584 | INFO     | database.models.accounts:set_sleep_until:70 - Account: Fkpe2.kpe2qmh8b176o4iz1@hotmail.com | Set new sleep_until: 2025-02-15 09:54:12.582403+00:00
2025-02-15 16:51:12.586 | INFO     | __main__:run_module_safe:30 - Account: Lx_0.x_0ofapgzjxvr8@hotmail.com | Initial farming delay: 4 sec
2025-02-15 16:51:13.590 | SUCCESS  | core.bot:get_captcha_data:32 - Account: Ishyhu.shyhu7rlfu4@hotmail.com | Puzzle solved: K#&WKJ
2025-02-15 16:51:13.896 | INFO     | core.bot:perform_farming_actions:565 - [32mAccount: zlf02f.lf02fqruz4@hotmail.com | Total points earned: 19400[0m
2025-02-15 16:51:13.899 | INFO     | database.models.accounts:set_sleep_until:70 - Account: zlf02f.lf02fqruz4@hotmail.com | Set new sleep_until: 2025-02-15 09:54:13.897905+00:00
2025-02-15 16:51:13.901 | INFO     | __main__:run_module_safe:30 - Account: dji20ji20dikki6b@hotmail.com | Initial farming delay: 3 sec
2025-02-15 16:51:15.701 | INFO     | core.bot:login_new_account:458 - Account: Ishyhu.shyhu7rlfu4@hotmail.com | Successfully logged in
2025-02-15 16:51:16.166 | SUCCESS  | core.bot:perform_farming_actions:560 - [32mAccount: Ishyhu.shyhu7rlfu4@hotmail.com | Sent keepalive request[0m
2025-02-15 16:51:16.591 | INFO     | core.bot:login_new_account:454 - Account: Lx_0.x_0ofapgzjxvr8@hotmail.com | Logging in...
2025-02-15 16:51:16.916 | INFO     | core.bot:login_new_account:454 - Account: dji20ji20dikki6b@hotmail.com | Logging in...
2025-02-15 16:51:25.286 | INFO     | core.bot:perform_farming_actions:565 - [32mAccount: Ishyhu.shyhu7rlfu4@hotmail.com | Total points earned: 21247[0m
2025-02-15 16:51:25.290 | INFO     | database.models.accounts:set_sleep_until:70 - Account: Ishyhu.shyhu7rlfu4@hotmail.com | Set new sleep_until: 2025-02-15 09:54:25.288220+00:00
2025-02-15 16:51:25.292 | INFO     | __main__:run_module_safe:30 - Account: zu1ep.u1epr_qldt7mjbok@hotmail.com | Initial farming delay: 5 sec
2025-02-15 16:51:30.301 | INFO     | core.bot:login_new_account:454 - Account: zu1ep.u1epr_qldt7mjbok@hotmail.com | Logging in...
2025-02-15 16:51:36.954 | INFO     | core.bot:get_captcha_data:26 - Account: dji20ji20dikki6b@hotmail.com | Got puzzle image, solving...
2025-02-15 16:51:41.345 | SUCCESS  | core.bot:get_captcha_data:32 - Account: dji20ji20dikki6b@hotmail.com | Puzzle solved: BJ=SHC
2025-02-15 16:51:43.564 | INFO     | core.bot:login_new_account:458 - Account: dji20ji20dikki6b@hotmail.com | Successfully logged in
2025-02-15 16:51:45.701 | SUCCESS  | core.bot:perform_farming_actions:560 - [32mAccount: dji20ji20dikki6b@hotmail.com | Sent keepalive request[0m
2025-02-15 16:51:49.226 | INFO     | core.bot:get_captcha_data:26 - Account: zu1ep.u1epr_qldt7mjbok@hotmail.com | Got puzzle image, solving...
2025-02-15 16:51:53.916 | SUCCESS  | core.bot:get_captcha_data:32 - Account: zu1ep.u1epr_qldt7mjbok@hotmail.com | Puzzle solved: 3GXF#Q
2025-02-15 16:51:54.339 | INFO     | core.bot:perform_farming_actions:565 - [32mAccount: dji20ji20dikki6b@hotmail.com | Total points earned: 22280[0m
2025-02-15 16:51:54.342 | INFO     | database.models.accounts:set_sleep_until:70 - Account: dji20ji20dikki6b@hotmail.com | Set new sleep_until: 2025-02-15 09:54:54.340833+00:00
2025-02-15 16:51:54.344 | INFO     | __main__:run_module_safe:30 - Account: grej1z.rej1z43e0o@hotmail.com | Initial farming delay: 3 sec
2025-02-15 16:51:56.299 | INFO     | core.bot:login_new_account:458 - Account: zu1ep.u1epr_qldt7mjbok@hotmail.com | Successfully logged in
2025-02-15 16:51:57.359 | INFO     | core.bot:login_new_account:454 - Account: grej1z.rej1z43e0o@hotmail.com | Logging in...
2025-02-15 16:51:58.012 | SUCCESS  | core.bot:perform_farming_actions:560 - [32mAccount: zu1ep.u1epr_qldt7mjbok@hotmail.com | Sent keepalive request[0m
2025-02-15 16:52:04.651 | ERROR    | core.bot:get_captcha_data:62 - Account: Lx_0.x_0ofapgzjxvr8@hotmail.com | Error occurred while solving captcha (image): Failed to send request after 3 attempts: Failed to perform, curl: (28) Failed to connect to 45.93.213.41 port 8000 after 14017 ms: Couldn't connect to server. See https://curl.se/libcurl/c/libcurl-errors.html first for more details. | Retrying...
2025-02-15 16:52:06.570 | INFO     | core.bot:perform_farming_actions:565 - [32mAccount: zu1ep.u1epr_qldt7mjbok@hotmail.com | Total points earned: 18084[0m
2025-02-15 16:52:06.573 | INFO     | database.models.accounts:set_sleep_until:70 - Account: zu1ep.u1epr_qldt7mjbok@hotmail.com | Set new sleep_until: 2025-02-15 09:55:06.571902+00:00
2025-02-15 16:52:06.576 | INFO     | __main__:run_module_safe:30 - Account: kb67b677itoxufvkfhemf_@hotmail.com | Initial farming delay: 3 sec
2025-02-15 16:52:09.592 | INFO     | core.bot:login_new_account:454 - Account: kb67b677itoxufvkfhemf_@hotmail.com | Logging in...
2025-02-15 16:52:13.527 | INFO     | core.bot:get_captcha_data:26 - Account: kb67b677itoxufvkfhemf_@hotmail.com | Got puzzle image, solving...
2025-02-15 16:52:16.535 | INFO     | core.bot:get_captcha_data:26 - Account: grej1z.rej1z43e0o@hotmail.com | Got puzzle image, solving...
2025-02-15 16:52:17.661 | SUCCESS  | core.bot:get_captcha_data:32 - Account: grej1z.rej1z43e0o@hotmail.com | Puzzle solved: S125KQ
2025-02-15 16:52:19.582 | INFO     | core.bot:login_new_account:458 - Account: grej1z.rej1z43e0o@hotmail.com | Successfully logged in
2025-02-15 16:52:20.086 | SUCCESS  | core.bot:get_captcha_data:32 - Account: kb67b677itoxufvkfhemf_@hotmail.com | Puzzle solved: CSNW2T
2025-02-15 16:52:21.570 | SUCCESS  | core.bot:perform_farming_actions:560 - [32mAccount: grej1z.rej1z43e0o@hotmail.com | Sent keepalive request[0m
2025-02-15 16:52:30.455 | INFO     | core.bot:get_captcha_data:26 - Account: Lx_0.x_0ofapgzjxvr8@hotmail.com | Got puzzle image, solving...
2025-02-15 16:52:30.716 | INFO     | core.bot:perform_farming_actions:565 - [32mAccount: grej1z.rej1z43e0o@hotmail.com | Total points earned: 23806[0m
2025-02-15 16:52:30.720 | INFO     | database.models.accounts:set_sleep_until:70 - Account: grej1z.rej1z43e0o@hotmail.com | Set new sleep_until: 2025-02-15 09:55:30.718379+00:00
2025-02-15 16:52:30.722 | INFO     | __main__:run_module_safe:30 - Account: lz5ggn.z5ggnqxvy1@hotmail.com | Initial farming delay: 5 sec
2025-02-15 16:52:35.735 | INFO     | core.bot:login_new_account:454 - Account: lz5ggn.z5ggnqxvy1@hotmail.com | Logging in...
2025-02-15 16:52:41.242 | SUCCESS  | core.bot:get_captcha_data:32 - Account: Lx_0.x_0ofapgzjxvr8@hotmail.com | Puzzle solved: @KHJ1#
2025-02-15 16:52:42.383 | INFO     | core.bot:get_captcha_data:26 - Account: lz5ggn.z5ggnqxvy1@hotmail.com | Got puzzle image, solving...
2025-02-15 16:52:43.186 | INFO     | core.bot:login_new_account:458 - Account: Lx_0.x_0ofapgzjxvr8@hotmail.com | Successfully logged in
2025-02-15 16:52:46.403 | SUCCESS  | core.bot:get_captcha_data:32 - Account: lz5ggn.z5ggnqxvy1@hotmail.com | Puzzle solved: DXGSYW
2025-02-15 16:52:48.491 | INFO     | core.bot:login_new_account:458 - Account: lz5ggn.z5ggnqxvy1@hotmail.com | Successfully logged in
2025-02-15 16:52:50.305 | SUCCESS  | core.bot:perform_farming_actions:560 - [32mAccount: lz5ggn.z5ggnqxvy1@hotmail.com | Sent keepalive request[0m
2025-02-15 16:52:50.914 | SUCCESS  | core.bot:perform_farming_actions:560 - [32mAccount: Lx_0.x_0ofapgzjxvr8@hotmail.com | Sent keepalive request[0m
2025-02-15 16:52:55.106 | INFO     | core.bot:login_new_account:458 - Account: kb67b677itoxufvkfhemf_@hotmail.com | Successfully logged in
2025-02-15 16:52:56.766 | SUCCESS  | core.bot:perform_farming_actions:560 - [32mAccount: kb67b677itoxufvkfhemf_@hotmail.com | Sent keepalive request[0m
2025-02-15 16:52:59.459 | INFO     | core.bot:perform_farming_actions:565 - [32mAccount: lz5ggn.z5ggnqxvy1@hotmail.com | Total points earned: 23761[0m
2025-02-15 16:52:59.463 | INFO     | database.models.accounts:set_sleep_until:70 - Account: lz5ggn.z5ggnqxvy1@hotmail.com | Set new sleep_until: 2025-02-15 09:55:59.461206+00:00
2025-02-15 16:52:59.465 | INFO     | __main__:run_module_safe:30 - Account: Dlw7.lw7gk3ybd32s@hotmail.com | Initial farming delay: 3 sec
2025-02-15 16:52:59.771 | INFO     | core.bot:perform_farming_actions:565 - [32mAccount: Lx_0.x_0ofapgzjxvr8@hotmail.com | Total points earned: 23761[0m
2025-02-15 16:52:59.774 | INFO     | database.models.accounts:set_sleep_until:70 - Account: Lx_0.x_0ofapgzjxvr8@hotmail.com | Set new sleep_until: 2025-02-15 09:55:59.772904+00:00
2025-02-15 16:52:59.776 | INFO     | __main__:run_module_safe:30 - Account: Zywdjywdj8cto36x@hotmail.com | Initial farming delay: 2 sec
2025-02-15 16:53:01.784 | INFO     | core.bot:login_new_account:454 - Account: Zywdjywdj8cto36x@hotmail.com | Logging in...
2025-02-15 16:53:02.481 | INFO     | core.bot:login_new_account:454 - Account: Dlw7.lw7gk3ybd32s@hotmail.com | Logging in...
2025-02-15 16:53:09.397 | INFO     | core.bot:perform_farming_actions:565 - [32mAccount: kb67b677itoxufvkfhemf_@hotmail.com | Total points earned: 24027[0m
2025-02-15 16:53:09.401 | INFO     | database.models.accounts:set_sleep_until:70 - Account: kb67b677itoxufvkfhemf_@hotmail.com | Set new sleep_until: 2025-02-15 09:56:09.399410+00:00
2025-02-15 16:53:09.403 | INFO     | __main__:run_module_safe:30 - Account: u39te.39te_v_xcr3@hotmail.com | Initial farming delay: 2 sec
2025-02-15 16:53:09.798 | INFO     | core.bot:get_captcha_data:26 - Account: Dlw7.lw7gk3ybd32s@hotmail.com | Got puzzle image, solving...
2025-02-15 16:53:10.001 | INFO     | core.bot:get_captcha_data:26 - Account: Zywdjywdj8cto36x@hotmail.com | Got puzzle image, solving...
2025-02-15 16:53:11.412 | INFO     | core.bot:login_new_account:454 - Account: u39te.39te_v_xcr3@hotmail.com | Logging in...
2025-02-15 16:53:13.650 | INFO     | core.bot:get_captcha_data:26 - Account: u39te.39te_v_xcr3@hotmail.com | Got puzzle image, solving...
2025-02-15 16:53:15.229 | SUCCESS  | core.bot:get_captcha_data:32 - Account: Zywdjywdj8cto36x@hotmail.com | Puzzle solved: 5Y4DP1
2025-02-15 16:53:17.663 | SUCCESS  | core.bot:get_captcha_data:32 - Account: u39te.39te_v_xcr3@hotmail.com | Puzzle solved: 3GJ421
2025-02-15 16:53:17.671 | INFO     | core.bot:login_new_account:458 - Account: Zywdjywdj8cto36x@hotmail.com | Successfully logged in
2025-02-15 16:53:19.803 | ERROR    | core.bot:get_captcha_data:40 - Account: Dlw7.lw7gk3ybd32s@hotmail.com | Failed to solve puzzle: An unexpected error occurred:  | Retrying...
2025-02-15 16:53:19.917 | INFO     | core.bot:login_new_account:458 - Account: u39te.39te_v_xcr3@hotmail.com | Successfully logged in
2025-02-15 16:53:20.855 | SUCCESS  | core.bot:perform_farming_actions:560 - [32mAccount: Zywdjywdj8cto36x@hotmail.com | Sent keepalive request[0m
2025-02-15 16:53:21.399 | SUCCESS  | core.bot:perform_farming_actions:560 - [32mAccount: u39te.39te_v_xcr3@hotmail.com | Sent keepalive request[0m
2025-02-15 16:53:21.518 | INFO     | core.bot:get_captcha_data:26 - Account: Dlw7.lw7gk3ybd32s@hotmail.com | Got puzzle image, solving...
2025-02-15 16:53:22.202 | SUCCESS  | core.bot:get_captcha_data:32 - Account: Dlw7.lw7gk3ybd32s@hotmail.com | Puzzle solved: EPVBC&
2025-02-15 16:53:24.343 | INFO     | core.bot:login_new_account:458 - Account: Dlw7.lw7gk3ybd32s@hotmail.com | Successfully logged in
2025-02-15 16:53:30.346 | SUCCESS  | core.bot:perform_farming_actions:560 - [32mAccount: Dlw7.lw7gk3ybd32s@hotmail.com | Sent keepalive request[0m
2025-02-15 16:53:36.777 | INFO     | core.bot:perform_farming_actions:565 - [32mAccount: Zywdjywdj8cto36x@hotmail.com | Total points earned: 23218[0m
2025-02-15 16:53:36.781 | INFO     | database.models.accounts:set_sleep_until:70 - Account: Zywdjywdj8cto36x@hotmail.com | Set new sleep_until: 2025-02-15 09:56:36.778961+00:00
2025-02-15 16:53:36.783 | INFO     | __main__:run_module_safe:30 - Account: K5xaof5xaofsysjg@hotmail.com | Initial farming delay: 4 sec
2025-02-15 16:53:40.722 | INFO     | core.bot:perform_farming_actions:565 - [32mAccount: Dlw7.lw7gk3ybd32s@hotmail.com | Total points earned: 19283[0m
2025-02-15 16:53:40.726 | INFO     | database.models.accounts:set_sleep_until:70 - Account: Dlw7.lw7gk3ybd32s@hotmail.com | Set new sleep_until: 2025-02-15 09:56:40.724515+00:00
2025-02-15 16:53:40.728 | INFO     | __main__:run_module_safe:30 - Account: Lxc1u.xc1ursrj5mo_e9@hotmail.com | Initial farming delay: 2 sec
2025-02-15 16:53:40.794 | INFO     | core.bot:login_new_account:454 - Account: K5xaof5xaofsysjg@hotmail.com | Logging in...
2025-02-15 16:53:42.744 | INFO     | core.bot:login_new_account:454 - Account: Lxc1u.xc1ursrj5mo_e9@hotmail.com | Logging in...
2025-02-15 16:53:45.056 | INFO     | core.bot:get_captcha_data:26 - Account: K5xaof5xaofsysjg@hotmail.com | Got puzzle image, solving...
2025-02-15 16:53:45.614 | INFO     | core.bot:perform_farming_actions:565 - [32mAccount: u39te.39te_v_xcr3@hotmail.com | Total points earned: 23218[0m
2025-02-15 16:53:45.618 | INFO     | database.models.accounts:set_sleep_until:70 - Account: u39te.39te_v_xcr3@hotmail.com | Set new sleep_until: 2025-02-15 09:56:45.616613+00:00
2025-02-15 16:53:45.620 | INFO     | __main__:run_module_safe:30 - Account: H8oncw8oncwjp6fm_go9@hotmail.com | Initial farming delay: 2 sec
2025-02-15 16:53:47.637 | INFO     | core.bot:login_new_account:454 - Account: H8oncw8oncwjp6fm_go9@hotmail.com | Logging in...
2025-02-15 16:54:01.850 | INFO     | core.bot:get_captcha_data:26 - Account: Lxc1u.xc1ursrj5mo_e9@hotmail.com | Got puzzle image, solving...
2025-02-15 16:54:05.904 | SUCCESS  | core.bot:get_captcha_data:32 - Account: Lxc1u.xc1ursrj5mo_e9@hotmail.com | Puzzle solved: R6DYXS
2025-02-15 16:54:07.885 | INFO     | core.bot:get_captcha_data:26 - Account: H8oncw8oncwjp6fm_go9@hotmail.com | Got puzzle image, solving...
2025-02-15 16:54:09.705 | INFO     | core.bot:login_new_account:458 - Account: Lxc1u.xc1ursrj5mo_e9@hotmail.com | Successfully logged in
2025-02-15 16:54:10.158 | SUCCESS  | core.bot:perform_farming_actions:560 - [32mAccount: Lxc1u.xc1ursrj5mo_e9@hotmail.com | Sent keepalive request[0m
2025-02-15 16:54:11.861 | SUCCESS  | core.bot:get_captcha_data:32 - Account: H8oncw8oncwjp6fm_go9@hotmail.com | Puzzle solved: &&RGF6
2025-02-15 16:54:13.355 | SUCCESS  | core.bot:get_captcha_data:32 - Account: K5xaof5xaofsysjg@hotmail.com | Puzzle solved: N2TKA@
2025-02-15 16:54:14.266 | INFO     | core.bot:login_new_account:458 - Account: H8oncw8oncwjp6fm_go9@hotmail.com | Successfully logged in
2025-02-15 16:54:14.733 | SUCCESS  | core.bot:perform_farming_actions:560 - [32mAccount: H8oncw8oncwjp6fm_go9@hotmail.com | Sent keepalive request[0m
2025-02-15 16:54:15.312 | INFO     | core.bot:login_new_account:458 - Account: K5xaof5xaofsysjg@hotmail.com | Successfully logged in
2025-02-15 16:54:21.843 | INFO     | core.bot:perform_farming_actions:565 - [32mAccount: Lxc1u.xc1ursrj5mo_e9@hotmail.com | Total points earned: 17831[0m
2025-02-15 16:54:21.847 | INFO     | database.models.accounts:set_sleep_until:70 - Account: Lxc1u.xc1ursrj5mo_e9@hotmail.com | Set new sleep_until: 2025-02-15 09:57:21.845665+00:00
2025-02-15 16:54:21.849 | INFO     | __main__:run_module_safe:30 - Account: l40yb.40yb013_p3n3z4en@hotmail.com | Initial farming delay: 4 sec
2025-02-15 16:54:22.806 | SUCCESS  | core.bot:perform_farming_actions:560 - [32mAccount: K5xaof5xaofsysjg@hotmail.com | Sent keepalive request[0m
2025-02-15 16:54:25.858 | INFO     | core.bot:login_new_account:454 - Account: l40yb.40yb013_p3n3z4en@hotmail.com | Logging in...
2025-02-15 16:54:28.887 | INFO     | core.bot:perform_farming_actions:565 - [32mAccount: H8oncw8oncwjp6fm_go9@hotmail.com | Total points earned: 21047[0m
2025-02-15 16:54:28.890 | INFO     | database.models.accounts:set_sleep_until:70 - Account: H8oncw8oncwjp6fm_go9@hotmail.com | Set new sleep_until: 2025-02-15 09:57:28.889202+00:00
2025-02-15 16:54:28.893 | INFO     | __main__:run_module_safe:30 - Account: X4onh.4onhx3n8hkp@hotmail.com | Initial farming delay: 5 sec
2025-02-15 16:54:30.301 | ERROR    | core.bot:perform_farming_actions:570 - Account: K5xaof5xaofsysjg@hotmail.com | Failed to perform farming actions: Server error - 502
2025-02-15 16:54:30.304 | INFO     | database.models.accounts:set_sleep_until:70 - Account: K5xaof5xaofsysjg@hotmail.com | Set new sleep_until: 2025-02-15 09:57:30.302830+00:00
2025-02-15 16:54:30.306 | INFO     | __main__:run_module_safe:30 - Account: zs_691.s_691lrn11r1j2s@hotmail.com | Initial farming delay: 3 sec
2025-02-15 16:54:33.317 | INFO     | core.bot:login_new_account:454 - Account: zs_691.s_691lrn11r1j2s@hotmail.com | Logging in...
2025-02-15 16:54:33.896 | INFO     | core.bot:login_new_account:454 - Account: X4onh.4onhx3n8hkp@hotmail.com | Logging in...
2025-02-15 16:54:34.753 | INFO     | core.bot:get_captcha_data:26 - Account: l40yb.40yb013_p3n3z4en@hotmail.com | Got puzzle image, solving...
2025-02-15 16:54:39.122 | SUCCESS  | core.bot:get_captcha_data:32 - Account: l40yb.40yb013_p3n3z4en@hotmail.com | Puzzle solved: YWRPCT
2025-02-15 16:54:40.985 | INFO     | core.bot:login_new_account:458 - Account: l40yb.40yb013_p3n3z4en@hotmail.com | Successfully logged in
2025-02-15 16:54:42.346 | INFO     | core.bot:get_captcha_data:26 - Account: X4onh.4onhx3n8hkp@hotmail.com | Got puzzle image, solving...
2025-02-15 16:54:43.025 | SUCCESS  | core.bot:get_captcha_data:32 - Account: X4onh.4onhx3n8hkp@hotmail.com | Puzzle solved: 58SQ48
2025-02-15 16:54:44.880 | INFO     | core.bot:login_new_account:458 - Account: X4onh.4onhx3n8hkp@hotmail.com | Successfully logged in
2025-02-15 16:54:48.889 | SUCCESS  | core.bot:perform_farming_actions:560 - [32mAccount: l40yb.40yb013_p3n3z4en@hotmail.com | Sent keepalive request[0m
2025-02-15 16:54:52.597 | SUCCESS  | core.bot:perform_farming_actions:560 - [32mAccount: X4onh.4onhx3n8hkp@hotmail.com | Sent keepalive request[0m
2025-02-15 16:54:55.284 | INFO     | core.bot:get_captcha_data:26 - Account: zs_691.s_691lrn11r1j2s@hotmail.com | Got puzzle image, solving...
2025-02-15 16:54:56.751 | SUCCESS  | core.bot:get_captcha_data:32 - Account: zs_691.s_691lrn11r1j2s@hotmail.com | Puzzle solved: @KQJET
2025-02-15 16:54:58.761 | INFO     | core.bot:login_new_account:458 - Account: zs_691.s_691lrn11r1j2s@hotmail.com | Successfully logged in
2025-02-15 16:54:59.372 | INFO     | core.bot:perform_farming_actions:565 - [32mAccount: l40yb.40yb013_p3n3z4en@hotmail.com | Total points earned: 18009[0m
2025-02-15 16:54:59.376 | INFO     | database.models.accounts:set_sleep_until:70 - Account: l40yb.40yb013_p3n3z4en@hotmail.com | Set new sleep_until: 2025-02-15 09:57:59.374530+00:00
2025-02-15 16:54:59.378 | INFO     | __main__:run_module_safe:30 - Account: ekoj92.koj92doqb7@hotmail.com | Initial farming delay: 3 sec
2025-02-15 16:55:00.897 | SUCCESS  | core.bot:perform_farming_actions:560 - [32mAccount: zs_691.s_691lrn11r1j2s@hotmail.com | Sent keepalive request[0m
2025-02-15 16:55:02.392 | INFO     | core.bot:login_new_account:454 - Account: ekoj92.koj92doqb7@hotmail.com | Logging in...
2025-02-15 16:55:04.710 | INFO     | core.bot:perform_farming_actions:565 - [32mAccount: X4onh.4onhx3n8hkp@hotmail.com | Total points earned: 18009[0m
2025-02-15 16:55:04.714 | INFO     | database.models.accounts:set_sleep_until:70 - Account: X4onh.4onhx3n8hkp@hotmail.com | Set new sleep_until: 2025-02-15 09:58:04.712719+00:00
2025-02-15 16:55:04.716 | INFO     | __main__:run_module_safe:30 - Account: f_w_e._w_ebqixcd9t4g@hotmail.com | Initial farming delay: 4 sec
2025-02-15 16:55:08.726 | INFO     | core.bot:login_new_account:454 - Account: f_w_e._w_ebqixcd9t4g@hotmail.com | Logging in...
2025-02-15 16:55:10.564 | INFO     | core.bot:get_captcha_data:26 - Account: f_w_e._w_ebqixcd9t4g@hotmail.com | Got puzzle image, solving...
2025-02-15 16:55:13.274 | SUCCESS  | core.bot:get_captcha_data:32 - Account: f_w_e._w_ebqixcd9t4g@hotmail.com | Puzzle solved: &42NGR
2025-02-15 16:55:15.840 | INFO     | core.bot:login_new_account:458 - Account: f_w_e._w_ebqixcd9t4g@hotmail.com | Successfully logged in
2025-02-15 16:55:16.797 | SUCCESS  | core.bot:perform_farming_actions:560 - [32mAccount: f_w_e._w_ebqixcd9t4g@hotmail.com | Sent keepalive request[0m
2025-02-15 16:55:20.930 | INFO     | core.bot:get_captcha_data:26 - Account: ekoj92.koj92doqb7@hotmail.com | Got puzzle image, solving...
2025-02-15 16:55:24.564 | SUCCESS  | core.bot:get_captcha_data:32 - Account: ekoj92.koj92doqb7@hotmail.com | Puzzle solved: 3WY5ED
2025-02-15 16:55:26.753 | INFO     | core.bot:login_new_account:458 - Account: ekoj92.koj92doqb7@hotmail.com | Successfully logged in
2025-02-15 16:55:27.358 | INFO     | core.bot:perform_farming_actions:565 - [32mAccount: zs_691.s_691lrn11r1j2s@hotmail.com | Total points earned: 17435[0m
2025-02-15 16:55:27.361 | INFO     | database.models.accounts:set_sleep_until:70 - Account: zs_691.s_691lrn11r1j2s@hotmail.com | Set new sleep_until: 2025-02-15 09:58:27.360139+00:00
2025-02-15 16:55:27.364 | INFO     | __main__:run_module_safe:30 - Account: Mp8q0.p8q0cpf3vq_@hotmail.com | Initial farming delay: 4 sec
2025-02-15 16:55:28.009 | SUCCESS  | core.bot:perform_farming_actions:560 - [32mAccount: ekoj92.koj92doqb7@hotmail.com | Sent keepalive request[0m
2025-02-15 16:55:31.009 | INFO     | core.bot:perform_farming_actions:565 - [32mAccount: f_w_e._w_ebqixcd9t4g@hotmail.com | Total points earned: 21975[0m
2025-02-15 16:55:31.012 | INFO     | database.models.accounts:set_sleep_until:70 - Account: f_w_e._w_ebqixcd9t4g@hotmail.com | Set new sleep_until: 2025-02-15 09:58:31.010941+00:00
2025-02-15 16:55:31.014 | INFO     | __main__:run_module_safe:30 - Account: nupvqu.upvquaqfsfvlcxis@hotmail.com | Initial farming delay: 4 sec
2025-02-15 16:55:31.371 | INFO     | core.bot:login_new_account:454 - Account: Mp8q0.p8q0cpf3vq_@hotmail.com | Logging in...
2025-02-15 16:55:35.027 | INFO     | core.bot:login_new_account:454 - Account: nupvqu.upvquaqfsfvlcxis@hotmail.com | Logging in...
2025-02-15 16:55:39.285 | INFO     | core.bot:get_captcha_data:26 - Account: Mp8q0.p8q0cpf3vq_@hotmail.com | Got puzzle image, solving...
2025-02-15 16:55:40.581 | SUCCESS  | core.bot:get_captcha_data:32 - Account: Mp8q0.p8q0cpf3vq_@hotmail.com | Puzzle solved: K@EWGJ
2025-02-15 16:55:42.565 | INFO     | core.bot:login_new_account:458 - Account: Mp8q0.p8q0cpf3vq_@hotmail.com | Successfully logged in
2025-02-15 16:55:43.282 | SUCCESS  | core.bot:perform_farming_actions:560 - [32mAccount: Mp8q0.p8q0cpf3vq_@hotmail.com | Sent keepalive request[0m
2025-02-15 16:55:51.677 | INFO     | core.bot:perform_farming_actions:565 - [32mAccount: ekoj92.koj92doqb7@hotmail.com | Total points earned: 18135[0m
2025-02-15 16:55:51.681 | INFO     | database.models.accounts:set_sleep_until:70 - Account: ekoj92.koj92doqb7@hotmail.com | Set new sleep_until: 2025-02-15 09:58:51.679733+00:00
2025-02-15 16:55:51.683 | INFO     | __main__:run_module_safe:30 - Account: b48aie.48aiexgnw8@hotmail.com | Initial farming delay: 2 sec
2025-02-15 16:55:53.698 | INFO     | core.bot:login_new_account:454 - Account: b48aie.48aiexgnw8@hotmail.com | Logging in...
2025-02-15 16:55:54.101 | INFO     | core.bot:perform_farming_actions:565 - [32mAccount: Mp8q0.p8q0cpf3vq_@hotmail.com | Total points earned: 22342[0m
2025-02-15 16:55:54.105 | INFO     | database.models.accounts:set_sleep_until:70 - Account: Mp8q0.p8q0cpf3vq_@hotmail.com | Set new sleep_until: 2025-02-15 09:58:54.103725+00:00
2025-02-15 16:55:54.107 | INFO     | __main__:run_module_safe:30 - Account: ifd5.fd53mhq_a_dtedn@hotmail.com | Initial farming delay: 5 sec
2025-02-15 16:55:59.121 | INFO     | core.bot:login_new_account:454 - Account: ifd5.fd53mhq_a_dtedn@hotmail.com | Logging in...
2025-02-15 16:55:59.964 | INFO     | core.bot:get_captcha_data:26 - Account: nupvqu.upvquaqfsfvlcxis@hotmail.com | Got puzzle image, solving...
2025-02-15 16:56:11.184 | SUCCESS  | core.bot:get_captcha_data:32 - Account: nupvqu.upvquaqfsfvlcxis@hotmail.com | Puzzle solved: R4R4S=
2025-02-15 16:56:15.011 | INFO     | core.bot:get_captcha_data:26 - Account: b48aie.48aiexgnw8@hotmail.com | Got puzzle image, solving...
2025-02-15 16:56:17.904 | INFO     | core.bot:get_captcha_data:26 - Account: ifd5.fd53mhq_a_dtedn@hotmail.com | Got puzzle image, solving...
2025-02-15 16:56:19.025 | SUCCESS  | core.bot:get_captcha_data:32 - Account: b48aie.48aiexgnw8@hotmail.com | Puzzle solved: ##EA4Q
2025-02-15 16:56:20.986 | INFO     | core.bot:login_new_account:458 - Account: b48aie.48aiexgnw8@hotmail.com | Successfully logged in
2025-02-15 16:56:21.925 | SUCCESS  | core.bot:get_captcha_data:32 - Account: ifd5.fd53mhq_a_dtedn@hotmail.com | Puzzle solved: 4&WF%%
2025-02-15 16:56:23.624 | SUCCESS  | core.bot:perform_farming_actions:560 - [32mAccount: b48aie.48aiexgnw8@hotmail.com | Sent keepalive request[0m
2025-02-15 16:56:35.687 | INFO     | core.bot:perform_farming_actions:565 - [32mAccount: b48aie.48aiexgnw8@hotmail.com | Total points earned: 19032[0m
2025-02-15 16:56:35.691 | INFO     | database.models.accounts:set_sleep_until:70 - Account: b48aie.48aiexgnw8@hotmail.com | Set new sleep_until: 2025-02-15 09:59:35.689372+00:00
2025-02-15 16:56:35.693 | INFO     | __main__:run_module_safe:30 - Account: p770nr770nrh665h@hotmail.com | Initial farming delay: 4 sec
2025-02-15 16:56:39.702 | INFO     | core.bot:login_new_account:454 - Account: p770nr770nrh665h@hotmail.com | Logging in...
2025-02-15 16:56:46.105 | INFO     | core.bot:login_new_account:458 - Account: nupvqu.upvquaqfsfvlcxis@hotmail.com | Successfully logged in
2025-02-15 16:56:53.284 | SUCCESS  | core.bot:perform_farming_actions:560 - [32mAccount: nupvqu.upvquaqfsfvlcxis@hotmail.com | Sent keepalive request[0m
2025-02-15 16:56:55.639 | WARNING  | core.bot:login_new_account:484 - Account: ifd5.fd53mhq_a_dtedn@hotmail.com | Captcha expired, re-solving...
2025-02-15 16:56:55.641 | INFO     | core.bot:login_new_account:454 - Account: ifd5.fd53mhq_a_dtedn@hotmail.com | Logging in...
2025-02-15 16:56:57.042 | INFO     | core.bot:get_captcha_data:26 - Account: ifd5.fd53mhq_a_dtedn@hotmail.com | Got puzzle image, solving...
2025-02-15 16:56:59.371 | SUCCESS  | core.bot:get_captcha_data:32 - Account: ifd5.fd53mhq_a_dtedn@hotmail.com | Puzzle solved: #CR3H5
2025-02-15 16:57:00.967 | INFO     | core.bot:login_new_account:458 - Account: ifd5.fd53mhq_a_dtedn@hotmail.com | Successfully logged in
2025-02-15 16:57:01.806 | INFO     | core.bot:get_captcha_data:26 - Account: p770nr770nrh665h@hotmail.com | Got puzzle image, solving...
2025-02-15 16:57:02.503 | SUCCESS  | core.bot:get_captcha_data:32 - Account: p770nr770nrh665h@hotmail.com | Puzzle solved: 3KRXC&
2025-02-15 16:57:04.693 | INFO     | core.bot:perform_farming_actions:565 - [32mAccount: nupvqu.upvquaqfsfvlcxis@hotmail.com | Total points earned: 24323[0m
2025-02-15 16:57:04.696 | INFO     | database.models.accounts:set_sleep_until:70 - Account: nupvqu.upvquaqfsfvlcxis@hotmail.com | Set new sleep_until: 2025-02-15 10:00:04.695202+00:00
2025-02-15 16:57:04.699 | INFO     | __main__:run_module_safe:30 - Account: t6vdxb.6vdxbbrcmd@hotmail.com | Initial farming delay: 5 sec
2025-02-15 16:57:09.702 | INFO     | core.bot:login_new_account:454 - Account: t6vdxb.6vdxbbrcmd@hotmail.com | Logging in...
2025-02-15 16:57:10.814 | INFO     | core.bot:login_new_account:458 - Account: p770nr770nrh665h@hotmail.com | Successfully logged in
2025-02-15 16:57:13.261 | SUCCESS  | core.bot:perform_farming_actions:560 - [32mAccount: ifd5.fd53mhq_a_dtedn@hotmail.com | Sent keepalive request[0m
2025-02-15 16:57:15.993 | SUCCESS  | core.bot:perform_farming_actions:560 - [32mAccount: p770nr770nrh665h@hotmail.com | Sent keepalive request[0m
2025-02-15 16:57:18.186 | INFO     | core.bot:get_captcha_data:26 - Account: t6vdxb.6vdxbbrcmd@hotmail.com | Got puzzle image, solving...
2025-02-15 16:57:18.946 | SUCCESS  | core.bot:get_captcha_data:32 - Account: t6vdxb.6vdxbbrcmd@hotmail.com | Puzzle solved: SCXEST
2025-02-15 16:57:21.143 | INFO     | core.bot:login_new_account:458 - Account: t6vdxb.6vdxbbrcmd@hotmail.com | Successfully logged in
2025-02-15 16:57:29.331 | INFO     | core.bot:perform_farming_actions:565 - [32mAccount: p770nr770nrh665h@hotmail.com | Total points earned: 17246[0m
2025-02-15 16:57:29.335 | INFO     | database.models.accounts:set_sleep_until:70 - Account: p770nr770nrh665h@hotmail.com | Set new sleep_until: 2025-02-15 10:00:29.333364+00:00
2025-02-15 16:57:29.338 | INFO     | __main__:run_module_safe:30 - Account: qkcz2kcz2wkcx_hb2@hotmail.com | Initial farming delay: 3 sec
2025-02-15 16:57:30.365 | INFO     | core.bot:perform_farming_actions:565 - [32mAccount: ifd5.fd53mhq_a_dtedn@hotmail.com | Total points earned: 17246[0m
2025-02-15 16:57:30.369 | INFO     | database.models.accounts:set_sleep_until:70 - Account: ifd5.fd53mhq_a_dtedn@hotmail.com | Set new sleep_until: 2025-02-15 10:00:30.367591+00:00
2025-02-15 16:57:30.372 | INFO     | __main__:run_module_safe:30 - Account: g9jbhp.9jbhpx1qq0@hotmail.com | Initial farming delay: 2 sec
2025-02-15 16:57:32.026 | SUCCESS  | core.bot:perform_farming_actions:560 - [32mAccount: t6vdxb.6vdxbbrcmd@hotmail.com | Sent keepalive request[0m
2025-02-15 16:57:32.348 | INFO     | core.bot:login_new_account:454 - Account: qkcz2kcz2wkcx_hb2@hotmail.com | Logging in...
2025-02-15 16:57:32.380 | INFO     | core.bot:login_new_account:454 - Account: g9jbhp.9jbhpx1qq0@hotmail.com | Logging in...
2025-02-15 16:57:41.268 | INFO     | core.bot:perform_farming_actions:565 - [32mAccount: t6vdxb.6vdxbbrcmd@hotmail.com | Total points earned: 23565[0m
2025-02-15 16:57:41.272 | INFO     | database.models.accounts:set_sleep_until:70 - Account: t6vdxb.6vdxbbrcmd@hotmail.com | Set new sleep_until: 2025-02-15 10:00:41.270664+00:00
2025-02-15 16:57:41.275 | INFO     | __main__:run_module_safe:30 - Account: Cyycw.yycwcui_3gy7@hotmail.com | Initial farming delay: 3 sec
2025-02-15 16:57:44.286 | INFO     | core.bot:login_new_account:454 - Account: Cyycw.yycwcui_3gy7@hotmail.com | Logging in...
2025-02-15 16:57:51.506 | INFO     | core.bot:get_captcha_data:26 - Account: g9jbhp.9jbhpx1qq0@hotmail.com | Got puzzle image, solving...
2025-02-15 16:57:51.767 | INFO     | core.bot:get_captcha_data:26 - Account: qkcz2kcz2wkcx_hb2@hotmail.com | Got puzzle image, solving...
2025-02-15 16:57:54.573 | SUCCESS  | core.bot:get_captcha_data:32 - Account: g9jbhp.9jbhpx1qq0@hotmail.com | Puzzle solved: 1T=XP2
2025-02-15 16:57:56.140 | SUCCESS  | core.bot:get_captcha_data:32 - Account: qkcz2kcz2wkcx_hb2@hotmail.com | Puzzle solved: HCV4CD
2025-02-15 16:57:56.531 | INFO     | core.bot:login_new_account:458 - Account: g9jbhp.9jbhpx1qq0@hotmail.com | Successfully logged in
2025-02-15 16:57:58.190 | SUCCESS  | core.bot:perform_farming_actions:560 - [32mAccount: g9jbhp.9jbhpx1qq0@hotmail.com | Sent keepalive request[0m
2025-02-15 16:57:58.526 | INFO     | core.bot:login_new_account:458 - Account: qkcz2kcz2wkcx_hb2@hotmail.com | Successfully logged in
2025-02-15 16:58:00.535 | SUCCESS  | core.bot:perform_farming_actions:560 - [32mAccount: qkcz2kcz2wkcx_hb2@hotmail.com | Sent keepalive request[0m
2025-02-15 16:58:06.910 | INFO     | core.bot:get_captcha_data:26 - Account: Cyycw.yycwcui_3gy7@hotmail.com | Got puzzle image, solving...
2025-02-15 16:58:07.945 | INFO     | core.bot:perform_farming_actions:565 - [32mAccount: qkcz2kcz2wkcx_hb2@hotmail.com | Total points earned: 23240[0m
2025-02-15 16:58:07.949 | INFO     | database.models.accounts:set_sleep_until:70 - Account: qkcz2kcz2wkcx_hb2@hotmail.com | Set new sleep_until: 2025-02-15 10:01:07.947187+00:00
2025-02-15 16:58:07.951 | INFO     | __main__:run_module_safe:30 - Account: V8a8.8a8c1gkv536c@hotmail.com | Initial farming delay: 4 sec
2025-02-15 16:58:08.080 | INFO     | core.bot:perform_farming_actions:565 - [32mAccount: g9jbhp.9jbhpx1qq0@hotmail.com | Total points earned: 23368[0m
2025-02-15 16:58:08.084 | INFO     | database.models.accounts:set_sleep_until:70 - Account: g9jbhp.9jbhpx1qq0@hotmail.com | Set new sleep_until: 2025-02-15 10:01:08.082588+00:00
2025-02-15 16:58:08.086 | INFO     | __main__:run_module_safe:30 - Account: obcars.bcarsp2sp_@hotmail.com | Initial farming delay: 5 sec
2025-02-15 16:58:11.962 | INFO     | core.bot:login_new_account:454 - Account: V8a8.8a8c1gkv536c@hotmail.com | Logging in...
2025-02-15 16:58:13.097 | INFO     | core.bot:login_new_account:454 - Account: obcars.bcarsp2sp_@hotmail.com | Logging in...
2025-02-15 16:58:14.044 | SUCCESS  | core.bot:get_captcha_data:32 - Account: Cyycw.yycwcui_3gy7@hotmail.com | Puzzle solved: 5GDB#R
2025-02-15 16:58:16.024 | INFO     | core.bot:login_new_account:458 - Account: Cyycw.yycwcui_3gy7@hotmail.com | Successfully logged in
2025-02-15 16:58:16.242 | INFO     | core.bot:get_captcha_data:26 - Account: V8a8.8a8c1gkv536c@hotmail.com | Got puzzle image, solving...
2025-02-15 16:58:16.916 | SUCCESS  | core.bot:get_captcha_data:32 - Account: V8a8.8a8c1gkv536c@hotmail.com | Puzzle solved: RQS@PH
2025-02-15 16:58:18.959 | INFO     | core.bot:login_new_account:458 - Account: V8a8.8a8c1gkv536c@hotmail.com | Successfully logged in
2025-02-15 16:58:22.094 | SUCCESS  | core.bot:perform_farming_actions:560 - [32mAccount: V8a8.8a8c1gkv536c@hotmail.com | Sent keepalive request[0m
2025-02-15 16:58:24.617 | SUCCESS  | core.bot:perform_farming_actions:560 - [32mAccount: Cyycw.yycwcui_3gy7@hotmail.com | Sent keepalive request[0m
2025-02-15 16:58:36.866 | INFO     | core.bot:perform_farming_actions:565 - [32mAccount: V8a8.8a8c1gkv536c@hotmail.com | Total points earned: 21817[0m
2025-02-15 16:58:36.870 | INFO     | database.models.accounts:set_sleep_until:70 - Account: V8a8.8a8c1gkv536c@hotmail.com | Set new sleep_until: 2025-02-15 10:01:36.868464+00:00
2025-02-15 16:58:36.872 | INFO     | __main__:run_module_safe:30 - Account: lh55z.h55zkr3qafo@hotmail.com | Initial farming delay: 5 sec
2025-02-15 16:58:37.167 | INFO     | core.bot:perform_farming_actions:565 - [32mAccount: Cyycw.yycwcui_3gy7@hotmail.com | Total points earned: 21817[0m
2025-02-15 16:58:37.170 | INFO     | database.models.accounts:set_sleep_until:70 - Account: Cyycw.yycwcui_3gy7@hotmail.com | Set new sleep_until: 2025-02-15 10:01:37.168790+00:00
2025-02-15 16:58:37.173 | INFO     | __main__:run_module_safe:30 - Account: Owstb.p7aje2lg2r0@hotmail.com | Initial farming delay: 2 sec
2025-02-15 16:58:39.177 | INFO     | core.bot:login_new_account:454 - Account: Owstb.p7aje2lg2r0@hotmail.com | Logging in...
2025-02-15 16:58:41.887 | INFO     | core.bot:login_new_account:454 - Account: lh55z.h55zkr3qafo@hotmail.com | Logging in...
2025-02-15 16:58:43.683 | INFO     | core.bot:get_captcha_data:26 - Account: Owstb.p7aje2lg2r0@hotmail.com | Got puzzle image, solving...
2025-02-15 16:58:44.590 | INFO     | core.bot:get_captcha_data:26 - Account: lh55z.h55zkr3qafo@hotmail.com | Got puzzle image, solving...
2025-02-15 16:58:48.656 | SUCCESS  | core.bot:get_captcha_data:32 - Account: lh55z.h55zkr3qafo@hotmail.com | Puzzle solved: &5CHQC
2025-02-15 16:58:49.104 | SUCCESS  | core.bot:get_captcha_data:32 - Account: Owstb.p7aje2lg2r0@hotmail.com | Puzzle solved: E&J@@8
2025-02-15 16:58:49.450 | INFO     | core.bot:get_captcha_data:26 - Account: obcars.bcarsp2sp_@hotmail.com | Got puzzle image, solving...
2025-02-15 16:58:50.743 | INFO     | core.bot:login_new_account:458 - Account: lh55z.h55zkr3qafo@hotmail.com | Successfully logged in
2025-02-15 16:58:51.225 | INFO     | core.bot:login_new_account:458 - Account: Owstb.p7aje2lg2r0@hotmail.com | Successfully logged in
2025-02-15 16:58:53.484 | SUCCESS  | core.bot:get_captcha_data:32 - Account: obcars.bcarsp2sp_@hotmail.com | Puzzle solved: RF@XB1
2025-02-15 16:58:55.494 | INFO     | core.bot:login_new_account:458 - Account: obcars.bcarsp2sp_@hotmail.com | Successfully logged in
2025-02-15 16:58:56.364 | SUCCESS  | core.bot:perform_farming_actions:560 - [32mAccount: lh55z.h55zkr3qafo@hotmail.com | Sent keepalive request[0m
2025-02-15 16:58:57.268 | SUCCESS  | core.bot:perform_farming_actions:560 - [32mAccount: Owstb.p7aje2lg2r0@hotmail.com | Sent keepalive request[0m
2025-02-15 16:58:57.473 | SUCCESS  | core.bot:perform_farming_actions:560 - [32mAccount: obcars.bcarsp2sp_@hotmail.com | Sent keepalive request[0m
2025-02-15 16:59:07.297 | INFO     | core.bot:perform_farming_actions:565 - [32mAccount: obcars.bcarsp2sp_@hotmail.com | Total points earned: 23053[0m
2025-02-15 16:59:07.300 | INFO     | database.models.accounts:set_sleep_until:70 - Account: obcars.bcarsp2sp_@hotmail.com | Set new sleep_until: 2025-02-15 10:02:07.299224+00:00
2025-02-15 16:59:07.303 | INFO     | __main__:run_module_safe:30 - Account: c8yx4.8yx4wqp3iah@hotmail.com | Initial farming delay: 2 sec
2025-02-15 16:59:09.306 | INFO     | core.bot:login_new_account:454 - Account: c8yx4.8yx4wqp3iah@hotmail.com | Logging in...
2025-02-15 16:59:16.668 | INFO     | core.bot:perform_farming_actions:565 - [32mAccount: Owstb.p7aje2lg2r0@hotmail.com | Total points earned: 23053[0m
2025-02-15 16:59:16.671 | INFO     | database.models.accounts:set_sleep_until:70 - Account: Owstb.p7aje2lg2r0@hotmail.com | Set new sleep_until: 2025-02-15 10:02:16.670096+00:00
2025-02-15 16:59:16.674 | INFO     | __main__:run_module_safe:30 - Account: Rxiy.xiyjdaocrl2ra@hotmail.com | Initial farming delay: 3 sec
2025-02-15 16:59:16.928 | INFO     | core.bot:perform_farming_actions:565 - [32mAccount: lh55z.h55zkr3qafo@hotmail.com | Total points earned: 23053[0m
2025-02-15 16:59:16.931 | INFO     | database.models.accounts:set_sleep_until:70 - Account: lh55z.h55zkr3qafo@hotmail.com | Set new sleep_until: 2025-02-15 10:02:16.929994+00:00
2025-02-15 16:59:16.934 | INFO     | __main__:run_module_safe:30 - Account: Dbfp.bfpuvuksi0d04fadma@hotmail.com | Initial farming delay: 4 sec
2025-02-15 16:59:17.972 | INFO     | core.bot:get_captcha_data:26 - Account: c8yx4.8yx4wqp3iah@hotmail.com | Got puzzle image, solving...
2025-02-15 16:59:19.681 | INFO     | core.bot:login_new_account:454 - Account: Rxiy.xiyjdaocrl2ra@hotmail.com | Logging in...
2025-02-15 16:59:20.942 | INFO     | core.bot:login_new_account:454 - Account: Dbfp.bfpuvuksi0d04fadma@hotmail.com | Logging in...
2025-02-15 16:59:22.606 | INFO     | core.bot:get_captcha_data:26 - Account: Rxiy.xiyjdaocrl2ra@hotmail.com | Got puzzle image, solving...
2025-02-15 16:59:24.634 | SUCCESS  | core.bot:get_captcha_data:32 - Account: c8yx4.8yx4wqp3iah@hotmail.com | Puzzle solved: HK&PQE
2025-02-15 16:59:26.628 | SUCCESS  | core.bot:get_captcha_data:32 - Account: Rxiy.xiyjdaocrl2ra@hotmail.com | Puzzle solved: =TVGCH
2025-02-15 16:59:26.832 | INFO     | core.bot:login_new_account:458 - Account: c8yx4.8yx4wqp3iah@hotmail.com | Successfully logged in
2025-02-15 16:59:28.622 | INFO     | core.bot:login_new_account:458 - Account: Rxiy.xiyjdaocrl2ra@hotmail.com | Successfully logged in
2025-02-15 16:59:33.180 | SUCCESS  | core.bot:perform_farming_actions:560 - [32mAccount: c8yx4.8yx4wqp3iah@hotmail.com | Sent keepalive request[0m
2025-02-15 16:59:34.984 | SUCCESS  | core.bot:perform_farming_actions:560 - [32mAccount: Rxiy.xiyjdaocrl2ra@hotmail.com | Sent keepalive request[0m
2025-02-15 16:59:42.464 | INFO     | core.bot:perform_farming_actions:565 - [32mAccount: Rxiy.xiyjdaocrl2ra@hotmail.com | Total points earned: 21228[0m
2025-02-15 16:59:42.468 | INFO     | database.models.accounts:set_sleep_until:70 - Account: Rxiy.xiyjdaocrl2ra@hotmail.com | Set new sleep_until: 2025-02-15 10:02:42.466421+00:00
2025-02-15 16:59:42.470 | INFO     | __main__:run_module_safe:30 - Account: ik1y.k1y1ocgdxei7@hotmail.com | Initial farming delay: 2 sec
2025-02-15 16:59:44.477 | INFO     | core.bot:login_new_account:454 - Account: ik1y.k1y1ocgdxei7@hotmail.com | Logging in...
2025-02-15 16:59:45.485 | INFO     | core.bot:perform_farming_actions:565 - [32mAccount: c8yx4.8yx4wqp3iah@hotmail.com | Total points earned: 21228[0m
2025-02-15 16:59:45.488 | INFO     | database.models.accounts:set_sleep_until:70 - Account: c8yx4.8yx4wqp3iah@hotmail.com | Set new sleep_until: 2025-02-15 10:02:45.486937+00:00
2025-02-15 16:59:45.491 | INFO     | __main__:run_module_safe:30 - Account: up63g.p63ghltq2vlvlex@hotmail.com | Initial farming delay: 3 sec
2025-02-15 16:59:48.493 | INFO     | core.bot:login_new_account:454 - Account: up63g.p63ghltq2vlvlex@hotmail.com | Logging in...
2025-02-15 16:59:51.394 | INFO     | core.bot:get_captcha_data:26 - Account: up63g.p63ghltq2vlvlex@hotmail.com | Got puzzle image, solving...
2025-02-15 16:59:57.070 | SUCCESS  | core.bot:get_captcha_data:32 - Account: up63g.p63ghltq2vlvlex@hotmail.com | Puzzle solved: =Y1QXG
2025-02-15 16:59:59.332 | INFO     | core.bot:login_new_account:458 - Account: up63g.p63ghltq2vlvlex@hotmail.com | Successfully logged in
2025-02-15 17:00:07.686 | SUCCESS  | core.bot:perform_farming_actions:560 - [32mAccount: up63g.p63ghltq2vlvlex@hotmail.com | Sent keepalive request[0m
2025-02-15 17:00:09.027 | ERROR    | core.bot:get_captcha_data:62 - Account: Dbfp.bfpuvuksi0d04fadma@hotmail.com | Error occurred while solving captcha (image): Failed to send request after 3 attempts: Failed to perform, curl: (28) Failed to connect to 45.93.213.23 port 8000 after 14027 ms: Couldn't connect to server. See https://curl.se/libcurl/c/libcurl-errors.html first for more details. | Retrying...
2025-02-15 17:00:15.351 | INFO     | core.bot:perform_farming_actions:565 - [32mAccount: up63g.p63ghltq2vlvlex@hotmail.com | Total points earned: 24088[0m
2025-02-15 17:00:15.355 | INFO     | database.models.accounts:set_sleep_until:70 - Account: up63g.p63ghltq2vlvlex@hotmail.com | Set new sleep_until: 2025-02-15 10:03:15.353637+00:00
2025-02-15 17:00:15.357 | INFO     | __main__:run_module_safe:30 - Account: Diht.ihtto4km7dxu@hotmail.com | Initial farming delay: 5 sec
2025-02-15 17:00:20.369 | INFO     | core.bot:login_new_account:454 - Account: Diht.ihtto4km7dxu@hotmail.com | Logging in...
2025-02-15 17:00:20.814 | INFO     | core.bot:get_captcha_data:26 - Account: ik1y.k1y1ocgdxei7@hotmail.com | Got puzzle image, solving...
2025-02-15 17:00:25.531 | SUCCESS  | core.bot:get_captcha_data:32 - Account: ik1y.k1y1ocgdxei7@hotmail.com | Puzzle solved: N2Y12F
2025-02-15 17:00:27.498 | INFO     | core.bot:login_new_account:458 - Account: ik1y.k1y1ocgdxei7@hotmail.com | Successfully logged in
2025-02-15 17:00:28.999 | SUCCESS  | core.bot:perform_farming_actions:560 - [32mAccount: ik1y.k1y1ocgdxei7@hotmail.com | Sent keepalive request[0m
2025-02-15 17:00:34.313 | INFO     | core.bot:perform_farming_actions:565 - [32mAccount: ik1y.k1y1ocgdxei7@hotmail.com | Total points earned: 23573[0m
2025-02-15 17:00:34.316 | INFO     | database.models.accounts:set_sleep_until:70 - Account: ik1y.k1y1ocgdxei7@hotmail.com | Set new sleep_until: 2025-02-15 10:03:34.314895+00:00
2025-02-15 17:00:34.319 | INFO     | __main__:run_module_safe:30 - Account: rcis.cisqgk7zi_00@hotmail.com | Initial farming delay: 5 sec
2025-02-15 17:00:39.118 | INFO     | core.bot:get_captcha_data:26 - Account: Diht.ihtto4km7dxu@hotmail.com | Got puzzle image, solving...
2025-02-15 17:00:39.327 | INFO     | core.bot:login_new_account:454 - Account: rcis.cisqgk7zi_00@hotmail.com | Logging in...
2025-02-15 17:00:40.438 | SUCCESS  | core.bot:get_captcha_data:32 - Account: Diht.ihtto4km7dxu@hotmail.com | Puzzle solved: V$1R3N
2025-02-15 17:00:42.792 | INFO     | core.bot:login_new_account:458 - Account: Diht.ihtto4km7dxu@hotmail.com | Successfully logged in
2025-02-15 17:00:43.882 | SUCCESS  | core.bot:perform_farming_actions:560 - [32mAccount: Diht.ihtto4km7dxu@hotmail.com | Sent keepalive request[0m
2025-02-15 17:00:52.429 | INFO     | core.bot:perform_farming_actions:565 - [32mAccount: Diht.ihtto4km7dxu@hotmail.com | Total points earned: 17867[0m
2025-02-15 17:00:52.432 | INFO     | database.models.accounts:set_sleep_until:70 - Account: Diht.ihtto4km7dxu@hotmail.com | Set new sleep_until: 2025-02-15 10:03:52.430853+00:00
2025-02-15 17:00:52.434 | INFO     | __main__:run_module_safe:30 - Account: pf8krqf8krqh3n9v@hotmail.com | Initial farming delay: 3 sec
2025-02-15 17:00:55.448 | INFO     | core.bot:login_new_account:454 - Account: pf8krqf8krqh3n9v@hotmail.com | Logging in...
2025-02-15 17:00:57.137 | ERROR    | core.bot:get_captcha_data:62 - Account: Dbfp.bfpuvuksi0d04fadma@hotmail.com | Error occurred while solving captcha (image): Failed to send request after 3 attempts: Failed to perform, curl: (28) Failed to connect to 45.93.213.23 port 8000 after 14042 ms: Couldn't connect to server. See https://curl.se/libcurl/c/libcurl-errors.html first for more details. | Retrying...
2025-02-15 17:01:00.398 | INFO     | core.bot:get_captcha_data:26 - Account: rcis.cisqgk7zi_00@hotmail.com | Got puzzle image, solving...
2025-02-15 17:01:16.273 | INFO     | core.bot:get_captcha_data:26 - Account: Dbfp.bfpuvuksi0d04fadma@hotmail.com | Got puzzle image, solving...
2025-02-15 17:01:16.961 | SUCCESS  | core.bot:get_captcha_data:32 - Account: Dbfp.bfpuvuksi0d04fadma@hotmail.com | Puzzle solved: KSYYPV
2025-02-15 17:01:19.153 | INFO     | core.bot:login_new_account:458 - Account: Dbfp.bfpuvuksi0d04fadma@hotmail.com | Successfully logged in
2025-02-15 17:01:26.244 | SUCCESS  | core.bot:perform_farming_actions:560 - [32mAccount: Dbfp.bfpuvuksi0d04fadma@hotmail.com | Sent keepalive request[0m
2025-02-15 17:01:32.223 | INFO     | core.bot:get_captcha_data:26 - Account: pf8krqf8krqh3n9v@hotmail.com | Got puzzle image, solving...
2025-02-15 17:01:32.897 | SUCCESS  | core.bot:get_captcha_data:32 - Account: pf8krqf8krqh3n9v@hotmail.com | Puzzle solved: 14HPR1
2025-02-15 17:01:34.068 | INFO     | core.bot:perform_farming_actions:565 - [32mAccount: Dbfp.bfpuvuksi0d04fadma@hotmail.com | Total points earned: 17926[0m
2025-02-15 17:01:34.071 | INFO     | database.models.accounts:set_sleep_until:70 - Account: Dbfp.bfpuvuksi0d04fadma@hotmail.com | Set new sleep_until: 2025-02-15 10:04:34.069960+00:00
2025-02-15 17:01:34.074 | INFO     | __main__:run_module_safe:30 - Account: S9dz36.9dz36r0a0a@hotmail.com | Initial farming delay: 5 sec
2025-02-15 17:01:34.184 | ERROR    | core.bot:get_captcha_data:40 - Account: rcis.cisqgk7zi_00@hotmail.com | Failed to solve puzzle: Max time for solving exhausted | Retrying...
2025-02-15 17:01:35.177 | INFO     | core.bot:login_new_account:458 - Account: pf8krqf8krqh3n9v@hotmail.com | Successfully logged in
2025-02-15 17:01:35.600 | INFO     | core.bot:get_captcha_data:26 - Account: rcis.cisqgk7zi_00@hotmail.com | Got puzzle image, solving...
2025-02-15 17:01:37.045 | SUCCESS  | core.bot:perform_farming_actions:560 - [32mAccount: pf8krqf8krqh3n9v@hotmail.com | Sent keepalive request[0m
2025-02-15 17:01:39.076 | INFO     | core.bot:login_new_account:454 - Account: S9dz36.9dz36r0a0a@hotmail.com | Logging in...
2025-02-15 17:01:39.612 | SUCCESS  | core.bot:get_captcha_data:32 - Account: rcis.cisqgk7zi_00@hotmail.com | Puzzle solved: QTE3D2
2025-02-15 17:01:41.908 | INFO     | core.bot:login_new_account:458 - Account: rcis.cisqgk7zi_00@hotmail.com | Successfully logged in
2025-02-15 17:01:43.788 | INFO     | core.bot:perform_farming_actions:565 - [32mAccount: pf8krqf8krqh3n9v@hotmail.com | Total points earned: 23766[0m
2025-02-15 17:01:43.792 | INFO     | database.models.accounts:set_sleep_until:70 - Account: pf8krqf8krqh3n9v@hotmail.com | Set new sleep_until: 2025-02-15 10:04:43.790650+00:00
2025-02-15 17:01:43.795 | INFO     | __main__:run_module_safe:30 - Account: p5b15b18vro8ouj3tbm_@hotmail.com | Initial farming delay: 3 sec
2025-02-15 17:01:46.797 | INFO     | core.bot:login_new_account:454 - Account: p5b15b18vro8ouj3tbm_@hotmail.com | Logging in...
2025-02-15 17:01:49.559 | SUCCESS  | core.bot:perform_farming_actions:560 - [32mAccount: rcis.cisqgk7zi_00@hotmail.com | Sent keepalive request[0m
2025-02-15 17:01:56.138 | INFO     | core.bot:get_captcha_data:26 - Account: p5b15b18vro8ouj3tbm_@hotmail.com | Got puzzle image, solving...
2025-02-15 17:01:56.798 | INFO     | core.bot:perform_farming_actions:565 - [32mAccount: rcis.cisqgk7zi_00@hotmail.com | Total points earned: 24422[0m
2025-02-15 17:01:56.801 | INFO     | database.models.accounts:set_sleep_until:70 - Account: rcis.cisqgk7zi_00@hotmail.com | Set new sleep_until: 2025-02-15 10:04:56.800217+00:00
2025-02-15 17:01:56.804 | INFO     | __main__:run_module_safe:30 - Account: up7mpw.p7mpwhi8va696f5l@hotmail.com | Initial farming delay: 5 sec
2025-02-15 17:01:57.225 | SUCCESS  | core.bot:get_captcha_data:32 - Account: p5b15b18vro8ouj3tbm_@hotmail.com | Puzzle solved: J4KRVV
2025-02-15 17:01:59.645 | INFO     | core.bot:login_new_account:458 - Account: p5b15b18vro8ouj3tbm_@hotmail.com | Successfully logged in
2025-02-15 17:02:00.095 | INFO     | core.bot:get_captcha_data:26 - Account: S9dz36.9dz36r0a0a@hotmail.com | Got puzzle image, solving...
2025-02-15 17:02:00.795 | SUCCESS  | core.bot:get_captcha_data:32 - Account: S9dz36.9dz36r0a0a@hotmail.com | Puzzle solved: #WSN3K
2025-02-15 17:02:01.812 | INFO     | core.bot:login_new_account:454 - Account: up7mpw.p7mpwhi8va696f5l@hotmail.com | Logging in...
2025-02-15 17:02:07.183 | WARNING  | core.bot:login_new_account:484 - Account: S9dz36.9dz36r0a0a@hotmail.com | Captcha expired, re-solving...
2025-02-15 17:02:07.185 | INFO     | core.bot:login_new_account:454 - Account: S9dz36.9dz36r0a0a@hotmail.com | Logging in...
2025-02-15 17:02:08.578 | SUCCESS  | core.bot:perform_farming_actions:560 - [32mAccount: p5b15b18vro8ouj3tbm_@hotmail.com | Sent keepalive request[0m
2025-02-15 17:02:09.861 | INFO     | core.bot:get_captcha_data:26 - Account: S9dz36.9dz36r0a0a@hotmail.com | Got puzzle image, solving...
2025-02-15 17:02:10.356 | INFO     | core.bot:get_captcha_data:26 - Account: up7mpw.p7mpwhi8va696f5l@hotmail.com | Got puzzle image, solving...
2025-02-15 17:02:11.186 | SUCCESS  | core.bot:get_captcha_data:32 - Account: S9dz36.9dz36r0a0a@hotmail.com | Puzzle solved: H@&XPN
2025-02-15 17:02:12.796 | INFO     | core.bot:login_new_account:458 - Account: S9dz36.9dz36r0a0a@hotmail.com | Successfully logged in
2025-02-15 17:02:17.796 | INFO     | core.bot:perform_farming_actions:565 - [32mAccount: p5b15b18vro8ouj3tbm_@hotmail.com | Total points earned: 22111[0m
2025-02-15 17:02:17.800 | INFO     | database.models.accounts:set_sleep_until:70 - Account: p5b15b18vro8ouj3tbm_@hotmail.com | Set new sleep_until: 2025-02-15 10:05:17.797961+00:00
2025-02-15 17:02:17.802 | INFO     | __main__:run_module_safe:30 - Account: O8g52n.8g52nzior3j@hotmail.com | Initial farming delay: 3 sec
2025-02-15 17:02:20.362 | ERROR    | core.bot:get_captcha_data:40 - Account: up7mpw.p7mpwhi8va696f5l@hotmail.com | Failed to solve puzzle: An unexpected error occurred:  | Retrying...
2025-02-15 17:02:20.812 | INFO     | core.bot:login_new_account:454 - Account: O8g52n.8g52nzior3j@hotmail.com | Logging in...
2025-02-15 17:02:21.168 | SUCCESS  | core.bot:perform_farming_actions:560 - [32mAccount: S9dz36.9dz36r0a0a@hotmail.com | Sent keepalive request[0m
2025-02-15 17:02:21.781 | INFO     | core.bot:get_captcha_data:26 - Account: up7mpw.p7mpwhi8va696f5l@hotmail.com | Got puzzle image, solving...
2025-02-15 17:02:29.326 | INFO     | core.bot:get_captcha_data:26 - Account: O8g52n.8g52nzior3j@hotmail.com | Got puzzle image, solving...
2025-02-15 17:02:30.038 | SUCCESS  | core.bot:get_captcha_data:32 - Account: O8g52n.8g52nzior3j@hotmail.com | Puzzle solved: @JAAK2
2025-02-15 17:02:31.871 | INFO     | core.bot:login_new_account:458 - Account: O8g52n.8g52nzior3j@hotmail.com | Successfully logged in
2025-02-15 17:02:31.934 | INFO     | core.bot:perform_farming_actions:565 - [32mAccount: S9dz36.9dz36r0a0a@hotmail.com | Total points earned: 22178[0m
2025-02-15 17:02:31.938 | INFO     | database.models.accounts:set_sleep_until:70 - Account: S9dz36.9dz36r0a0a@hotmail.com | Set new sleep_until: 2025-02-15 10:05:31.936762+00:00
2025-02-15 17:02:31.940 | INFO     | __main__:run_module_safe:30 - Account: Chhp.hhp07vor7y27ibz@hotmail.com | Initial farming delay: 3 sec
2025-02-15 17:02:33.825 | SUCCESS  | core.bot:perform_farming_actions:560 - [32mAccount: O8g52n.8g52nzior3j@hotmail.com | Sent keepalive request[0m
2025-02-15 17:02:34.949 | INFO     | core.bot:login_new_account:454 - Account: Chhp.hhp07vor7y27ibz@hotmail.com | Logging in...
2025-02-15 17:02:40.647 | INFO     | core.bot:perform_farming_actions:565 - [32mAccount: O8g52n.8g52nzior3j@hotmail.com | Total points earned: 21895[0m
2025-02-15 17:02:40.651 | INFO     | database.models.accounts:set_sleep_until:70 - Account: O8g52n.8g52nzior3j@hotmail.com | Set new sleep_until: 2025-02-15 10:05:40.649350+00:00
2025-02-15 17:02:40.653 | INFO     | __main__:run_module_safe:30 - Account: n80l80lrefa62i2qq@hotmail.com | Initial farming delay: 2 sec
2025-02-15 17:02:42.665 | INFO     | core.bot:login_new_account:454 - Account: n80l80lrefa62i2qq@hotmail.com | Logging in...
2025-02-15 17:02:43.842 | SUCCESS  | core.bot:get_captcha_data:32 - Account: up7mpw.p7mpwhi8va696f5l@hotmail.com | Puzzle solved: TWTP=y
2025-02-15 17:02:44.718 | WARNING  | core.bot:login_new_account:466 - Account: up7mpw.p7mpwhi8va696f5l@hotmail.com | Captcha answer incorrect, re-solving...
2025-02-15 17:02:45.061 | INFO     | core.bot:login_new_account:454 - Account: up7mpw.p7mpwhi8va696f5l@hotmail.com | Logging in...
2025-02-15 17:02:46.716 | INFO     | core.bot:get_captcha_data:26 - Account: up7mpw.p7mpwhi8va696f5l@hotmail.com | Got puzzle image, solving...
2025-02-15 17:02:50.771 | SUCCESS  | core.bot:get_captcha_data:32 - Account: up7mpw.p7mpwhi8va696f5l@hotmail.com | Puzzle solved: TF&D&Q
2025-02-15 17:02:50.793 | INFO     | core.bot:get_captcha_data:26 - Account: n80l80lrefa62i2qq@hotmail.com | Got puzzle image, solving...
2025-02-15 17:02:52.851 | INFO     | core.bot:login_new_account:458 - Account: up7mpw.p7mpwhi8va696f5l@hotmail.com | Successfully logged in
2025-02-15 17:02:54.777 | SUCCESS  | core.bot:perform_farming_actions:560 - [32mAccount: up7mpw.p7mpwhi8va696f5l@hotmail.com | Sent keepalive request[0m
2025-02-15 17:02:54.803 | INFO     | core.bot:get_captcha_data:26 - Account: Chhp.hhp07vor7y27ibz@hotmail.com | Got puzzle image, solving...
2025-02-15 17:02:58.141 | SUCCESS  | core.bot:get_captcha_data:32 - Account: Chhp.hhp07vor7y27ibz@hotmail.com | Puzzle solved: NCMQ6P
2025-02-15 17:03:00.639 | INFO     | core.bot:login_new_account:458 - Account: Chhp.hhp07vor7y27ibz@hotmail.com | Successfully logged in
2025-02-15 17:03:01.213 | SUCCESS  | core.bot:perform_farming_actions:560 - [32mAccount: Chhp.hhp07vor7y27ibz@hotmail.com | Sent keepalive request[0m
2025-02-15 17:03:03.463 | INFO     | core.bot:perform_farming_actions:565 - [32mAccount: up7mpw.p7mpwhi8va696f5l@hotmail.com | Total points earned: 23688[0m
2025-02-15 17:03:03.467 | INFO     | database.models.accounts:set_sleep_until:70 - Account: up7mpw.p7mpwhi8va696f5l@hotmail.com | Set new sleep_until: 2025-02-15 10:06:03.465533+00:00
2025-02-15 17:03:03.469 | INFO     | __main__:run_module_safe:30 - Account: qfgnp.fgnp6u6u4q_@hotmail.com | Initial farming delay: 3 sec
2025-02-15 17:03:05.355 | ERROR    | core.bot:get_captcha_data:40 - Account: n80l80lrefa62i2qq@hotmail.com | Failed to solve puzzle: 6TMMQ | Retrying...
2025-02-15 17:03:06.482 | INFO     | core.bot:login_new_account:454 - Account: qfgnp.fgnp6u6u4q_@hotmail.com | Logging in...
2025-02-15 17:03:09.040 | INFO     | core.bot:get_captcha_data:26 - Account: n80l80lrefa62i2qq@hotmail.com | Got puzzle image, solving...
2025-02-15 17:03:11.429 | INFO     | core.bot:get_captcha_data:26 - Account: qfgnp.fgnp6u6u4q_@hotmail.com | Got puzzle image, solving...
2025-02-15 17:03:15.567 | SUCCESS  | core.bot:get_captcha_data:32 - Account: qfgnp.fgnp6u6u4q_@hotmail.com | Puzzle solved: =1WN3=
2025-02-15 17:03:17.267 | INFO     | core.bot:perform_farming_actions:565 - [32mAccount: Chhp.hhp07vor7y27ibz@hotmail.com | Total points earned: 17835[0m
2025-02-15 17:03:17.270 | INFO     | database.models.accounts:set_sleep_until:70 - Account: Chhp.hhp07vor7y27ibz@hotmail.com | Set new sleep_until: 2025-02-15 10:06:17.269095+00:00
2025-02-15 17:03:17.272 | INFO     | __main__:run_module_safe:30 - Account: Lrfyr.rfyrwsw13nb@hotmail.com | Initial farming delay: 4 sec
2025-02-15 17:03:18.202 | INFO     | core.bot:login_new_account:458 - Account: qfgnp.fgnp6u6u4q_@hotmail.com | Successfully logged in
2025-02-15 17:03:21.286 | INFO     | core.bot:login_new_account:454 - Account: Lrfyr.rfyrwsw13nb@hotmail.com | Logging in...
2025-02-15 17:03:23.109 | SUCCESS  | core.bot:get_captcha_data:32 - Account: n80l80lrefa62i2qq@hotmail.com | Puzzle solved: YM4GXR
2025-02-15 17:03:25.107 | INFO     | core.bot:login_new_account:458 - Account: n80l80lrefa62i2qq@hotmail.com | Successfully logged in
2025-02-15 17:03:25.561 | SUCCESS  | core.bot:perform_farming_actions:560 - [32mAccount: n80l80lrefa62i2qq@hotmail.com | Sent keepalive request[0m
2025-02-15 17:03:27.644 | SUCCESS  | core.bot:perform_farming_actions:560 - [32mAccount: qfgnp.fgnp6u6u4q_@hotmail.com | Sent keepalive request[0m
2025-02-15 17:03:34.158 | INFO     | core.bot:perform_farming_actions:565 - [32mAccount: n80l80lrefa62i2qq@hotmail.com | Total points earned: 23512[0m
2025-02-15 17:03:34.162 | INFO     | database.models.accounts:set_sleep_until:70 - Account: n80l80lrefa62i2qq@hotmail.com | Set new sleep_until: 2025-02-15 10:06:34.160200+00:00
2025-02-15 17:03:34.164 | INFO     | __main__:run_module_safe:30 - Account: Eypysypysg1i1d20@hotmail.com | Initial farming delay: 3 sec
2025-02-15 17:03:37.177 | INFO     | core.bot:login_new_account:454 - Account: Eypysypysg1i1d20@hotmail.com | Logging in...
2025-02-15 17:03:39.448 | INFO     | core.bot:get_captcha_data:26 - Account: Eypysypysg1i1d20@hotmail.com | Got puzzle image, solving...
2025-02-15 17:03:40.083 | INFO     | core.bot:get_captcha_data:26 - Account: Lrfyr.rfyrwsw13nb@hotmail.com | Got puzzle image, solving...
2025-02-15 17:03:42.662 | INFO     | core.bot:perform_farming_actions:565 - [32mAccount: qfgnp.fgnp6u6u4q_@hotmail.com | Total points earned: 23512[0m
2025-02-15 17:03:42.666 | INFO     | database.models.accounts:set_sleep_until:70 - Account: qfgnp.fgnp6u6u4q_@hotmail.com | Set new sleep_until: 2025-02-15 10:06:42.664401+00:00
2025-02-15 17:03:42.668 | INFO     | __main__:run_module_safe:30 - Account: cakd.akd3ryjnthce1h4qa@hotmail.com | Initial farming delay: 4 sec
2025-02-15 17:03:46.485 | SUCCESS  | core.bot:get_captcha_data:32 - Account: Lrfyr.rfyrwsw13nb@hotmail.com | Puzzle solved: D&23=&
2025-02-15 17:03:46.677 | INFO     | core.bot:login_new_account:454 - Account: cakd.akd3ryjnthce1h4qa@hotmail.com | Logging in...
2025-02-15 17:03:48.935 | INFO     | core.bot:login_new_account:458 - Account: Lrfyr.rfyrwsw13nb@hotmail.com | Successfully logged in
2025-02-15 17:03:50.928 | SUCCESS  | core.bot:perform_farming_actions:560 - [32mAccount: Lrfyr.rfyrwsw13nb@hotmail.com | Sent keepalive request[0m
2025-02-15 17:03:51.031 | SUCCESS  | core.bot:get_captcha_data:32 - Account: Eypysypysg1i1d20@hotmail.com | Puzzle solved: =F433W
2025-02-15 17:03:53.373 | INFO     | core.bot:login_new_account:458 - Account: Eypysypysg1i1d20@hotmail.com | Successfully logged in
2025-02-15 17:03:53.747 | SUCCESS  | core.bot:perform_farming_actions:560 - [32mAccount: Eypysypysg1i1d20@hotmail.com | Sent keepalive request[0m
2025-02-15 17:03:58.094 | INFO     | core.bot:perform_farming_actions:565 - [32mAccount: Lrfyr.rfyrwsw13nb@hotmail.com | Total points earned: 21705[0m
2025-02-15 17:03:58.097 | INFO     | database.models.accounts:set_sleep_until:70 - Account: Lrfyr.rfyrwsw13nb@hotmail.com | Set new sleep_until: 2025-02-15 10:06:58.095852+00:00
2025-02-15 17:03:58.100 | INFO     | __main__:run_module_safe:30 - Account: Nc138oc138o2wfq97q@hotmail.com | Initial farming delay: 4 sec
2025-02-15 17:03:58.598 | INFO     | core.bot:perform_farming_actions:565 - [32mAccount: Eypysypysg1i1d20@hotmail.com | Total points earned: 18916[0m
2025-02-15 17:03:58.601 | INFO     | database.models.accounts:set_sleep_until:70 - Account: Eypysypysg1i1d20@hotmail.com | Set new sleep_until: 2025-02-15 10:06:58.599916+00:00
2025-02-15 17:03:58.604 | INFO     | __main__:run_module_safe:30 - Account: zys4ys410wofmxoe@hotmail.com | Initial farming delay: 5 sec
2025-02-15 17:04:02.111 | INFO     | core.bot:login_new_account:454 - Account: Nc138oc138o2wfq97q@hotmail.com | Logging in...
2025-02-15 17:04:03.617 | INFO     | core.bot:login_new_account:454 - Account: zys4ys410wofmxoe@hotmail.com | Logging in...
2025-02-15 17:04:24.614 | INFO     | core.bot:get_captcha_data:26 - Account: zys4ys410wofmxoe@hotmail.com | Got puzzle image, solving...
2025-02-15 17:04:25.971 | SUCCESS  | core.bot:get_captcha_data:32 - Account: zys4ys410wofmxoe@hotmail.com | Puzzle solved: W6F&F4
2025-02-15 17:04:28.034 | INFO     | core.bot:login_new_account:458 - Account: zys4ys410wofmxoe@hotmail.com | Successfully logged in
2025-02-15 17:04:30.239 | SUCCESS  | core.bot:perform_farming_actions:560 - [32mAccount: zys4ys410wofmxoe@hotmail.com | Sent keepalive request[0m
2025-02-15 17:04:34.808 | ERROR    | core.bot:get_captcha_data:62 - Account: cakd.akd3ryjnthce1h4qa@hotmail.com | Error occurred while solving captcha (image): Failed to send request after 3 attempts: Failed to perform, curl: (28) Failed to connect to 103.74.79.140 port 8000 after 14036 ms: Couldn't connect to server. See https://curl.se/libcurl/c/libcurl-errors.html first for more details. | Retrying...
2025-02-15 17:04:38.348 | INFO     | core.bot:perform_farming_actions:565 - [32mAccount: zys4ys410wofmxoe@hotmail.com | Total points earned: 23128[0m
2025-02-15 17:04:38.352 | INFO     | database.models.accounts:set_sleep_until:70 - Account: zys4ys410wofmxoe@hotmail.com | Set new sleep_until: 2025-02-15 10:07:38.350822+00:00
2025-02-15 17:04:38.354 | INFO     | __main__:run_module_safe:30 - Account: ktlo7a.tlo7a1z68f@hotmail.com | Initial farming delay: 5 sec
2025-02-15 17:04:43.361 | INFO     | core.bot:login_new_account:454 - Account: ktlo7a.tlo7a1z68f@hotmail.com | Logging in...
2025-02-15 17:04:50.201 | ERROR    | core.bot:get_captcha_data:62 - Account: Nc138oc138o2wfq97q@hotmail.com | Error occurred while solving captcha (image): Failed to send request after 3 attempts: Failed to perform, curl: (28) Failed to connect to 45.93.213.133 port 8000 after 14018 ms: Couldn't connect to server. See https://curl.se/libcurl/c/libcurl-errors.html first for more details. | Retrying...
2025-02-15 17:04:54.786 | INFO     | core.bot:get_captcha_data:26 - Account: Nc138oc138o2wfq97q@hotmail.com | Got puzzle image, solving...
2025-02-15 17:04:59.152 | SUCCESS  | core.bot:get_captcha_data:32 - Account: Nc138oc138o2wfq97q@hotmail.com | Puzzle solved: D&&CED
2025-02-15 17:05:01.014 | INFO     | core.bot:login_new_account:458 - Account: Nc138oc138o2wfq97q@hotmail.com | Successfully logged in
2025-02-15 17:05:01.392 | SUCCESS  | core.bot:perform_farming_actions:560 - [32mAccount: Nc138oc138o2wfq97q@hotmail.com | Sent keepalive request[0m
2025-02-15 17:05:05.605 | INFO     | core.bot:perform_farming_actions:565 - [32mAccount: Nc138oc138o2wfq97q@hotmail.com | Total points earned: 22366[0m
2025-02-15 17:05:05.609 | INFO     | database.models.accounts:set_sleep_until:70 - Account: Nc138oc138o2wfq97q@hotmail.com | Set new sleep_until: 2025-02-15 10:08:05.607560+00:00
2025-02-15 17:05:05.611 | INFO     | __main__:run_module_safe:30 - Account: j58bq58bqn_tbmjkf@hotmail.com | Initial farming delay: 4 sec
2025-02-15 17:05:09.618 | INFO     | core.bot:login_new_account:454 - Account: j58bq58bqn_tbmjkf@hotmail.com | Logging in...
2025-02-15 17:05:11.437 | INFO     | core.bot:get_captcha_data:26 - Account: j58bq58bqn_tbmjkf@hotmail.com | Got puzzle image, solving...
2025-02-15 17:05:16.329 | SUCCESS  | core.bot:get_captcha_data:32 - Account: j58bq58bqn_tbmjkf@hotmail.com | Puzzle solved: JSFVA1
2025-02-15 17:05:18.692 | INFO     | core.bot:login_new_account:458 - Account: j58bq58bqn_tbmjkf@hotmail.com | Successfully logged in
2025-02-15 17:05:19.188 | SUCCESS  | core.bot:perform_farming_actions:560 - [32mAccount: j58bq58bqn_tbmjkf@hotmail.com | Sent keepalive request[0m
2025-02-15 17:05:19.475 | INFO     | core.bot:get_captcha_data:26 - Account: ktlo7a.tlo7a1z68f@hotmail.com | Got puzzle image, solving...
2025-02-15 17:05:20.168 | SUCCESS  | core.bot:get_captcha_data:32 - Account: ktlo7a.tlo7a1z68f@hotmail.com | Puzzle solved: C2BNRC
2025-02-15 17:05:22.086 | INFO     | core.bot:login_new_account:458 - Account: ktlo7a.tlo7a1z68f@hotmail.com | Successfully logged in
2025-02-15 17:05:22.899 | ERROR    | core.bot:get_captcha_data:62 - Account: cakd.akd3ryjnthce1h4qa@hotmail.com | Error occurred while solving captcha (image): Failed to send request after 3 attempts: Failed to perform, curl: (28) Failed to connect to 103.74.79.140 port 8000 after 14019 ms: Couldn't connect to server. See https://curl.se/libcurl/c/libcurl-errors.html first for more details. | Retrying...
2025-02-15 17:05:29.775 | INFO     | core.bot:perform_farming_actions:565 - [32mAccount: j58bq58bqn_tbmjkf@hotmail.com | Total points earned: 24520[0m
2025-02-15 17:05:29.779 | INFO     | database.models.accounts:set_sleep_until:70 - Account: j58bq58bqn_tbmjkf@hotmail.com | Set new sleep_until: 2025-02-15 10:08:29.777135+00:00
2025-02-15 17:05:29.781 | INFO     | __main__:run_module_safe:30 - Account: Hs_lzzs_lzz0k0v_hqg1@hotmail.com | Initial farming delay: 5 sec
2025-02-15 17:05:30.858 | SUCCESS  | core.bot:perform_farming_actions:560 - [32mAccount: ktlo7a.tlo7a1z68f@hotmail.com | Sent keepalive request[0m
2025-02-15 17:05:34.796 | INFO     | core.bot:login_new_account:454 - Account: Hs_lzzs_lzz0k0v_hqg1@hotmail.com | Logging in...
2025-02-15 17:05:39.471 | INFO     | core.bot:perform_farming_actions:565 - [32mAccount: ktlo7a.tlo7a1z68f@hotmail.com | Total points earned: 18262[0m
2025-02-15 17:05:39.475 | INFO     | database.models.accounts:set_sleep_until:70 - Account: ktlo7a.tlo7a1z68f@hotmail.com | Set new sleep_until: 2025-02-15 10:08:39.473604+00:00
2025-02-15 17:05:39.477 | INFO     | __main__:run_module_safe:30 - Account: h03btg.03btg_uf4z@hotmail.com | Initial farming delay: 2 sec
2025-02-15 17:05:41.491 | INFO     | core.bot:login_new_account:454 - Account: h03btg.03btg_uf4z@hotmail.com | Logging in...
2025-02-15 17:05:45.626 | INFO     | core.bot:get_captcha_data:26 - Account: h03btg.03btg_uf4z@hotmail.com | Got puzzle image, solving...
2025-02-15 17:05:55.633 | ERROR    | core.bot:get_captcha_data:40 - Account: h03btg.03btg_uf4z@hotmail.com | Failed to solve puzzle: An unexpected error occurred:  | Retrying...
2025-02-15 17:05:57.249 | INFO     | core.bot:get_captcha_data:26 - Account: h03btg.03btg_uf4z@hotmail.com | Got puzzle image, solving...
2025-02-15 17:05:58.553 | SUCCESS  | core.bot:get_captcha_data:32 - Account: h03btg.03btg_uf4z@hotmail.com | Puzzle solved: DFHRPC
2025-02-15 17:05:59.736 | INFO     | core.bot:get_captcha_data:26 - Account: cakd.akd3ryjnthce1h4qa@hotmail.com | Got puzzle image, solving...
2025-02-15 17:06:00.436 | SUCCESS  | core.bot:get_captcha_data:32 - Account: cakd.akd3ryjnthce1h4qa@hotmail.com | Puzzle solved: Q&JQ@=
2025-02-15 17:06:00.879 | INFO     | core.bot:login_new_account:458 - Account: h03btg.03btg_uf4z@hotmail.com | Successfully logged in
2025-02-15 17:06:01.341 | SUCCESS  | core.bot:perform_farming_actions:560 - [32mAccount: h03btg.03btg_uf4z@hotmail.com | Sent keepalive request[0m
2025-02-15 17:06:02.654 | INFO     | core.bot:login_new_account:458 - Account: cakd.akd3ryjnthce1h4qa@hotmail.com | Successfully logged in
2025-02-15 17:06:07.235 | INFO     | core.bot:perform_farming_actions:565 - [32mAccount: h03btg.03btg_uf4z@hotmail.com | Total points earned: 21438[0m
2025-02-15 17:06:07.239 | INFO     | database.models.accounts:set_sleep_until:70 - Account: h03btg.03btg_uf4z@hotmail.com | Set new sleep_until: 2025-02-15 10:09:07.237709+00:00
2025-02-15 17:06:07.241 | INFO     | __main__:run_module_safe:30 - Account: ojp1.jp1a862kea9g@hotmail.com | Initial farming delay: 4 sec
2025-02-15 17:06:11.253 | INFO     | core.bot:login_new_account:454 - Account: ojp1.jp1a862kea9g@hotmail.com | Logging in...
2025-02-15 17:06:14.178 | SUCCESS  | core.bot:perform_farming_actions:560 - [32mAccount: cakd.akd3ryjnthce1h4qa@hotmail.com | Sent keepalive request[0m
2025-02-15 17:06:15.773 | INFO     | core.bot:get_captcha_data:26 - Account: ojp1.jp1a862kea9g@hotmail.com | Got puzzle image, solving...
2025-02-15 17:06:17.411 | INFO     | core.bot:get_captcha_data:26 - Account: Hs_lzzs_lzz0k0v_hqg1@hotmail.com | Got puzzle image, solving...
2025-02-15 17:06:22.051 | SUCCESS  | core.bot:get_captcha_data:32 - Account: Hs_lzzs_lzz0k0v_hqg1@hotmail.com | Puzzle solved: EEYSQD
2025-02-15 17:06:24.310 | INFO     | core.bot:login_new_account:458 - Account: Hs_lzzs_lzz0k0v_hqg1@hotmail.com | Successfully logged in
2025-02-15 17:06:24.861 | SUCCESS  | core.bot:perform_farming_actions:560 - [32mAccount: Hs_lzzs_lzz0k0v_hqg1@hotmail.com | Sent keepalive request[0m
2025-02-15 17:06:25.783 | ERROR    | core.bot:get_captcha_data:40 - Account: ojp1.jp1a862kea9g@hotmail.com | Failed to solve puzzle: An unexpected error occurred:  | Retrying...
2025-02-15 17:06:27.204 | INFO     | core.bot:get_captcha_data:26 - Account: ojp1.jp1a862kea9g@hotmail.com | Got puzzle image, solving...
2025-02-15 17:06:31.536 | INFO     | core.bot:perform_farming_actions:565 - [32mAccount: cakd.akd3ryjnthce1h4qa@hotmail.com | Total points earned: 24131[0m
2025-02-15 17:06:31.540 | INFO     | database.models.accounts:set_sleep_until:70 - Account: cakd.akd3ryjnthce1h4qa@hotmail.com | Set new sleep_until: 2025-02-15 10:09:31.538727+00:00
2025-02-15 17:06:31.542 | INFO     | __main__:run_module_safe:30 - Account: uongbja6@gmail.com | Initial farming delay: 4 sec
2025-02-15 17:06:34.632 | SUCCESS  | core.bot:get_captcha_data:32 - Account: ojp1.jp1a862kea9g@hotmail.com | Puzzle solved: 6WWHJ$
2025-02-15 17:06:34.897 | INFO     | core.bot:perform_farming_actions:565 - [32mAccount: Hs_lzzs_lzz0k0v_hqg1@hotmail.com | Total points earned: 17385[0m
2025-02-15 17:06:34.901 | INFO     | database.models.accounts:set_sleep_until:70 - Account: Hs_lzzs_lzz0k0v_hqg1@hotmail.com | Set new sleep_until: 2025-02-15 10:09:34.899674+00:00
2025-02-15 17:06:34.903 | INFO     | __main__:run_module_safe:30 - Account: L_bx._bxtg2qeqbd9@hotmail.com | Initial farming delay: 4 sec
2025-02-15 17:06:35.545 | INFO     | core.bot:login_new_account:454 - Account: uongbja6@gmail.com | Logging in...
2025-02-15 17:06:36.970 | INFO     | core.bot:login_new_account:458 - Account: ojp1.jp1a862kea9g@hotmail.com | Successfully logged in
2025-02-15 17:06:37.533 | SUCCESS  | core.bot:perform_farming_actions:560 - [32mAccount: ojp1.jp1a862kea9g@hotmail.com | Sent keepalive request[0m
2025-02-15 17:06:38.913 | INFO     | core.bot:login_new_account:454 - Account: L_bx._bxtg2qeqbd9@hotmail.com | Logging in...
2025-02-15 17:06:40.096 | INFO     | core.bot:get_captcha_data:26 - Account: uongbja6@gmail.com | Got puzzle image, solving...
2025-02-15 17:06:43.566 | INFO     | core.bot:get_captcha_data:26 - Account: L_bx._bxtg2qeqbd9@hotmail.com | Got puzzle image, solving...
2025-02-15 17:06:44.553 | INFO     | core.bot:perform_farming_actions:565 - [32mAccount: ojp1.jp1a862kea9g@hotmail.com | Total points earned: 17720[0m
2025-02-15 17:06:44.557 | INFO     | database.models.accounts:set_sleep_until:70 - Account: ojp1.jp1a862kea9g@hotmail.com | Set new sleep_until: 2025-02-15 10:09:44.555114+00:00
2025-02-15 17:06:44.560 | INFO     | __main__:run_module_safe:30 - Account: E065l065lgs61q8s@hotmail.com | Initial farming delay: 2 sec
2025-02-15 17:06:45.121 | SUCCESS  | core.bot:get_captcha_data:32 - Account: L_bx._bxtg2qeqbd9@hotmail.com | Puzzle solved: 4SS&B1
2025-02-15 17:06:46.564 | INFO     | core.bot:login_new_account:454 - Account: E065l065lgs61q8s@hotmail.com | Logging in...
2025-02-15 17:06:47.426 | INFO     | core.bot:login_new_account:458 - Account: L_bx._bxtg2qeqbd9@hotmail.com | Successfully logged in
2025-02-15 17:06:49.359 | SUCCESS  | core.bot:perform_farming_actions:560 - [32mAccount: L_bx._bxtg2qeqbd9@hotmail.com | Sent keepalive request[0m
2025-02-15 17:06:50.108 | ERROR    | core.bot:get_captcha_data:40 - Account: uongbja6@gmail.com | Failed to solve puzzle: An unexpected error occurred:  | Retrying...
2025-02-15 17:06:51.839 | INFO     | core.bot:get_captcha_data:26 - Account: uongbja6@gmail.com | Got puzzle image, solving...
2025-02-15 17:06:58.801 | SUCCESS  | core.bot:get_captcha_data:32 - Account: uongbja6@gmail.com | Puzzle solved: GW32HN
2025-02-15 17:07:01.351 | INFO     | core.bot:login_new_account:458 - Account: uongbja6@gmail.com | Successfully logged in
2025-02-15 17:07:01.825 | INFO     | core.bot:perform_farming_actions:565 - [32mAccount: L_bx._bxtg2qeqbd9@hotmail.com | Total points earned: 19068[0m
2025-02-15 17:07:01.828 | INFO     | database.models.accounts:set_sleep_until:70 - Account: L_bx._bxtg2qeqbd9@hotmail.com | Set new sleep_until: 2025-02-15 10:10:01.827106+00:00
2025-02-15 17:07:01.831 | INFO     | __main__:run_module_safe:30 - Account: xayw.aywet685d6ps@hotmail.com | Initial farming delay: 4 sec
2025-02-15 17:07:03.688 | SUCCESS  | core.bot:perform_farming_actions:560 - [32mAccount: uongbja6@gmail.com | Sent keepalive request[0m
2025-02-15 17:07:05.840 | INFO     | core.bot:login_new_account:454 - Account: xayw.aywet685d6ps@hotmail.com | Logging in...
2025-02-15 17:07:15.011 | INFO     | core.bot:perform_farming_actions:565 - [32mAccount: uongbja6@gmail.com | Total points earned: 29451[0m
2025-02-15 17:07:15.014 | INFO     | database.models.accounts:set_sleep_until:70 - Account: uongbja6@gmail.com | Set new sleep_until: 2025-02-15 10:10:15.013037+00:00
2025-02-15 17:07:15.017 | INFO     | __main__:run_module_safe:30 - Account: u_rmbx._rmbx1huwp6qhb@hotmail.com | Initial farming delay: 4 sec
2025-02-15 17:07:19.026 | INFO     | core.bot:login_new_account:454 - Account: u_rmbx._rmbx1huwp6qhb@hotmail.com | Logging in...
2025-02-15 17:07:23.980 | INFO     | core.bot:get_captcha_data:26 - Account: u_rmbx._rmbx1huwp6qhb@hotmail.com | Got puzzle image, solving...
2025-02-15 17:07:28.629 | SUCCESS  | core.bot:get_captcha_data:32 - Account: u_rmbx._rmbx1huwp6qhb@hotmail.com | Puzzle solved: %NFP@W
2025-02-15 17:07:30.875 | INFO     | core.bot:login_new_account:458 - Account: u_rmbx._rmbx1huwp6qhb@hotmail.com | Successfully logged in
2025-02-15 17:07:33.020 | SUCCESS  | core.bot:perform_farming_actions:560 - [32mAccount: u_rmbx._rmbx1huwp6qhb@hotmail.com | Sent keepalive request[0m
2025-02-15 17:07:34.660 | ERROR    | core.bot:get_captcha_data:62 - Account: E065l065lgs61q8s@hotmail.com | Error occurred while solving captcha (image): Failed to send request after 3 attempts: Failed to perform, curl: (28) Failed to connect to 168.81.248.246 port 8000 after 14023 ms: Couldn't connect to server. See https://curl.se/libcurl/c/libcurl-errors.html first for more details. | Retrying...
2025-02-15 17:07:38.717 | INFO     | core.bot:get_captcha_data:26 - Account: E065l065lgs61q8s@hotmail.com | Got puzzle image, solving...
2025-02-15 17:07:41.335 | SUCCESS  | core.bot:get_captcha_data:32 - Account: E065l065lgs61q8s@hotmail.com | Puzzle solved: MNDSHN
2025-02-15 17:07:43.673 | INFO     | core.bot:login_new_account:458 - Account: E065l065lgs61q8s@hotmail.com | Successfully logged in
2025-02-15 17:07:44.878 | INFO     | core.bot:perform_farming_actions:565 - [32mAccount: u_rmbx._rmbx1huwp6qhb@hotmail.com | Total points earned: 23751[0m
2025-02-15 17:07:44.881 | INFO     | database.models.accounts:set_sleep_until:70 - Account: u_rmbx._rmbx1huwp6qhb@hotmail.com | Set new sleep_until: 2025-02-15 10:10:44.879963+00:00
2025-02-15 17:07:44.883 | INFO     | __main__:run_module_safe:30 - Account: o9ps.9ps05ps9szle1ghyfp@hotmail.com | Initial farming delay: 3 sec
2025-02-15 17:07:45.596 | SUCCESS  | core.bot:perform_farming_actions:560 - [32mAccount: E065l065lgs61q8s@hotmail.com | Sent keepalive request[0m
2025-02-15 17:07:47.890 | INFO     | core.bot:login_new_account:454 - Account: o9ps.9ps05ps9szle1ghyfp@hotmail.com | Logging in...
2025-02-15 17:07:53.949 | ERROR    | core.bot:get_captcha_data:62 - Account: xayw.aywet685d6ps@hotmail.com | Error occurred while solving captcha (image): Failed to send request after 3 attempts: Failed to perform, curl: (28) Failed to connect to 168.81.43.100 port 8000 after 14025 ms: Couldn't connect to server. See https://curl.se/libcurl/c/libcurl-errors.html first for more details. | Retrying...
2025-02-15 17:07:57.417 | INFO     | core.bot:perform_farming_actions:565 - [32mAccount: E065l065lgs61q8s@hotmail.com | Total points earned: 17260[0m
2025-02-15 17:07:57.421 | INFO     | database.models.accounts:set_sleep_until:70 - Account: E065l065lgs61q8s@hotmail.com | Set new sleep_until: 2025-02-15 10:10:57.419594+00:00
2025-02-15 17:07:57.423 | INFO     | __main__:run_module_safe:30 - Account: z2cu3p.2cu3p1sl9l@hotmail.com | Initial farming delay: 4 sec
2025-02-15 17:07:57.841 | INFO     | core.bot:get_captcha_data:26 - Account: xayw.aywet685d6ps@hotmail.com | Got puzzle image, solving...
2025-02-15 17:07:59.175 | SUCCESS  | core.bot:get_captcha_data:32 - Account: xayw.aywet685d6ps@hotmail.com | Puzzle solved: H%@=DX
2025-02-15 17:08:01.430 | INFO     | core.bot:login_new_account:454 - Account: z2cu3p.2cu3p1sl9l@hotmail.com | Logging in...
2025-02-15 17:08:01.608 | INFO     | core.bot:login_new_account:458 - Account: xayw.aywet685d6ps@hotmail.com | Successfully logged in
2025-02-15 17:08:03.461 | INFO     | core.bot:get_captcha_data:26 - Account: z2cu3p.2cu3p1sl9l@hotmail.com | Got puzzle image, solving...
2025-02-15 17:08:05.142 | SUCCESS  | core.bot:perform_farming_actions:560 - [32mAccount: xayw.aywet685d6ps@hotmail.com | Sent keepalive request[0m
2025-02-15 17:08:07.502 | SUCCESS  | core.bot:get_captcha_data:32 - Account: z2cu3p.2cu3p1sl9l@hotmail.com | Puzzle solved: E#&NEW
2025-02-15 17:08:08.503 | INFO     | core.bot:get_captcha_data:26 - Account: o9ps.9ps05ps9szle1ghyfp@hotmail.com | Got puzzle image, solving...
2025-02-15 17:08:11.464 | INFO     | core.bot:login_new_account:458 - Account: z2cu3p.2cu3p1sl9l@hotmail.com | Successfully logged in
2025-02-15 17:08:11.557 | INFO     | core.bot:perform_farming_actions:565 - [32mAccount: xayw.aywet685d6ps@hotmail.com | Total points earned: 24610[0m
2025-02-15 17:08:11.561 | INFO     | database.models.accounts:set_sleep_until:70 - Account: xayw.aywet685d6ps@hotmail.com | Set new sleep_until: 2025-02-15 10:11:11.559603+00:00
2025-02-15 17:08:11.563 | INFO     | __main__:run_module_safe:30 - Account: jwm6.wm6v3nhxhiyto1v@hotmail.com | Initial farming delay: 3 sec
2025-02-15 17:08:12.553 | SUCCESS  | core.bot:get_captcha_data:32 - Account: o9ps.9ps05ps9szle1ghyfp@hotmail.com | Puzzle solved: DHDDCJ
2025-02-15 17:08:14.575 | INFO     | core.bot:login_new_account:454 - Account: jwm6.wm6v3nhxhiyto1v@hotmail.com | Logging in...
2025-02-15 17:08:14.754 | INFO     | core.bot:login_new_account:458 - Account: o9ps.9ps05ps9szle1ghyfp@hotmail.com | Successfully logged in
2025-02-15 17:08:18.492 | SUCCESS  | core.bot:perform_farming_actions:560 - [32mAccount: o9ps.9ps05ps9szle1ghyfp@hotmail.com | Sent keepalive request[0m
2025-02-15 17:08:22.956 | SUCCESS  | core.bot:perform_farming_actions:560 - [32mAccount: z2cu3p.2cu3p1sl9l@hotmail.com | Sent keepalive request[0m
2025-02-15 17:08:31.115 | INFO     | core.bot:perform_farming_actions:565 - [32mAccount: o9ps.9ps05ps9szle1ghyfp@hotmail.com | Total points earned: 23385[0m
2025-02-15 17:08:31.119 | INFO     | database.models.accounts:set_sleep_until:70 - Account: o9ps.9ps05ps9szle1ghyfp@hotmail.com | Set new sleep_until: 2025-02-15 10:11:31.117563+00:00
2025-02-15 17:08:31.121 | INFO     | __main__:run_module_safe:30 - Account: zvcz0vcz0qr9n2el@hotmail.com | Initial farming delay: 3 sec
2025-02-15 17:08:34.133 | INFO     | core.bot:login_new_account:454 - Account: zvcz0vcz0qr9n2el@hotmail.com | Logging in...
2025-02-15 17:08:34.671 | INFO     | core.bot:get_captcha_data:26 - Account: jwm6.wm6v3nhxhiyto1v@hotmail.com | Got puzzle image, solving...
2025-02-15 17:08:38.895 | INFO     | core.bot:perform_farming_actions:565 - [32mAccount: z2cu3p.2cu3p1sl9l@hotmail.com | Total points earned: 23385[0m
2025-02-15 17:08:38.898 | INFO     | database.models.accounts:set_sleep_until:70 - Account: z2cu3p.2cu3p1sl9l@hotmail.com | Set new sleep_until: 2025-02-15 10:11:38.896804+00:00
2025-02-15 17:08:38.901 | INFO     | __main__:run_module_safe:30 - Account: xci7.ci7ge8_mbz_z@hotmail.com | Initial farming delay: 4 sec
2025-02-15 17:08:42.903 | INFO     | core.bot:login_new_account:454 - Account: xci7.ci7ge8_mbz_z@hotmail.com | Logging in...
2025-02-15 17:08:44.686 | ERROR    | core.bot:get_captcha_data:40 - Account: jwm6.wm6v3nhxhiyto1v@hotmail.com | Failed to solve puzzle: An unexpected error occurred:  | Retrying...
2025-02-15 17:08:45.923 | INFO     | core.bot:get_captcha_data:26 - Account: jwm6.wm6v3nhxhiyto1v@hotmail.com | Got puzzle image, solving...
2025-02-15 17:08:46.959 | SUCCESS  | core.bot:get_captcha_data:32 - Account: jwm6.wm6v3nhxhiyto1v@hotmail.com | Puzzle solved: 4S4#GC
2025-02-15 17:08:49.357 | INFO     | core.bot:login_new_account:458 - Account: jwm6.wm6v3nhxhiyto1v@hotmail.com | Successfully logged in
2025-02-15 17:08:51.902 | INFO     | core.bot:get_captcha_data:26 - Account: xci7.ci7ge8_mbz_z@hotmail.com | Got puzzle image, solving...
2025-02-15 17:08:55.161 | INFO     | core.bot:get_captcha_data:26 - Account: zvcz0vcz0qr9n2el@hotmail.com | Got puzzle image, solving...
2025-02-15 17:08:55.239 | SUCCESS  | core.bot:perform_farming_actions:560 - [32mAccount: jwm6.wm6v3nhxhiyto1v@hotmail.com | Sent keepalive request[0m
2025-02-15 17:08:55.864 | SUCCESS  | core.bot:get_captcha_data:32 - Account: zvcz0vcz0qr9n2el@hotmail.com | Puzzle solved: TWBABR
2025-02-15 17:08:56.562 | SUCCESS  | core.bot:get_captcha_data:32 - Account: xci7.ci7ge8_mbz_z@hotmail.com | Puzzle solved: &BH#YD
2025-02-15 17:08:58.178 | INFO     | core.bot:login_new_account:458 - Account: zvcz0vcz0qr9n2el@hotmail.com | Successfully logged in
2025-02-15 17:08:58.710 | INFO     | core.bot:login_new_account:458 - Account: xci7.ci7ge8_mbz_z@hotmail.com | Successfully logged in
2025-02-15 17:09:00.614 | SUCCESS  | core.bot:perform_farming_actions:560 - [32mAccount: xci7.ci7ge8_mbz_z@hotmail.com | Sent keepalive request[0m
2025-02-15 17:09:05.572 | INFO     | core.bot:perform_farming_actions:565 - [32mAccount: jwm6.wm6v3nhxhiyto1v@hotmail.com | Total points earned: 23647[0m
2025-02-15 17:09:05.575 | INFO     | database.models.accounts:set_sleep_until:70 - Account: jwm6.wm6v3nhxhiyto1v@hotmail.com | Set new sleep_until: 2025-02-15 10:12:05.573868+00:00
2025-02-15 17:09:05.578 | INFO     | __main__:run_module_safe:30 - Account: N913913cqluhr6vk@hotmail.com | Initial farming delay: 3 sec
2025-02-15 17:09:08.585 | INFO     | core.bot:login_new_account:454 - Account: N913913cqluhr6vk@hotmail.com | Logging in...
2025-02-15 17:09:11.639 | SUCCESS  | core.bot:perform_farming_actions:560 - [32mAccount: zvcz0vcz0qr9n2el@hotmail.com | Sent keepalive request[0m
2025-02-15 17:09:25.495 | INFO     | core.bot:perform_farming_actions:565 - [32mAccount: xci7.ci7ge8_mbz_z@hotmail.com | Total points earned: 23905[0m
2025-02-15 17:09:25.499 | INFO     | database.models.accounts:set_sleep_until:70 - Account: xci7.ci7ge8_mbz_z@hotmail.com | Set new sleep_until: 2025-02-15 10:12:25.497107+00:00
2025-02-15 17:09:25.501 | INFO     | __main__:run_module_safe:30 - Account: k7c7.7c7cd_4zrhge@hotmail.com | Initial farming delay: 5 sec
2025-02-15 17:09:30.510 | INFO     | core.bot:login_new_account:454 - Account: k7c7.7c7cd_4zrhge@hotmail.com | Logging in...
2025-02-15 17:09:34.010 | INFO     | core.bot:perform_farming_actions:565 - [32mAccount: zvcz0vcz0qr9n2el@hotmail.com | Total points earned: 23905[0m
2025-02-15 17:09:34.014 | INFO     | database.models.accounts:set_sleep_until:70 - Account: zvcz0vcz0qr9n2el@hotmail.com | Set new sleep_until: 2025-02-15 10:12:34.012737+00:00
2025-02-15 17:09:34.016 | INFO     | __main__:run_module_safe:30 - Account: y5n6.5n6sk8gmrc7lwv@hotmail.com | Initial farming delay: 3 sec
2025-02-15 17:09:34.344 | INFO     | core.bot:get_captcha_data:26 - Account: N913913cqluhr6vk@hotmail.com | Got puzzle image, solving...
2025-02-15 17:09:37.024 | INFO     | core.bot:login_new_account:454 - Account: y5n6.5n6sk8gmrc7lwv@hotmail.com | Logging in...
2025-02-15 17:09:37.312 | SUCCESS  | core.bot:get_captcha_data:32 - Account: N913913cqluhr6vk@hotmail.com | Puzzle solved: E3S1AR
2025-02-15 17:09:39.241 | INFO     | core.bot:login_new_account:458 - Account: N913913cqluhr6vk@hotmail.com | Successfully logged in
2025-02-15 17:09:40.996 | SUCCESS  | core.bot:perform_farming_actions:560 - [32mAccount: N913913cqluhr6vk@hotmail.com | Sent keepalive request[0m
2025-02-15 17:09:42.904 | INFO     | core.bot:get_captcha_data:26 - Account: k7c7.7c7cd_4zrhge@hotmail.com | Got puzzle image, solving...
2025-02-15 17:09:44.993 | SUCCESS  | core.bot:get_captcha_data:32 - Account: k7c7.7c7cd_4zrhge@hotmail.com | Puzzle solved: TTBD#W
2025-02-15 17:09:47.278 | INFO     | core.bot:login_new_account:458 - Account: k7c7.7c7cd_4zrhge@hotmail.com | Successfully logged in
2025-02-15 17:09:49.115 | SUCCESS  | core.bot:perform_farming_actions:560 - [32mAccount: k7c7.7c7cd_4zrhge@hotmail.com | Sent keepalive request[0m
2025-02-15 17:09:55.145 | INFO     | core.bot:perform_farming_actions:565 - [32mAccount: N913913cqluhr6vk@hotmail.com | Total points earned: 21417[0m
2025-02-15 17:09:55.149 | INFO     | database.models.accounts:set_sleep_until:70 - Account: N913913cqluhr6vk@hotmail.com | Set new sleep_until: 2025-02-15 10:12:55.147586+00:00
2025-02-15 17:09:55.151 | INFO     | __main__:run_module_safe:30 - Account: Ct67h.t67h4clbnh_@hotmail.com | Initial farming delay: 3 sec
2025-02-15 17:09:56.715 | INFO     | core.bot:get_captcha_data:26 - Account: y5n6.5n6sk8gmrc7lwv@hotmail.com | Got puzzle image, solving...
2025-02-15 17:09:58.156 | INFO     | core.bot:login_new_account:454 - Account: Ct67h.t67h4clbnh_@hotmail.com | Logging in...
2025-02-15 17:10:00.127 | INFO     | core.bot:perform_farming_actions:565 - [32mAccount: k7c7.7c7cd_4zrhge@hotmail.com | Total points earned: 22225[0m
2025-02-15 17:10:00.130 | INFO     | database.models.accounts:set_sleep_until:70 - Account: k7c7.7c7cd_4zrhge@hotmail.com | Set new sleep_until: 2025-02-15 10:13:00.128882+00:00
2025-02-15 17:10:00.132 | INFO     | __main__:run_module_safe:30 - Account: Wn1l4n1l4_sibwy7@hotmail.com | Initial farming delay: 4 sec
2025-02-15 17:10:04.138 | INFO     | core.bot:login_new_account:454 - Account: Wn1l4n1l4_sibwy7@hotmail.com | Logging in...
2025-02-15 17:10:12.889 | SUCCESS  | core.bot:get_captcha_data:32 - Account: y5n6.5n6sk8gmrc7lwv@hotmail.com | Puzzle solved: wpyqoy
2025-02-15 17:10:14.124 | WARNING  | core.bot:login_new_account:466 - Account: y5n6.5n6sk8gmrc7lwv@hotmail.com | Captcha answer incorrect, re-solving...
2025-02-15 17:10:14.458 | INFO     | core.bot:login_new_account:454 - Account: y5n6.5n6sk8gmrc7lwv@hotmail.com | Logging in...
2025-02-15 17:10:16.145 | INFO     | core.bot:get_captcha_data:26 - Account: y5n6.5n6sk8gmrc7lwv@hotmail.com | Got puzzle image, solving...
2025-02-15 17:10:23.443 | INFO     | core.bot:get_captcha_data:26 - Account: Ct67h.t67h4clbnh_@hotmail.com | Got puzzle image, solving...
2025-02-15 17:10:23.477 | SUCCESS  | core.bot:get_captcha_data:32 - Account: y5n6.5n6sk8gmrc7lwv@hotmail.com | Puzzle solved: ba6&f6
2025-02-15 17:10:24.488 | SUCCESS  | core.bot:get_captcha_data:32 - Account: Ct67h.t67h4clbnh_@hotmail.com | Puzzle solved: ANK@ES
2025-02-15 17:10:24.640 | WARNING  | core.bot:login_new_account:466 - Account: y5n6.5n6sk8gmrc7lwv@hotmail.com | Captcha answer incorrect, re-solving...
2025-02-15 17:10:24.974 | INFO     | core.bot:login_new_account:454 - Account: y5n6.5n6sk8gmrc7lwv@hotmail.com | Logging in...
2025-02-15 17:10:26.889 | INFO     | core.bot:login_new_account:458 - Account: Ct67h.t67h4clbnh_@hotmail.com | Successfully logged in
2025-02-15 17:10:26.959 | INFO     | core.bot:get_captcha_data:26 - Account: y5n6.5n6sk8gmrc7lwv@hotmail.com | Got puzzle image, solving...
2025-02-15 17:10:27.639 | SUCCESS  | core.bot:get_captcha_data:32 - Account: y5n6.5n6sk8gmrc7lwv@hotmail.com | Puzzle solved: K&#TPW
2025-02-15 17:10:28.308 | SUCCESS  | core.bot:perform_farming_actions:560 - [32mAccount: Ct67h.t67h4clbnh_@hotmail.com | Sent keepalive request[0m
2025-02-15 17:10:29.875 | INFO     | core.bot:login_new_account:458 - Account: y5n6.5n6sk8gmrc7lwv@hotmail.com | Successfully logged in
2025-02-15 17:10:31.635 | SUCCESS  | core.bot:perform_farming_actions:560 - [32mAccount: y5n6.5n6sk8gmrc7lwv@hotmail.com | Sent keepalive request[0m
2025-02-15 17:10:42.738 | INFO     | core.bot:perform_farming_actions:565 - [32mAccount: y5n6.5n6sk8gmrc7lwv@hotmail.com | Total points earned: 23213[0m
2025-02-15 17:10:42.742 | INFO     | database.models.accounts:set_sleep_until:70 - Account: y5n6.5n6sk8gmrc7lwv@hotmail.com | Set new sleep_until: 2025-02-15 10:13:42.740419+00:00
2025-02-15 17:10:42.744 | INFO     | __main__:run_module_safe:30 - Account: gxcpxcpoacura3sz@hotmail.com | Initial farming delay: 2 sec
2025-02-15 17:10:43.264 | INFO     | core.bot:perform_farming_actions:565 - [32mAccount: Ct67h.t67h4clbnh_@hotmail.com | Total points earned: 18203[0m
2025-02-15 17:10:43.267 | INFO     | database.models.accounts:set_sleep_until:70 - Account: Ct67h.t67h4clbnh_@hotmail.com | Set new sleep_until: 2025-02-15 10:13:43.265961+00:00
2025-02-15 17:10:43.270 | INFO     | __main__:run_module_safe:30 - Account: vi0y5qi0y5q24oxz@hotmail.com | Initial farming delay: 5 sec
2025-02-15 17:10:44.758 | INFO     | core.bot:login_new_account:454 - Account: gxcpxcpoacura3sz@hotmail.com | Logging in...
2025-02-15 17:10:48.275 | INFO     | core.bot:login_new_account:454 - Account: vi0y5qi0y5q24oxz@hotmail.com | Logging in...
2025-02-15 17:10:52.250 | ERROR    | core.bot:get_captcha_data:62 - Account: Wn1l4n1l4_sibwy7@hotmail.com | Error occurred while solving captcha (image): Failed to send request after 3 attempts: Failed to perform, curl: (28) Failed to connect to 45.93.213.211 port 8000 after 14025 ms: Couldn't connect to server. See https://curl.se/libcurl/c/libcurl-errors.html first for more details. | Retrying...
2025-02-15 17:11:00.969 | INFO     | core.bot:get_captcha_data:26 - Account: Wn1l4n1l4_sibwy7@hotmail.com | Got puzzle image, solving...
2025-02-15 17:11:07.648 | SUCCESS  | core.bot:get_captcha_data:32 - Account: Wn1l4n1l4_sibwy7@hotmail.com | Puzzle solved: @T4@RX
2025-02-15 17:11:09.561 | INFO     | core.bot:login_new_account:458 - Account: Wn1l4n1l4_sibwy7@hotmail.com | Successfully logged in
2025-02-15 17:11:20.644 | SUCCESS  | core.bot:perform_farming_actions:560 - [32mAccount: Wn1l4n1l4_sibwy7@hotmail.com | Sent keepalive request[0m
2025-02-15 17:11:27.256 | INFO     | core.bot:get_captcha_data:26 - Account: gxcpxcpoacura3sz@hotmail.com | Got puzzle image, solving...
2025-02-15 17:11:27.755 | INFO     | core.bot:perform_farming_actions:565 - [32mAccount: Wn1l4n1l4_sibwy7@hotmail.com | Total points earned: 17470[0m
2025-02-15 17:11:27.759 | INFO     | database.models.accounts:set_sleep_until:70 - Account: Wn1l4n1l4_sibwy7@hotmail.com | Set new sleep_until: 2025-02-15 10:14:27.757705+00:00
2025-02-15 17:11:27.761 | INFO     | __main__:run_module_safe:30 - Account: wr8f.r8fgo8ojd3v59quid@hotmail.com | Initial farming delay: 5 sec
2025-02-15 17:11:28.578 | SUCCESS  | core.bot:get_captcha_data:32 - Account: gxcpxcpoacura3sz@hotmail.com | Puzzle solved: GM1K=&
2025-02-15 17:11:30.778 | INFO     | core.bot:login_new_account:458 - Account: gxcpxcpoacura3sz@hotmail.com | Successfully logged in
2025-02-15 17:11:32.648 | SUCCESS  | core.bot:perform_farming_actions:560 - [32mAccount: gxcpxcpoacura3sz@hotmail.com | Sent keepalive request[0m
2025-02-15 17:11:32.772 | INFO     | core.bot:login_new_account:454 - Account: wr8f.r8fgo8ojd3v59quid@hotmail.com | Logging in...
2025-02-15 17:11:36.372 | ERROR    | core.bot:get_captcha_data:62 - Account: vi0y5qi0y5q24oxz@hotmail.com | Error occurred while solving captcha (image): Failed to send request after 3 attempts: Failed to perform, curl: (28) Failed to connect to 45.93.213.83 port 8000 after 14020 ms: Couldn't connect to server. See https://curl.se/libcurl/c/libcurl-errors.html first for more details. | Retrying...
2025-02-15 17:11:42.604 | INFO     | core.bot:perform_farming_actions:565 - [32mAccount: gxcpxcpoacura3sz@hotmail.com | Total points earned: 22129[0m
2025-02-15 17:11:42.607 | INFO     | database.models.accounts:set_sleep_until:70 - Account: gxcpxcpoacura3sz@hotmail.com | Set new sleep_until: 2025-02-15 10:14:42.606081+00:00
2025-02-15 17:11:42.610 | INFO     | __main__:run_module_safe:30 - Account: xdcbbu.dcbbuqkps7ox@hotmail.com | Initial farming delay: 5 sec
2025-02-15 17:11:47.617 | INFO     | core.bot:login_new_account:454 - Account: xdcbbu.dcbbuqkps7ox@hotmail.com | Logging in...
2025-02-15 17:11:54.286 | INFO     | core.bot:get_captcha_data:26 - Account: wr8f.r8fgo8ojd3v59quid@hotmail.com | Got puzzle image, solving...
2025-02-15 17:11:57.113 | SUCCESS  | core.bot:get_captcha_data:32 - Account: wr8f.r8fgo8ojd3v59quid@hotmail.com | Puzzle solved: KYJPNR
2025-02-15 17:11:57.920 | INFO     | core.bot:get_captcha_data:26 - Account: vi0y5qi0y5q24oxz@hotmail.com | Got puzzle image, solving...
2025-02-15 17:11:58.627 | SUCCESS  | core.bot:get_captcha_data:32 - Account: vi0y5qi0y5q24oxz@hotmail.com | Puzzle solved: V3=#GW
2025-02-15 17:11:59.452 | INFO     | core.bot:login_new_account:458 - Account: wr8f.r8fgo8ojd3v59quid@hotmail.com | Successfully logged in
2025-02-15 17:12:00.548 | INFO     | core.bot:login_new_account:458 - Account: vi0y5qi0y5q24oxz@hotmail.com | Successfully logged in
2025-02-15 17:12:03.138 | SUCCESS  | core.bot:perform_farming_actions:560 - [32mAccount: vi0y5qi0y5q24oxz@hotmail.com | Sent keepalive request[0m
2025-02-15 17:12:10.479 | INFO     | core.bot:get_captcha_data:26 - Account: xdcbbu.dcbbuqkps7ox@hotmail.com | Got puzzle image, solving...
2025-02-15 17:12:10.778 | SUCCESS  | core.bot:perform_farming_actions:560 - [32mAccount: wr8f.r8fgo8ojd3v59quid@hotmail.com | Sent keepalive request[0m
2025-02-15 17:12:12.318 | SUCCESS  | core.bot:get_captcha_data:32 - Account: xdcbbu.dcbbuqkps7ox@hotmail.com | Puzzle solved: KVCMEE
2025-02-15 17:12:14.660 | INFO     | core.bot:login_new_account:458 - Account: xdcbbu.dcbbuqkps7ox@hotmail.com | Successfully logged in
2025-02-15 17:12:15.459 | SUCCESS  | core.bot:perform_farming_actions:560 - [32mAccount: xdcbbu.dcbbuqkps7ox@hotmail.com | Sent keepalive request[0m
2025-02-15 17:12:16.939 | INFO     | core.bot:perform_farming_actions:565 - [32mAccount: vi0y5qi0y5q24oxz@hotmail.com | Total points earned: 24621[0m
2025-02-15 17:12:16.943 | INFO     | database.models.accounts:set_sleep_until:70 - Account: vi0y5qi0y5q24oxz@hotmail.com | Set new sleep_until: 2025-02-15 10:15:16.941627+00:00
2025-02-15 17:12:16.945 | INFO     | __main__:run_module_safe:30 - Account: mhzghzg58jih9un_wz@hotmail.com | Initial farming delay: 4 sec
2025-02-15 17:12:19.608 | INFO     | core.bot:perform_farming_actions:565 - [32mAccount: wr8f.r8fgo8ojd3v59quid@hotmail.com | Total points earned: 24621[0m
2025-02-15 17:12:19.612 | INFO     | database.models.accounts:set_sleep_until:70 - Account: wr8f.r8fgo8ojd3v59quid@hotmail.com | Set new sleep_until: 2025-02-15 10:15:19.610704+00:00
2025-02-15 17:12:19.614 | INFO     | __main__:run_module_safe:30 - Account: ovjb.vjbo0xz3hdps@hotmail.com | Initial farming delay: 2 sec
2025-02-15 17:12:20.948 | INFO     | core.bot:login_new_account:454 - Account: mhzghzg58jih9un_wz@hotmail.com | Logging in...
2025-02-15 17:12:21.629 | INFO     | core.bot:login_new_account:454 - Account: ovjb.vjbo0xz3hdps@hotmail.com | Logging in...
2025-02-15 17:12:26.283 | INFO     | core.bot:perform_farming_actions:565 - [32mAccount: xdcbbu.dcbbuqkps7ox@hotmail.com | Total points earned: 20643[0m
2025-02-15 17:12:26.287 | INFO     | database.models.accounts:set_sleep_until:70 - Account: xdcbbu.dcbbuqkps7ox@hotmail.com | Set new sleep_until: 2025-02-15 10:15:26.285198+00:00
2025-02-15 17:12:26.289 | INFO     | __main__:run_module_safe:30 - Account: x2wt54.2wt54go9v7@hotmail.com | Initial farming delay: 2 sec
2025-02-15 17:12:28.292 | INFO     | core.bot:login_new_account:454 - Account: x2wt54.2wt54go9v7@hotmail.com | Logging in...
2025-02-15 17:12:36.464 | INFO     | core.bot:get_captcha_data:26 - Account: x2wt54.2wt54go9v7@hotmail.com | Got puzzle image, solving...
2025-02-15 17:12:37.862 | SUCCESS  | core.bot:get_captcha_data:32 - Account: x2wt54.2wt54go9v7@hotmail.com | Puzzle solved: V3YYBR
2025-02-15 17:12:40.217 | INFO     | core.bot:login_new_account:458 - Account: x2wt54.2wt54go9v7@hotmail.com | Successfully logged in
2025-02-15 17:12:42.688 | INFO     | core.bot:get_captcha_data:26 - Account: ovjb.vjbo0xz3hdps@hotmail.com | Got puzzle image, solving...
2025-02-15 17:12:46.779 | SUCCESS  | core.bot:get_captcha_data:32 - Account: ovjb.vjbo0xz3hdps@hotmail.com | Puzzle solved: BWHW#E
2025-02-15 17:12:46.969 | SUCCESS  | core.bot:perform_farming_actions:560 - [32mAccount: x2wt54.2wt54go9v7@hotmail.com | Sent keepalive request[0m
2025-02-15 17:12:47.603 | INFO     | core.bot:get_captcha_data:26 - Account: mhzghzg58jih9un_wz@hotmail.com | Got puzzle image, solving...
2025-02-15 17:12:48.211 | INFO     | core.bot:perform_farming_actions:565 - [32mAccount: x2wt54.2wt54go9v7@hotmail.com | Total points earned: 17769[0m
2025-02-15 17:12:48.215 | INFO     | database.models.accounts:set_sleep_until:70 - Account: x2wt54.2wt54go9v7@hotmail.com | Set new sleep_until: 2025-02-15 10:15:48.213428+00:00
2025-02-15 17:12:48.217 | INFO     | __main__:run_module_safe:30 - Account: l1rb6f.1rb6fmk226ao7eta@hotmail.com | Initial farming delay: 5 sec
2025-02-15 17:12:48.347 | SUCCESS  | core.bot:get_captcha_data:32 - Account: mhzghzg58jih9un_wz@hotmail.com | Puzzle solved: $#&3EA
2025-02-15 17:12:49.112 | INFO     | core.bot:login_new_account:458 - Account: ovjb.vjbo0xz3hdps@hotmail.com | Successfully logged in
2025-02-15 17:12:50.414 | INFO     | core.bot:login_new_account:458 - Account: mhzghzg58jih9un_wz@hotmail.com | Successfully logged in
2025-02-15 17:12:51.006 | SUCCESS  | core.bot:perform_farming_actions:560 - [32mAccount: ovjb.vjbo0xz3hdps@hotmail.com | Sent keepalive request[0m
2025-02-15 17:12:52.589 | SUCCESS  | core.bot:perform_farming_actions:560 - [32mAccount: mhzghzg58jih9un_wz@hotmail.com | Sent keepalive request[0m
2025-02-15 17:12:53.219 | INFO     | core.bot:login_new_account:454 - Account: l1rb6f.1rb6fmk226ao7eta@hotmail.com | Logging in...
2025-02-15 17:12:55.463 | INFO     | core.bot:perform_farming_actions:565 - [32mAccount: mhzghzg58jih9un_wz@hotmail.com | Total points earned: 17301[0m
2025-02-15 17:12:55.466 | INFO     | database.models.accounts:set_sleep_until:70 - Account: mhzghzg58jih9un_wz@hotmail.com | Set new sleep_until: 2025-02-15 10:15:55.464913+00:00
2025-02-15 17:12:55.468 | INFO     | __main__:run_module_safe:30 - Account: p9c8x.9c8xe2mvupj35@hotmail.com | Initial farming delay: 2 sec
2025-02-15 17:12:55.991 | INFO     | core.bot:perform_farming_actions:565 - [32mAccount: ovjb.vjbo0xz3hdps@hotmail.com | Total points earned: 17301[0m
2025-02-15 17:12:55.995 | INFO     | database.models.accounts:set_sleep_until:70 - Account: ovjb.vjbo0xz3hdps@hotmail.com | Set new sleep_until: 2025-02-15 10:15:55.993686+00:00
2025-02-15 17:12:55.997 | INFO     | __main__:run_module_safe:30 - Account: H9al9al_3mrbg1d0@hotmail.com | Initial farming delay: 2 sec
2025-02-15 17:12:57.478 | INFO     | core.bot:login_new_account:454 - Account: p9c8x.9c8xe2mvupj35@hotmail.com | Logging in...
2025-02-15 17:12:58.005 | INFO     | core.bot:login_new_account:454 - Account: H9al9al_3mrbg1d0@hotmail.com | Logging in...
2025-02-15 17:13:02.531 | INFO     | core.bot:get_captcha_data:26 - Account: p9c8x.9c8xe2mvupj35@hotmail.com | Got puzzle image, solving...
2025-02-15 17:13:03.554 | SUCCESS  | core.bot:get_captcha_data:32 - Account: p9c8x.9c8xe2mvupj35@hotmail.com | Puzzle solved: HS2P%X
2025-02-15 17:13:07.799 | INFO     | core.bot:login_new_account:458 - Account: p9c8x.9c8xe2mvupj35@hotmail.com | Successfully logged in
2025-02-15 17:13:18.244 | SUCCESS  | core.bot:perform_farming_actions:560 - [32mAccount: p9c8x.9c8xe2mvupj35@hotmail.com | Sent keepalive request[0m
2025-02-15 17:13:24.222 | INFO     | core.bot:perform_farming_actions:565 - [32mAccount: p9c8x.9c8xe2mvupj35@hotmail.com | Total points earned: 23640[0m
2025-02-15 17:13:24.226 | INFO     | database.models.accounts:set_sleep_until:70 - Account: p9c8x.9c8xe2mvupj35@hotmail.com | Set new sleep_until: 2025-02-15 10:16:24.224224+00:00
2025-02-15 17:13:24.228 | INFO     | __main__:run_module_safe:30 - Account: hrej1.rej1z43e0ol@hotmail.com | Initial farming delay: 3 sec
2025-02-15 17:13:27.236 | INFO     | core.bot:login_new_account:454 - Account: hrej1.rej1z43e0ol@hotmail.com | Logging in...
2025-02-15 17:13:29.030 | INFO     | core.bot:get_captcha_data:26 - Account: hrej1.rej1z43e0ol@hotmail.com | Got puzzle image, solving...
2025-02-15 17:13:29.805 | SUCCESS  | core.bot:get_captcha_data:32 - Account: hrej1.rej1z43e0ol@hotmail.com | Puzzle solved: D$SJFN
2025-02-15 17:13:32.054 | INFO     | core.bot:login_new_account:458 - Account: hrej1.rej1z43e0ol@hotmail.com | Successfully logged in
2025-02-15 17:13:32.509 | SUCCESS  | core.bot:perform_farming_actions:560 - [32mAccount: hrej1.rej1z43e0ol@hotmail.com | Sent keepalive request[0m
2025-02-15 17:13:34.725 | INFO     | core.bot:get_captcha_data:26 - Account: H9al9al_3mrbg1d0@hotmail.com | Got puzzle image, solving...
2025-02-15 17:13:35.410 | SUCCESS  | core.bot:get_captcha_data:32 - Account: H9al9al_3mrbg1d0@hotmail.com | Puzzle solved: 1NDP2A
2025-02-15 17:13:36.796 | INFO     | core.bot:perform_farming_actions:565 - [32mAccount: hrej1.rej1z43e0ol@hotmail.com | Total points earned: 22086[0m
2025-02-15 17:13:36.800 | INFO     | database.models.accounts:set_sleep_until:70 - Account: hrej1.rej1z43e0ol@hotmail.com | Set new sleep_until: 2025-02-15 10:16:36.797903+00:00
2025-02-15 17:13:36.802 | INFO     | __main__:run_module_safe:30 - Account: szr0zr0kek26zz81@hotmail.com | Initial farming delay: 5 sec
2025-02-15 17:13:37.407 | INFO     | core.bot:login_new_account:458 - Account: H9al9al_3mrbg1d0@hotmail.com | Successfully logged in
2025-02-15 17:13:39.300 | SUCCESS  | core.bot:perform_farming_actions:560 - [32mAccount: H9al9al_3mrbg1d0@hotmail.com | Sent keepalive request[0m
2025-02-15 17:13:41.326 | ERROR    | core.bot:get_captcha_data:62 - Account: l1rb6f.1rb6fmk226ao7eta@hotmail.com | Error occurred while solving captcha (image): Failed to send request after 3 attempts: Failed to perform, curl: (28) Failed to connect to 168.81.42.205 port 8000 after 14026 ms: Couldn't connect to server. See https://curl.se/libcurl/c/libcurl-errors.html first for more details. | Retrying...
2025-02-15 17:13:41.804 | INFO     | core.bot:login_new_account:454 - Account: szr0zr0kek26zz81@hotmail.com | Logging in...
2025-02-15 17:13:43.197 | INFO     | core.bot:get_captcha_data:26 - Account: l1rb6f.1rb6fmk226ao7eta@hotmail.com | Got puzzle image, solving...
2025-02-15 17:13:45.646 | SUCCESS  | core.bot:get_captcha_data:32 - Account: l1rb6f.1rb6fmk226ao7eta@hotmail.com | Puzzle solved: C5F53J
2025-02-15 17:13:47.945 | INFO     | core.bot:login_new_account:458 - Account: l1rb6f.1rb6fmk226ao7eta@hotmail.com | Successfully logged in
2025-02-15 17:13:49.871 | SUCCESS  | core.bot:perform_farming_actions:560 - [32mAccount: l1rb6f.1rb6fmk226ao7eta@hotmail.com | Sent keepalive request[0m
2025-02-15 17:13:50.023 | INFO     | core.bot:get_captcha_data:26 - Account: szr0zr0kek26zz81@hotmail.com | Got puzzle image, solving...
2025-02-15 17:13:50.057 | INFO     | core.bot:perform_farming_actions:565 - [32mAccount: H9al9al_3mrbg1d0@hotmail.com | Total points earned: 19138[0m
2025-02-15 17:13:50.061 | INFO     | database.models.accounts:set_sleep_until:70 - Account: H9al9al_3mrbg1d0@hotmail.com | Set new sleep_until: 2025-02-15 10:16:50.059513+00:00
2025-02-15 17:13:50.063 | INFO     | __main__:run_module_safe:30 - Account: cw65s.w65s1s4dib9@hotmail.com | Initial farming delay: 3 sec
2025-02-15 17:13:53.077 | INFO     | core.bot:login_new_account:454 - Account: cw65s.w65s1s4dib9@hotmail.com | Logging in...
2025-02-15 17:13:54.053 | SUCCESS  | core.bot:get_captcha_data:32 - Account: szr0zr0kek26zz81@hotmail.com | Puzzle solved: D4RR$V
2025-02-15 17:13:54.914 | INFO     | core.bot:get_captcha_data:26 - Account: cw65s.w65s1s4dib9@hotmail.com | Got puzzle image, solving...
2025-02-15 17:13:55.614 | SUCCESS  | core.bot:get_captcha_data:32 - Account: cw65s.w65s1s4dib9@hotmail.com | Puzzle solved: %ECPXM
2025-02-15 17:13:56.529 | INFO     | core.bot:login_new_account:458 - Account: szr0zr0kek26zz81@hotmail.com | Successfully logged in
2025-02-15 17:13:56.627 | INFO     | core.bot:perform_farming_actions:565 - [32mAccount: l1rb6f.1rb6fmk226ao7eta@hotmail.com | Total points earned: 19382[0m
2025-02-15 17:13:56.630 | INFO     | database.models.accounts:set_sleep_until:70 - Account: l1rb6f.1rb6fmk226ao7eta@hotmail.com | Set new sleep_until: 2025-02-15 10:16:56.629283+00:00
2025-02-15 17:13:56.633 | INFO     | __main__:run_module_safe:30 - Account: gru9ke.ru9ke3tte1danq4e@hotmail.com | Initial farming delay: 2 sec
2025-02-15 17:13:58.090 | INFO     | core.bot:login_new_account:458 - Account: cw65s.w65s1s4dib9@hotmail.com | Successfully logged in
2025-02-15 17:13:58.429 | SUCCESS  | core.bot:perform_farming_actions:560 - [32mAccount: szr0zr0kek26zz81@hotmail.com | Sent keepalive request[0m
2025-02-15 17:13:58.614 | SUCCESS  | core.bot:perform_farming_actions:560 - [32mAccount: cw65s.w65s1s4dib9@hotmail.com | Sent keepalive request[0m
2025-02-15 17:13:58.639 | INFO     | core.bot:login_new_account:454 - Account: gru9ke.ru9ke3tte1danq4e@hotmail.com | Logging in...
2025-02-15 17:14:01.415 | INFO     | core.bot:perform_farming_actions:565 - [32mAccount: cw65s.w65s1s4dib9@hotmail.com | Total points earned: 23225[0m
2025-02-15 17:14:01.419 | INFO     | database.models.accounts:set_sleep_until:70 - Account: cw65s.w65s1s4dib9@hotmail.com | Set new sleep_until: 2025-02-15 10:17:01.417742+00:00
2025-02-15 17:14:01.421 | INFO     | __main__:run_module_safe:30 - Account: Okql.kqlyf_x0klj3b@hotmail.com | Initial farming delay: 4 sec
2025-02-15 17:14:05.424 | INFO     | core.bot:login_new_account:454 - Account: Okql.kqlyf_x0klj3b@hotmail.com | Logging in...
2025-02-15 17:14:09.740 | INFO     | core.bot:get_captcha_data:26 - Account: gru9ke.ru9ke3tte1danq4e@hotmail.com | Got puzzle image, solving...
2025-02-15 17:14:10.323 | INFO     | core.bot:get_captcha_data:26 - Account: Okql.kqlyf_x0klj3b@hotmail.com | Got puzzle image, solving...
2025-02-15 17:14:11.849 | SUCCESS  | core.bot:get_captcha_data:32 - Account: Okql.kqlyf_x0klj3b@hotmail.com | Puzzle solved: Y6EDB4
2025-02-15 17:14:13.849 | INFO     | core.bot:login_new_account:458 - Account: Okql.kqlyf_x0klj3b@hotmail.com | Successfully logged in
2025-02-15 17:14:14.323 | SUCCESS  | core.bot:get_captcha_data:32 - Account: gru9ke.ru9ke3tte1danq4e@hotmail.com | Puzzle solved: MPH4P=
2025-02-15 17:14:14.412 | SUCCESS  | core.bot:perform_farming_actions:560 - [32mAccount: Okql.kqlyf_x0klj3b@hotmail.com | Sent keepalive request[0m
2025-02-15 17:14:16.575 | INFO     | core.bot:login_new_account:458 - Account: gru9ke.ru9ke3tte1danq4e@hotmail.com | Successfully logged in
2025-02-15 17:14:17.133 | SUCCESS  | core.bot:perform_farming_actions:560 - [32mAccount: gru9ke.ru9ke3tte1danq4e@hotmail.com | Sent keepalive request[0m
2025-02-15 17:14:17.797 | INFO     | core.bot:perform_farming_actions:565 - [32mAccount: szr0zr0kek26zz81@hotmail.com | Total points earned: 23225[0m
2025-02-15 17:14:17.800 | INFO     | database.models.accounts:set_sleep_until:70 - Account: szr0zr0kek26zz81@hotmail.com | Set new sleep_until: 2025-02-15 10:17:17.798965+00:00
2025-02-15 17:14:17.803 | INFO     | __main__:run_module_safe:30 - Account: ou87.u8781sgw_ns2_qgv65@hotmail.com | Initial farming delay: 2 sec
2025-02-15 17:14:19.817 | INFO     | core.bot:login_new_account:454 - Account: ou87.u8781sgw_ns2_qgv65@hotmail.com | Logging in...
2025-02-15 17:14:22.651 | INFO     | core.bot:perform_farming_actions:565 - [32mAccount: Okql.kqlyf_x0klj3b@hotmail.com | Total points earned: 21090[0m
2025-02-15 17:14:22.654 | INFO     | database.models.accounts:set_sleep_until:70 - Account: Okql.kqlyf_x0klj3b@hotmail.com | Set new sleep_until: 2025-02-15 10:17:22.652943+00:00
2025-02-15 17:14:22.656 | INFO     | __main__:run_module_safe:30 - Account: j913c913cqluhr6v@hotmail.com | Initial farming delay: 4 sec
2025-02-15 17:14:26.661 | INFO     | core.bot:login_new_account:454 - Account: j913c913cqluhr6v@hotmail.com | Logging in...
2025-02-15 17:14:28.244 | INFO     | core.bot:get_captcha_data:26 - Account: ou87.u8781sgw_ns2_qgv65@hotmail.com | Got puzzle image, solving...
2025-02-15 17:14:34.418 | INFO     | core.bot:perform_farming_actions:565 - [32mAccount: gru9ke.ru9ke3tte1danq4e@hotmail.com | Total points earned: 23484[0m
2025-02-15 17:14:34.421 | INFO     | database.models.accounts:set_sleep_until:70 - Account: gru9ke.ru9ke3tte1danq4e@hotmail.com | Set new sleep_until: 2025-02-15 10:17:34.420033+00:00
2025-02-15 17:14:34.424 | INFO     | __main__:run_module_safe:30 - Account: km3y.m3yzuvom_xm8efr@hotmail.com | Initial farming delay: 2 sec
2025-02-15 17:14:36.440 | INFO     | core.bot:login_new_account:454 - Account: km3y.m3yzuvom_xm8efr@hotmail.com | Logging in...
2025-02-15 17:14:38.247 | ERROR    | core.bot:get_captcha_data:40 - Account: ou87.u8781sgw_ns2_qgv65@hotmail.com | Failed to solve puzzle: An unexpected error occurred:  | Retrying...
2025-02-15 17:14:38.490 | INFO     | core.bot:get_captcha_data:26 - Account: km3y.m3yzuvom_xm8efr@hotmail.com | Got puzzle image, solving...
2025-02-15 17:14:39.592 | SUCCESS  | core.bot:get_captcha_data:32 - Account: km3y.m3yzuvom_xm8efr@hotmail.com | Puzzle solved: NH@=5=
2025-02-15 17:14:39.681 | INFO     | core.bot:get_captcha_data:26 - Account: ou87.u8781sgw_ns2_qgv65@hotmail.com | Got puzzle image, solving...
2025-02-15 17:14:41.747 | INFO     | core.bot:login_new_account:458 - Account: km3y.m3yzuvom_xm8efr@hotmail.com | Successfully logged in
2025-02-15 17:14:43.752 | SUCCESS  | core.bot:get_captcha_data:32 - Account: ou87.u8781sgw_ns2_qgv65@hotmail.com | Puzzle solved: 3VPFWH
2025-02-15 17:14:43.824 | SUCCESS  | core.bot:perform_farming_actions:560 - [32mAccount: km3y.m3yzuvom_xm8efr@hotmail.com | Sent keepalive request[0m
2025-02-15 17:14:45.653 | INFO     | core.bot:login_new_account:458 - Account: ou87.u8781sgw_ns2_qgv65@hotmail.com | Successfully logged in
2025-02-15 17:14:45.915 | INFO     | core.bot:get_captcha_data:26 - Account: j913c913cqluhr6v@hotmail.com | Got puzzle image, solving...
2025-02-15 17:14:46.013 | SUCCESS  | core.bot:perform_farming_actions:560 - [32mAccount: ou87.u8781sgw_ns2_qgv65@hotmail.com | Sent keepalive request[0m
2025-02-15 17:14:46.641 | SUCCESS  | core.bot:get_captcha_data:32 - Account: j913c913cqluhr6v@hotmail.com | Puzzle solved: A&QXJQ
2025-02-15 17:14:48.929 | INFO     | core.bot:login_new_account:458 - Account: j913c913cqluhr6v@hotmail.com | Successfully logged in
2025-02-15 17:14:49.479 | SUCCESS  | core.bot:perform_farming_actions:560 - [32mAccount: j913c913cqluhr6v@hotmail.com | Sent keepalive request[0m
2025-02-15 17:14:51.454 | INFO     | core.bot:perform_farming_actions:565 - [32mAccount: km3y.m3yzuvom_xm8efr@hotmail.com | Total points earned: 17429[0m
2025-02-15 17:14:51.457 | INFO     | database.models.accounts:set_sleep_until:70 - Account: km3y.m3yzuvom_xm8efr@hotmail.com | Set new sleep_until: 2025-02-15 10:17:51.456272+00:00
2025-02-15 17:14:51.460 | INFO     | __main__:run_module_safe:30 - Account: D1xa7.1xa70022ya7p46c@hotmail.com | Initial farming delay: 3 sec
2025-02-15 17:14:54.472 | INFO     | core.bot:login_new_account:454 - Account: D1xa7.1xa70022ya7p46c@hotmail.com | Logging in...
2025-02-15 17:14:55.520 | INFO     | core.bot:perform_farming_actions:565 - [32mAccount: ou87.u8781sgw_ns2_qgv65@hotmail.com | Total points earned: 17551[0m
2025-02-15 17:14:55.524 | INFO     | database.models.accounts:set_sleep_until:70 - Account: ou87.u8781sgw_ns2_qgv65@hotmail.com | Set new sleep_until: 2025-02-15 10:17:55.522738+00:00
2025-02-15 17:14:55.527 | INFO     | __main__:run_module_safe:30 - Account: Kzn_t4zn_t4h_wqnz3cyr@hotmail.com | Initial farming delay: 2 sec
2025-02-15 17:14:57.540 | INFO     | core.bot:login_new_account:454 - Account: Kzn_t4zn_t4h_wqnz3cyr@hotmail.com | Logging in...
2025-02-15 17:14:59.400 | INFO     | core.bot:perform_farming_actions:565 - [32mAccount: j913c913cqluhr6v@hotmail.com | Total points earned: 19220[0m
2025-02-15 17:14:59.403 | INFO     | database.models.accounts:set_sleep_until:70 - Account: j913c913cqluhr6v@hotmail.com | Set new sleep_until: 2025-02-15 10:17:59.401843+00:00
2025-02-15 17:14:59.405 | INFO     | __main__:run_module_safe:30 - Account: Rfaon.faonb7ou8l4@hotmail.com | Initial farming delay: 3 sec
2025-02-15 17:15:01.062 | INFO     | core.bot:get_captcha_data:26 - Account: Kzn_t4zn_t4h_wqnz3cyr@hotmail.com | Got puzzle image, solving...
2025-02-15 17:15:02.417 | INFO     | core.bot:login_new_account:454 - Account: Rfaon.faonb7ou8l4@hotmail.com | Logging in...
2025-02-15 17:15:03.620 | INFO     | core.bot:get_captcha_data:26 - Account: D1xa7.1xa70022ya7p46c@hotmail.com | Got puzzle image, solving...
2025-02-15 17:15:08.498 | SUCCESS  | core.bot:get_captcha_data:32 - Account: D1xa7.1xa70022ya7p46c@hotmail.com | Puzzle solved: &QHGW1
2025-02-15 17:15:11.327 | INFO     | core.bot:login_new_account:458 - Account: D1xa7.1xa70022ya7p46c@hotmail.com | Successfully logged in
2025-02-15 17:15:11.787 | SUCCESS  | core.bot:perform_farming_actions:560 - [32mAccount: D1xa7.1xa70022ya7p46c@hotmail.com | Sent keepalive request[0m
2025-02-15 17:15:11.849 | SUCCESS  | core.bot:get_captcha_data:32 - Account: Kzn_t4zn_t4h_wqnz3cyr@hotmail.com | Puzzle solved: =BARD@
2025-02-15 17:15:13.836 | INFO     | core.bot:login_new_account:458 - Account: Kzn_t4zn_t4h_wqnz3cyr@hotmail.com | Successfully logged in
2025-02-15 17:15:17.122 | SUCCESS  | core.bot:perform_farming_actions:560 - [32mAccount: Kzn_t4zn_t4h_wqnz3cyr@hotmail.com | Sent keepalive request[0m
2025-02-15 17:15:19.537 | INFO     | core.bot:perform_farming_actions:565 - [32mAccount: D1xa7.1xa70022ya7p46c@hotmail.com | Total points earned: 17291[0m
2025-02-15 17:15:19.540 | INFO     | database.models.accounts:set_sleep_until:70 - Account: D1xa7.1xa70022ya7p46c@hotmail.com | Set new sleep_until: 2025-02-15 10:18:19.538864+00:00
2025-02-15 17:15:19.543 | INFO     | __main__:run_module_safe:30 - Account: gc13.c138o2wfq97q@hotmail.com | Initial farming delay: 3 sec
2025-02-15 17:15:22.558 | INFO     | core.bot:login_new_account:454 - Account: gc13.c138o2wfq97q@hotmail.com | Logging in...
2025-02-15 17:15:34.792 | INFO     | core.bot:perform_farming_actions:565 - [32mAccount: Kzn_t4zn_t4h_wqnz3cyr@hotmail.com | Total points earned: 21200[0m
2025-02-15 17:15:34.795 | INFO     | database.models.accounts:set_sleep_until:70 - Account: Kzn_t4zn_t4h_wqnz3cyr@hotmail.com | Set new sleep_until: 2025-02-15 10:18:34.794145+00:00
2025-02-15 17:15:34.798 | INFO     | __main__:run_module_safe:30 - Account: x89x.89xtfkzqa08z@hotmail.com | Initial farming delay: 2 sec
2025-02-15 17:15:36.811 | INFO     | core.bot:login_new_account:454 - Account: x89x.89xtfkzqa08z@hotmail.com | Logging in...
2025-02-15 17:15:43.649 | INFO     | core.bot:get_captcha_data:26 - Account: gc13.c138o2wfq97q@hotmail.com | Got puzzle image, solving...
2025-02-15 17:15:50.511 | ERROR    | core.bot:get_captcha_data:62 - Account: Rfaon.faonb7ou8l4@hotmail.com | Error occurred while solving captcha (image): Failed to send request after 3 attempts: Failed to perform, curl: (28) Failed to connect to 45.93.213.96 port 8000 after 14024 ms: Couldn't connect to server. See https://curl.se/libcurl/c/libcurl-errors.html first for more details. | Retrying...
2025-02-15 17:15:51.301 | SUCCESS  | core.bot:get_captcha_data:32 - Account: gc13.c138o2wfq97q@hotmail.com | Puzzle solved: WXJ6BD
2025-02-15 17:15:53.577 | INFO     | core.bot:login_new_account:458 - Account: gc13.c138o2wfq97q@hotmail.com | Successfully logged in
2025-02-15 17:16:00.469 | SUCCESS  | core.bot:perform_farming_actions:560 - [32mAccount: gc13.c138o2wfq97q@hotmail.com | Sent keepalive request[0m
2025-02-15 17:16:04.994 | INFO     | core.bot:perform_farming_actions:565 - [32mAccount: gc13.c138o2wfq97q@hotmail.com | Total points earned: 22656[0m
2025-02-15 17:16:04.998 | INFO     | database.models.accounts:set_sleep_until:70 - Account: gc13.c138o2wfq97q@hotmail.com | Set new sleep_until: 2025-02-15 10:19:04.996595+00:00
2025-02-15 17:16:05.000 | INFO     | __main__:run_module_safe:30 - Account: w3hf3hfc6ydhmj4yx0pe@hotmail.com | Initial farming delay: 3 sec
2025-02-15 17:16:08.011 | INFO     | core.bot:login_new_account:454 - Account: w3hf3hfc6ydhmj4yx0pe@hotmail.com | Logging in...
2025-02-15 17:16:15.120 | INFO     | core.bot:get_captcha_data:26 - Account: x89x.89xtfkzqa08z@hotmail.com | Got puzzle image, solving...
2025-02-15 17:16:19.761 | SUCCESS  | core.bot:get_captcha_data:32 - Account: x89x.89xtfkzqa08z@hotmail.com | Puzzle solved: QTFJJ@
2025-02-15 17:16:21.845 | INFO     | core.bot:login_new_account:458 - Account: x89x.89xtfkzqa08z@hotmail.com | Successfully logged in
2025-02-15 17:16:28.207 | INFO     | core.bot:get_captcha_data:26 - Account: Rfaon.faonb7ou8l4@hotmail.com | Got puzzle image, solving...
2025-02-15 17:16:29.318 | SUCCESS  | core.bot:perform_farming_actions:560 - [32mAccount: x89x.89xtfkzqa08z@hotmail.com | Sent keepalive request[0m
2025-02-15 17:16:32.634 | SUCCESS  | core.bot:get_captcha_data:32 - Account: Rfaon.faonb7ou8l4@hotmail.com | Puzzle solved: WGX4BM
2025-02-15 17:16:34.572 | INFO     | core.bot:login_new_account:458 - Account: Rfaon.faonb7ou8l4@hotmail.com | Successfully logged in
2025-02-15 17:16:37.504 | INFO     | core.bot:perform_farming_actions:565 - [32mAccount: x89x.89xtfkzqa08z@hotmail.com | Total points earned: 21875[0m
2025-02-15 17:16:37.507 | INFO     | database.models.accounts:set_sleep_until:70 - Account: x89x.89xtfkzqa08z@hotmail.com | Set new sleep_until: 2025-02-15 10:19:37.505925+00:00
2025-02-15 17:16:37.509 | INFO     | __main__:run_module_safe:30 - Account: rgyck.gyckramm9etb9xv2r@hotmail.com | Initial farming delay: 5 sec
2025-02-15 17:16:42.524 | INFO     | core.bot:login_new_account:454 - Account: rgyck.gyckramm9etb9xv2r@hotmail.com | Logging in...
2025-02-15 17:16:43.986 | SUCCESS  | core.bot:perform_farming_actions:560 - [32mAccount: Rfaon.faonb7ou8l4@hotmail.com | Sent keepalive request[0m
2025-02-15 17:16:56.132 | ERROR    | core.bot:get_captcha_data:62 - Account: w3hf3hfc6ydhmj4yx0pe@hotmail.com | Error occurred while solving captcha (image): Failed to send request after 3 attempts: Failed to perform, curl: (28) Failed to connect to 45.93.214.227 port 8000 after 14023 ms: Couldn't connect to server. See https://curl.se/libcurl/c/libcurl-errors.html first for more details. | Retrying...
2025-02-15 17:16:56.514 | INFO     | core.bot:perform_farming_actions:565 - [32mAccount: Rfaon.faonb7ou8l4@hotmail.com | Total points earned: 17350[0m
2025-02-15 17:16:56.518 | INFO     | database.models.accounts:set_sleep_until:70 - Account: Rfaon.faonb7ou8l4@hotmail.com | Set new sleep_until: 2025-02-15 10:19:56.516072+00:00
2025-02-15 17:16:56.520 | INFO     | __main__:run_module_safe:30 - Account: Yv2z.v2zk7xzz0gun@hotmail.com | Initial farming delay: 5 sec
2025-02-15 17:17:01.530 | INFO     | core.bot:login_new_account:454 - Account: Yv2z.v2zk7xzz0gun@hotmail.com | Logging in...
2025-02-15 17:17:03.538 | INFO     | core.bot:get_captcha_data:26 - Account: rgyck.gyckramm9etb9xv2r@hotmail.com | Got puzzle image, solving...
2025-02-15 17:17:07.363 | INFO     | core.bot:get_captcha_data:26 - Account: w3hf3hfc6ydhmj4yx0pe@hotmail.com | Got puzzle image, solving...
2025-02-15 17:17:08.177 | SUCCESS  | core.bot:get_captcha_data:32 - Account: rgyck.gyckramm9etb9xv2r@hotmail.com | Puzzle solved: CBWRQ@
2025-02-15 17:17:10.295 | INFO     | core.bot:get_captcha_data:26 - Account: Yv2z.v2zk7xzz0gun@hotmail.com | Got puzzle image, solving...
2025-02-15 17:17:10.594 | INFO     | core.bot:login_new_account:458 - Account: rgyck.gyckramm9etb9xv2r@hotmail.com | Successfully logged in
2025-02-15 17:17:10.995 | SUCCESS  | core.bot:perform_farming_actions:560 - [32mAccount: rgyck.gyckramm9etb9xv2r@hotmail.com | Sent keepalive request[0m
2025-02-15 17:17:11.262 | SUCCESS  | core.bot:get_captcha_data:32 - Account: w3hf3hfc6ydhmj4yx0pe@hotmail.com | Puzzle solved: R54HNR
2025-02-15 17:17:13.357 | INFO     | core.bot:login_new_account:458 - Account: w3hf3hfc6ydhmj4yx0pe@hotmail.com | Successfully logged in
2025-02-15 17:17:13.719 | SUCCESS  | core.bot:perform_farming_actions:560 - [32mAccount: w3hf3hfc6ydhmj4yx0pe@hotmail.com | Sent keepalive request[0m
2025-02-15 17:17:25.867 | INFO     | core.bot:perform_farming_actions:565 - [32mAccount: rgyck.gyckramm9etb9xv2r@hotmail.com | Total points earned: 17832[0m
2025-02-15 17:17:25.871 | INFO     | database.models.accounts:set_sleep_until:70 - Account: rgyck.gyckramm9etb9xv2r@hotmail.com | Set new sleep_until: 2025-02-15 10:20:25.869558+00:00
2025-02-15 17:17:25.873 | INFO     | __main__:run_module_safe:30 - Account: op4sxv.p4sxvo7m91@hotmail.com | Initial farming delay: 4 sec
2025-02-15 17:17:27.391 | SUCCESS  | core.bot:get_captcha_data:32 - Account: Yv2z.v2zk7xzz0gun@hotmail.com | Puzzle solved: @=15=E
2025-02-15 17:17:28.646 | WARNING  | core.bot:login_new_account:466 - Account: Yv2z.v2zk7xzz0gun@hotmail.com | Captcha answer incorrect, re-solving...
2025-02-15 17:17:28.983 | INFO     | core.bot:login_new_account:454 - Account: Yv2z.v2zk7xzz0gun@hotmail.com | Logging in...
2025-02-15 17:17:29.878 | INFO     | core.bot:login_new_account:454 - Account: op4sxv.p4sxvo7m91@hotmail.com | Logging in...
2025-02-15 17:17:30.390 | INFO     | core.bot:get_captcha_data:26 - Account: Yv2z.v2zk7xzz0gun@hotmail.com | Got puzzle image, solving...
2025-02-15 17:17:33.310 | INFO     | core.bot:get_captcha_data:26 - Account: op4sxv.p4sxvo7m91@hotmail.com | Got puzzle image, solving...
2025-02-15 17:17:34.303 | SUCCESS  | core.bot:get_captcha_data:32 - Account: Yv2z.v2zk7xzz0gun@hotmail.com | Puzzle solved: 1BJP5A
2025-02-15 17:17:34.952 | INFO     | core.bot:perform_farming_actions:565 - [32mAccount: w3hf3hfc6ydhmj4yx0pe@hotmail.com | Total points earned: 24407[0m
2025-02-15 17:17:34.955 | INFO     | database.models.accounts:set_sleep_until:70 - Account: w3hf3hfc6ydhmj4yx0pe@hotmail.com | Set new sleep_until: 2025-02-15 10:20:34.954005+00:00
2025-02-15 17:17:34.957 | INFO     | __main__:run_module_safe:30 - Account: kj387j387haw0dcp@hotmail.com | Initial farming delay: 3 sec
2025-02-15 17:17:36.314 | INFO     | core.bot:login_new_account:458 - Account: Yv2z.v2zk7xzz0gun@hotmail.com | Successfully logged in
2025-02-15 17:17:37.290 | SUCCESS  | core.bot:get_captcha_data:32 - Account: op4sxv.p4sxvo7m91@hotmail.com | Puzzle solved: J%5#QJ
2025-02-15 17:17:37.964 | INFO     | core.bot:login_new_account:454 - Account: kj387j387haw0dcp@hotmail.com | Logging in...
2025-02-15 17:17:39.292 | INFO     | core.bot:login_new_account:458 - Account: op4sxv.p4sxvo7m91@hotmail.com | Successfully logged in
2025-02-15 17:17:43.486 | SUCCESS  | core.bot:perform_farming_actions:560 - [32mAccount: Yv2z.v2zk7xzz0gun@hotmail.com | Sent keepalive request[0m
2025-02-15 17:17:50.115 | SUCCESS  | core.bot:perform_farming_actions:560 - [32mAccount: op4sxv.p4sxvo7m91@hotmail.com | Sent keepalive request[0m
2025-02-15 17:17:56.456 | INFO     | core.bot:get_captcha_data:26 - Account: kj387j387haw0dcp@hotmail.com | Got puzzle image, solving...
2025-02-15 17:17:57.006 | INFO     | core.bot:perform_farming_actions:565 - [32mAccount: Yv2z.v2zk7xzz0gun@hotmail.com | Total points earned: 23707[0m
2025-02-15 17:17:57.010 | INFO     | database.models.accounts:set_sleep_until:70 - Account: Yv2z.v2zk7xzz0gun@hotmail.com | Set new sleep_until: 2025-02-15 10:20:57.008201+00:00
2025-02-15 17:17:57.012 | INFO     | __main__:run_module_safe:30 - Account: uqt5n.qt5n6xrq2pt@hotmail.com | Initial farming delay: 5 sec
2025-02-15 17:18:02.020 | INFO     | core.bot:login_new_account:454 - Account: uqt5n.qt5n6xrq2pt@hotmail.com | Logging in...
2025-02-15 17:18:02.964 | INFO     | core.bot:perform_farming_actions:565 - [32mAccount: op4sxv.p4sxvo7m91@hotmail.com | Total points earned: 23708[0m
2025-02-15 17:18:02.968 | INFO     | database.models.accounts:set_sleep_until:70 - Account: op4sxv.p4sxvo7m91@hotmail.com | Set new sleep_until: 2025-02-15 10:21:02.966336+00:00
2025-02-15 17:18:02.970 | INFO     | __main__:run_module_safe:30 - Account: n2zb2zbrnu43nxkf@hotmail.com | Initial farming delay: 2 sec
2025-02-15 17:18:03.912 | SUCCESS  | core.bot:get_captcha_data:32 - Account: kj387j387haw0dcp@hotmail.com | Puzzle solved: WD$MY=
2025-02-15 17:18:04.974 | INFO     | core.bot:login_new_account:454 - Account: n2zb2zbrnu43nxkf@hotmail.com | Logging in...
2025-02-15 17:18:05.789 | INFO     | core.bot:login_new_account:458 - Account: kj387j387haw0dcp@hotmail.com | Successfully logged in
2025-02-15 17:18:08.631 | INFO     | core.bot:get_captcha_data:26 - Account: n2zb2zbrnu43nxkf@hotmail.com | Got puzzle image, solving...
2025-02-15 17:18:09.347 | SUCCESS  | core.bot:get_captcha_data:32 - Account: n2zb2zbrnu43nxkf@hotmail.com | Puzzle solved: PP#XAH
2025-02-15 17:18:11.153 | SUCCESS  | core.bot:perform_farming_actions:560 - [32mAccount: kj387j387haw0dcp@hotmail.com | Sent keepalive request[0m
2025-02-15 17:18:22.162 | INFO     | core.bot:perform_farming_actions:565 - [32mAccount: kj387j387haw0dcp@hotmail.com | Total points earned: 23563[0m
2025-02-15 17:18:22.165 | INFO     | database.models.accounts:set_sleep_until:70 - Account: kj387j387haw0dcp@hotmail.com | Set new sleep_until: 2025-02-15 10:21:22.163799+00:00
2025-02-15 17:18:22.167 | INFO     | __main__:run_module_safe:30 - Account: v4o8r_4o8r_eulol@hotmail.com | Initial farming delay: 2 sec
2025-02-15 17:18:24.169 | INFO     | core.bot:login_new_account:454 - Account: v4o8r_4o8r_eulol@hotmail.com | Logging in...
2025-02-15 17:18:42.976 | WARNING  | core.bot:login_new_account:484 - Account: n2zb2zbrnu43nxkf@hotmail.com | Captcha expired, re-solving...
2025-02-15 17:18:42.978 | INFO     | core.bot:login_new_account:454 - Account: n2zb2zbrnu43nxkf@hotmail.com | Logging in...
2025-02-15 17:18:44.385 | INFO     | core.bot:get_captcha_data:26 - Account: n2zb2zbrnu43nxkf@hotmail.com | Got puzzle image, solving...
2025-02-15 17:18:45.463 | SUCCESS  | core.bot:get_captcha_data:32 - Account: n2zb2zbrnu43nxkf@hotmail.com | Puzzle solved: QRQRNH
2025-02-15 17:18:47.233 | INFO     | core.bot:login_new_account:458 - Account: n2zb2zbrnu43nxkf@hotmail.com | Successfully logged in
2025-02-15 17:18:49.116 | SUCCESS  | core.bot:perform_farming_actions:560 - [32mAccount: n2zb2zbrnu43nxkf@hotmail.com | Sent keepalive request[0m
2025-02-15 17:18:50.136 | ERROR    | core.bot:get_captcha_data:62 - Account: uqt5n.qt5n6xrq2pt@hotmail.com | Error occurred while solving captcha (image): Failed to send request after 3 attempts: Failed to perform, curl: (28) Failed to connect to 45.93.213.211 port 8000 after 14022 ms: Couldn't connect to server. See https://curl.se/libcurl/c/libcurl-errors.html first for more details. | Retrying...
2025-02-15 17:18:56.397 | INFO     | core.bot:perform_farming_actions:565 - [32mAccount: n2zb2zbrnu43nxkf@hotmail.com | Total points earned: 23762[0m
2025-02-15 17:18:56.401 | INFO     | database.models.accounts:set_sleep_until:70 - Account: n2zb2zbrnu43nxkf@hotmail.com | Set new sleep_until: 2025-02-15 10:21:56.399533+00:00
2025-02-15 17:18:56.403 | INFO     | __main__:run_module_safe:30 - Account: shvkhvk_zlmobgnz@hotmail.com | Initial farming delay: 4 sec
2025-02-15 17:19:00.407 | INFO     | core.bot:login_new_account:454 - Account: shvkhvk_zlmobgnz@hotmail.com | Logging in...
2025-02-15 17:19:05.590 | ERROR    | core.bot:get_captcha_data:62 - Account: v4o8r_4o8r_eulol@hotmail.com | Error occurred while solving captcha (image): Server error - 502 | Retrying...
2025-02-15 17:19:09.393 | INFO     | core.bot:get_captcha_data:26 - Account: v4o8r_4o8r_eulol@hotmail.com | Got puzzle image, solving...
2025-02-15 17:19:19.403 | ERROR    | core.bot:get_captcha_data:40 - Account: v4o8r_4o8r_eulol@hotmail.com | Failed to solve puzzle: An unexpected error occurred:  | Retrying...
2025-02-15 17:19:20.809 | INFO     | core.bot:get_captcha_data:26 - Account: v4o8r_4o8r_eulol@hotmail.com | Got puzzle image, solving...
2025-02-15 17:19:21.935 | INFO     | core.bot:get_captcha_data:26 - Account: shvkhvk_zlmobgnz@hotmail.com | Got puzzle image, solving...
2025-02-15 17:19:25.157 | SUCCESS  | core.bot:get_captcha_data:32 - Account: shvkhvk_zlmobgnz@hotmail.com | Puzzle solved: AQGG=&
2025-02-15 17:19:27.093 | INFO     | core.bot:login_new_account:458 - Account: shvkhvk_zlmobgnz@hotmail.com | Successfully logged in
2025-02-15 17:19:27.648 | SUCCESS  | core.bot:perform_farming_actions:560 - [32mAccount: shvkhvk_zlmobgnz@hotmail.com | Sent keepalive request[0m
2025-02-15 17:19:30.815 | ERROR    | core.bot:get_captcha_data:40 - Account: v4o8r_4o8r_eulol@hotmail.com | Failed to solve puzzle: An unexpected error occurred:  | Retrying...
2025-02-15 17:19:32.480 | INFO     | core.bot:get_captcha_data:26 - Account: v4o8r_4o8r_eulol@hotmail.com | Got puzzle image, solving...
2025-02-15 17:19:33.287 | SUCCESS  | core.bot:get_captcha_data:32 - Account: v4o8r_4o8r_eulol@hotmail.com | Puzzle solved: YD3@14
2025-02-15 17:19:35.202 | INFO     | core.bot:login_new_account:458 - Account: v4o8r_4o8r_eulol@hotmail.com | Successfully logged in
2025-02-15 17:19:37.005 | SUCCESS  | core.bot:perform_farming_actions:560 - [32mAccount: v4o8r_4o8r_eulol@hotmail.com | Sent keepalive request[0m
2025-02-15 17:19:37.888 | INFO     | core.bot:perform_farming_actions:565 - [32mAccount: shvkhvk_zlmobgnz@hotmail.com | Total points earned: 17626[0m
2025-02-15 17:19:37.892 | INFO     | database.models.accounts:set_sleep_until:70 - Account: shvkhvk_zlmobgnz@hotmail.com | Set new sleep_until: 2025-02-15 10:22:37.890278+00:00
2025-02-15 17:19:37.894 | INFO     | __main__:run_module_safe:30 - Account: M2bj.2bjnkffo_kq81@hotmail.com | Initial farming delay: 5 sec
2025-02-15 17:19:38.524 | ERROR    | core.bot:get_captcha_data:62 - Account: uqt5n.qt5n6xrq2pt@hotmail.com | Error occurred while solving captcha (image): Failed to send request after 3 attempts: Failed to perform, curl: (28) Failed to connect to 45.93.213.211 port 8000 after 14310 ms: Couldn't connect to server. See https://curl.se/libcurl/c/libcurl-errors.html first for more details. | Retrying...
2025-02-15 17:19:42.900 | INFO     | core.bot:login_new_account:454 - Account: M2bj.2bjnkffo_kq81@hotmail.com | Logging in...
2025-02-15 17:19:45.749 | INFO     | core.bot:perform_farming_actions:565 - [32mAccount: v4o8r_4o8r_eulol@hotmail.com | Total points earned: 18012[0m
2025-02-15 17:19:45.752 | INFO     | database.models.accounts:set_sleep_until:70 - Account: v4o8r_4o8r_eulol@hotmail.com | Set new sleep_until: 2025-02-15 10:22:45.750812+00:00
2025-02-15 17:19:45.754 | INFO     | __main__:run_module_safe:30 - Account: G3as.3asr5cp0c24g@hotmail.com | Initial farming delay: 2 sec
2025-02-15 17:19:47.765 | INFO     | core.bot:login_new_account:454 - Account: G3as.3asr5cp0c24g@hotmail.com | Logging in...
2025-02-15 17:20:04.603 | INFO     | core.bot:get_captcha_data:26 - Account: uqt5n.qt5n6xrq2pt@hotmail.com | Got puzzle image, solving...
2025-02-15 17:20:08.985 | INFO     | core.bot:get_captcha_data:26 - Account: G3as.3asr5cp0c24g@hotmail.com | Got puzzle image, solving...
2025-02-15 17:20:11.779 | SUCCESS  | core.bot:get_captcha_data:32 - Account: G3as.3asr5cp0c24g@hotmail.com | Puzzle solved: PXFH3H
2025-02-15 17:20:14.136 | INFO     | core.bot:login_new_account:458 - Account: G3as.3asr5cp0c24g@hotmail.com | Successfully logged in
2025-02-15 17:20:14.610 | ERROR    | core.bot:get_captcha_data:40 - Account: uqt5n.qt5n6xrq2pt@hotmail.com | Failed to solve puzzle: An unexpected error occurred:  | Retrying...
2025-02-15 17:20:16.269 | INFO     | core.bot:get_captcha_data:26 - Account: uqt5n.qt5n6xrq2pt@hotmail.com | Got puzzle image, solving...
2025-02-15 17:20:17.207 | SUCCESS  | core.bot:perform_farming_actions:560 - [32mAccount: G3as.3asr5cp0c24g@hotmail.com | Sent keepalive request[0m
2025-02-15 17:20:20.294 | SUCCESS  | core.bot:get_captcha_data:32 - Account: uqt5n.qt5n6xrq2pt@hotmail.com | Puzzle solved: MW4WJ#
2025-02-15 17:20:31.035 | ERROR    | core.bot:get_captcha_data:62 - Account: M2bj.2bjnkffo_kq81@hotmail.com | Error occurred while solving captcha (image): Failed to send request after 3 attempts: Failed to perform, curl: (28) Failed to connect to 45.93.214.34 port 8000 after 14038 ms: Couldn't connect to server. See https://curl.se/libcurl/c/libcurl-errors.html first for more details. | Retrying...
2025-02-15 17:20:32.243 | INFO     | core.bot:perform_farming_actions:565 - [32mAccount: G3as.3asr5cp0c24g@hotmail.com | Total points earned: 20914[0m
2025-02-15 17:20:32.247 | INFO     | database.models.accounts:set_sleep_until:70 - Account: G3as.3asr5cp0c24g@hotmail.com | Set new sleep_until: 2025-02-15 10:23:32.245309+00:00
2025-02-15 17:20:32.249 | INFO     | __main__:run_module_safe:30 - Account: w2aq7.2aq74b7d0u2@hotmail.com | Initial farming delay: 4 sec
2025-02-15 17:20:36.255 | INFO     | core.bot:login_new_account:454 - Account: w2aq7.2aq74b7d0u2@hotmail.com | Logging in...
2025-02-15 17:20:39.534 | INFO     | core.bot:get_captcha_data:26 - Account: M2bj.2bjnkffo_kq81@hotmail.com | Got puzzle image, solving...
2025-02-15 17:20:43.949 | SUCCESS  | core.bot:get_captcha_data:32 - Account: M2bj.2bjnkffo_kq81@hotmail.com | Puzzle solved: S1NXF=
2025-02-15 17:20:46.263 | INFO     | core.bot:login_new_account:458 - Account: M2bj.2bjnkffo_kq81@hotmail.com | Successfully logged in
2025-02-15 17:20:50.945 | SUCCESS  | core.bot:perform_farming_actions:560 - [32mAccount: M2bj.2bjnkffo_kq81@hotmail.com | Sent keepalive request[0m
2025-02-15 17:20:55.196 | INFO     | core.bot:login_new_account:458 - Account: uqt5n.qt5n6xrq2pt@hotmail.com | Successfully logged in
2025-02-15 17:20:56.990 | SUCCESS  | core.bot:perform_farming_actions:560 - [32mAccount: uqt5n.qt5n6xrq2pt@hotmail.com | Sent keepalive request[0m
2025-02-15 17:20:59.198 | INFO     | core.bot:perform_farming_actions:565 - [32mAccount: M2bj.2bjnkffo_kq81@hotmail.com | Total points earned: 18823[0m
2025-02-15 17:20:59.201 | INFO     | database.models.accounts:set_sleep_until:70 - Account: M2bj.2bjnkffo_kq81@hotmail.com | Set new sleep_until: 2025-02-15 10:23:59.199822+00:00
2025-02-15 17:20:59.203 | INFO     | __main__:run_module_safe:30 - Account: Oxkj5_.xkj5_by1u6@hotmail.com | Initial farming delay: 5 sec
2025-02-15 17:21:04.211 | INFO     | core.bot:login_new_account:454 - Account: Oxkj5_.xkj5_by1u6@hotmail.com | Logging in...
2025-02-15 17:21:07.298 | INFO     | core.bot:get_captcha_data:26 - Account: Oxkj5_.xkj5_by1u6@hotmail.com | Got puzzle image, solving...
2025-02-15 17:21:17.314 | ERROR    | core.bot:get_captcha_data:40 - Account: Oxkj5_.xkj5_by1u6@hotmail.com | Failed to solve puzzle: An unexpected error occurred:  | Retrying...
2025-02-15 17:21:18.762 | INFO     | core.bot:get_captcha_data:26 - Account: Oxkj5_.xkj5_by1u6@hotmail.com | Got puzzle image, solving...
2025-02-15 17:21:20.062 | INFO     | core.bot:perform_farming_actions:565 - [32mAccount: uqt5n.qt5n6xrq2pt@hotmail.com | Total points earned: 24169[0m
2025-02-15 17:21:20.066 | INFO     | database.models.accounts:set_sleep_until:70 - Account: uqt5n.qt5n6xrq2pt@hotmail.com | Set new sleep_until: 2025-02-15 10:24:20.064222+00:00
2025-02-15 17:21:20.068 | INFO     | __main__:run_module_safe:30 - Account: phxm.hxmoc8w8lw7l11l_fx@hotmail.com | Initial farming delay: 3 sec
2025-02-15 17:21:23.083 | INFO     | core.bot:login_new_account:454 - Account: phxm.hxmoc8w8lw7l11l_fx@hotmail.com | Logging in...
2025-02-15 17:21:24.360 | ERROR    | core.bot:get_captcha_data:62 - Account: w2aq7.2aq74b7d0u2@hotmail.com | Error occurred while solving captcha (image): Failed to send request after 3 attempts: Failed to perform, curl: (28) Failed to connect to 45.93.213.96 port 8000 after 14027 ms: Couldn't connect to server. See https://curl.se/libcurl/c/libcurl-errors.html first for more details. | Retrying...
2025-02-15 17:21:28.775 | ERROR    | core.bot:get_captcha_data:40 - Account: Oxkj5_.xkj5_by1u6@hotmail.com | Failed to solve puzzle: An unexpected error occurred:  | Retrying...
2025-02-15 17:21:28.833 | INFO     | core.bot:get_captcha_data:26 - Account: w2aq7.2aq74b7d0u2@hotmail.com | Got puzzle image, solving...
2025-02-15 17:21:30.464 | INFO     | core.bot:get_captcha_data:26 - Account: Oxkj5_.xkj5_by1u6@hotmail.com | Got puzzle image, solving...
2025-02-15 17:21:31.375 | SUCCESS  | core.bot:get_captcha_data:32 - Account: Oxkj5_.xkj5_by1u6@hotmail.com | Puzzle solved: M=DR8R
2025-02-15 17:21:33.526 | INFO     | core.bot:login_new_account:458 - Account: Oxkj5_.xkj5_by1u6@hotmail.com | Successfully logged in
2025-02-15 17:21:35.210 | SUCCESS  | core.bot:get_captcha_data:32 - Account: w2aq7.2aq74b7d0u2@hotmail.com | Puzzle solved: NE&SRE
2025-02-15 17:21:35.740 | SUCCESS  | core.bot:perform_farming_actions:560 - [32mAccount: Oxkj5_.xkj5_by1u6@hotmail.com | Sent keepalive request[0m
2025-02-15 17:21:37.064 | INFO     | core.bot:login_new_account:458 - Account: w2aq7.2aq74b7d0u2@hotmail.com | Successfully logged in
2025-02-15 17:21:43.673 | SUCCESS  | core.bot:perform_farming_actions:560 - [32mAccount: w2aq7.2aq74b7d0u2@hotmail.com | Sent keepalive request[0m
2025-02-15 17:21:44.373 | INFO     | core.bot:perform_farming_actions:565 - [32mAccount: Oxkj5_.xkj5_by1u6@hotmail.com | Total points earned: 18988[0m
2025-02-15 17:21:44.376 | INFO     | database.models.accounts:set_sleep_until:70 - Account: Oxkj5_.xkj5_by1u6@hotmail.com | Set new sleep_until: 2025-02-15 10:24:44.374796+00:00
2025-02-15 17:21:44.378 | INFO     | __main__:run_module_safe:30 - Account: ea48ua48ucbzlu5u@hotmail.com | Initial farming delay: 2 sec
2025-02-15 17:21:46.393 | INFO     | core.bot:login_new_account:454 - Account: ea48ua48ucbzlu5u@hotmail.com | Logging in...
2025-02-15 17:21:52.767 | INFO     | core.bot:perform_farming_actions:565 - [32mAccount: w2aq7.2aq74b7d0u2@hotmail.com | Total points earned: 23561[0m
2025-02-15 17:21:52.771 | INFO     | database.models.accounts:set_sleep_until:70 - Account: w2aq7.2aq74b7d0u2@hotmail.com | Set new sleep_until: 2025-02-15 10:24:52.769286+00:00
2025-02-15 17:21:52.773 | INFO     | __main__:run_module_safe:30 - Account: bti38.ti38ji_56l0@hotmail.com | Initial farming delay: 3 sec
2025-02-15 17:21:55.786 | INFO     | core.bot:login_new_account:454 - Account: bti38.ti38ji_56l0@hotmail.com | Logging in...
2025-02-15 17:22:11.179 | ERROR    | core.bot:get_captcha_data:62 - Account: phxm.hxmoc8w8lw7l11l_fx@hotmail.com | Error occurred while solving captcha (image): Failed to send request after 3 attempts: Failed to perform, curl: (28) Failed to connect to 45.93.213.228 port 8000 after 14024 ms: Couldn't connect to server. See https://curl.se/libcurl/c/libcurl-errors.html first for more details. | Retrying...
2025-02-15 17:22:15.511 | INFO     | core.bot:get_captcha_data:26 - Account: phxm.hxmoc8w8lw7l11l_fx@hotmail.com | Got puzzle image, solving...
2025-02-15 17:22:20.415 | SUCCESS  | core.bot:get_captcha_data:32 - Account: phxm.hxmoc8w8lw7l11l_fx@hotmail.com | Puzzle solved: &QQQMK
2025-02-15 17:22:22.263 | INFO     | core.bot:login_new_account:458 - Account: phxm.hxmoc8w8lw7l11l_fx@hotmail.com | Successfully logged in
2025-02-15 17:22:22.824 | SUCCESS  | core.bot:perform_farming_actions:560 - [32mAccount: phxm.hxmoc8w8lw7l11l_fx@hotmail.com | Sent keepalive request[0m
2025-02-15 17:22:23.932 | INFO     | core.bot:get_captcha_data:26 - Account: ea48ua48ucbzlu5u@hotmail.com | Got puzzle image, solving...
2025-02-15 17:22:24.607 | SUCCESS  | core.bot:get_captcha_data:32 - Account: ea48ua48ucbzlu5u@hotmail.com | Puzzle solved: $1$QGS
2025-02-15 17:22:26.842 | INFO     | core.bot:login_new_account:458 - Account: ea48ua48ucbzlu5u@hotmail.com | Successfully logged in
2025-02-15 17:22:27.017 | SUCCESS  | core.bot:perform_farming_actions:560 - [32mAccount: ea48ua48ucbzlu5u@hotmail.com | Sent keepalive request[0m
2025-02-15 17:22:33.349 | INFO     | core.bot:perform_farming_actions:565 - [32mAccount: phxm.hxmoc8w8lw7l11l_fx@hotmail.com | Total points earned: 23620[0m
2025-02-15 17:22:33.353 | INFO     | database.models.accounts:set_sleep_until:70 - Account: phxm.hxmoc8w8lw7l11l_fx@hotmail.com | Set new sleep_until: 2025-02-15 10:25:33.351567+00:00
2025-02-15 17:22:33.355 | INFO     | __main__:run_module_safe:30 - Account: fvcwxh.vcwxhlogs0@hotmail.com | Initial farming delay: 3 sec
2025-02-15 17:22:36.371 | INFO     | core.bot:login_new_account:454 - Account: fvcwxh.vcwxhlogs0@hotmail.com | Logging in...
2025-02-15 17:22:39.845 | INFO     | core.bot:perform_farming_actions:565 - [32mAccount: ea48ua48ucbzlu5u@hotmail.com | Total points earned: 24558[0m
2025-02-15 17:22:39.849 | INFO     | database.models.accounts:set_sleep_until:70 - Account: ea48ua48ucbzlu5u@hotmail.com | Set new sleep_until: 2025-02-15 10:25:39.847481+00:00
2025-02-15 17:22:39.851 | INFO     | __main__:run_module_safe:30 - Account: Eb9cebb9ceboub3a0ua@hotmail.com | Initial farming delay: 2 sec
2025-02-15 17:22:41.032 | INFO     | core.bot:get_captcha_data:26 - Account: fvcwxh.vcwxhlogs0@hotmail.com | Got puzzle image, solving...
2025-02-15 17:22:41.859 | INFO     | core.bot:login_new_account:454 - Account: Eb9cebb9ceboub3a0ua@hotmail.com | Logging in...
2025-02-15 17:22:42.091 | SUCCESS  | core.bot:get_captcha_data:32 - Account: fvcwxh.vcwxhlogs0@hotmail.com | Puzzle solved: NBMWSR
2025-02-15 17:22:43.862 | ERROR    | core.bot:get_captcha_data:62 - Account: bti38.ti38ji_56l0@hotmail.com | Error occurred while solving captcha (image): Failed to send request after 3 attempts: Failed to perform, curl: (28) Failed to connect to 103.74.78.40 port 8000 after 14014 ms: Couldn't connect to server. See https://curl.se/libcurl/c/libcurl-errors.html first for more details. | Retrying...
2025-02-15 17:22:44.543 | INFO     | core.bot:login_new_account:458 - Account: fvcwxh.vcwxhlogs0@hotmail.com | Successfully logged in
2025-02-15 17:22:46.633 | SUCCESS  | core.bot:perform_farming_actions:560 - [32mAccount: fvcwxh.vcwxhlogs0@hotmail.com | Sent keepalive request[0m
2025-02-15 17:22:57.093 | INFO     | core.bot:perform_farming_actions:565 - [32mAccount: fvcwxh.vcwxhlogs0@hotmail.com | Total points earned: 17751[0m
2025-02-15 17:22:57.097 | INFO     | database.models.accounts:set_sleep_until:70 - Account: fvcwxh.vcwxhlogs0@hotmail.com | Set new sleep_until: 2025-02-15 10:25:57.095620+00:00
2025-02-15 17:22:57.099 | INFO     | __main__:run_module_safe:30 - Account: tikvi1.ikvi1qu5ft@hotmail.com | Initial farming delay: 4 sec
2025-02-15 17:23:01.107 | INFO     | core.bot:login_new_account:454 - Account: tikvi1.ikvi1qu5ft@hotmail.com | Logging in...
2025-02-15 17:23:10.186 | INFO     | core.bot:get_captcha_data:26 - Account: tikvi1.ikvi1qu5ft@hotmail.com | Got puzzle image, solving...
2025-02-15 17:23:11.562 | SUCCESS  | core.bot:get_captcha_data:32 - Account: tikvi1.ikvi1qu5ft@hotmail.com | Puzzle solved: CKCV&&
2025-02-15 17:23:14.030 | INFO     | core.bot:login_new_account:458 - Account: tikvi1.ikvi1qu5ft@hotmail.com | Successfully logged in
2025-02-15 17:23:22.492 | SUCCESS  | core.bot:perform_farming_actions:560 - [32mAccount: tikvi1.ikvi1qu5ft@hotmail.com | Sent keepalive request[0m
2025-02-15 17:23:27.173 | INFO     | core.bot:get_captcha_data:26 - Account: bti38.ti38ji_56l0@hotmail.com | Got puzzle image, solving...
2025-02-15 17:23:29.935 | ERROR    | core.bot:get_captcha_data:62 - Account: Eb9cebb9ceboub3a0ua@hotmail.com | Error occurred while solving captcha (image): Failed to send request after 3 attempts: Failed to perform, curl: (28) Failed to connect to 45.93.213.133 port 8000 after 14005 ms: Couldn't connect to server. See https://curl.se/libcurl/c/libcurl-errors.html first for more details. | Retrying...
2025-02-15 17:23:31.548 | SUCCESS  | core.bot:get_captcha_data:32 - Account: bti38.ti38ji_56l0@hotmail.com | Puzzle solved: NA@MMN
2025-02-15 17:23:33.981 | INFO     | core.bot:login_new_account:458 - Account: bti38.ti38ji_56l0@hotmail.com | Successfully logged in
2025-02-15 17:23:36.510 | INFO     | core.bot:get_captcha_data:26 - Account: Eb9cebb9ceboub3a0ua@hotmail.com | Got puzzle image, solving...
2025-02-15 17:23:39.147 | INFO     | core.bot:perform_farming_actions:565 - [32mAccount: tikvi1.ikvi1qu5ft@hotmail.com | Total points earned: 21163[0m
2025-02-15 17:23:39.150 | INFO     | database.models.accounts:set_sleep_until:70 - Account: tikvi1.ikvi1qu5ft@hotmail.com | Set new sleep_until: 2025-02-15 10:26:39.149003+00:00
2025-02-15 17:23:39.152 | INFO     | __main__:run_module_safe:30 - Account: zv5dm.v5dm02hy3qmpk957@hotmail.com | Initial farming delay: 2 sec
2025-02-15 17:23:40.540 | SUCCESS  | core.bot:get_captcha_data:32 - Account: Eb9cebb9ceboub3a0ua@hotmail.com | Puzzle solved: R&FQK@
2025-02-15 17:23:41.168 | INFO     | core.bot:login_new_account:454 - Account: zv5dm.v5dm02hy3qmpk957@hotmail.com | Logging in...
2025-02-15 17:23:42.054 | SUCCESS  | core.bot:perform_farming_actions:560 - [32mAccount: bti38.ti38ji_56l0@hotmail.com | Sent keepalive request[0m
2025-02-15 17:23:42.785 | INFO     | core.bot:login_new_account:458 - Account: Eb9cebb9ceboub3a0ua@hotmail.com | Successfully logged in
2025-02-15 17:23:44.565 | SUCCESS  | core.bot:perform_farming_actions:560 - [32mAccount: Eb9cebb9ceboub3a0ua@hotmail.com | Sent keepalive request[0m
2025-02-15 17:23:50.497 | INFO     | core.bot:perform_farming_actions:565 - [32mAccount: bti38.ti38ji_56l0@hotmail.com | Total points earned: 17457[0m
2025-02-15 17:23:50.501 | INFO     | database.models.accounts:set_sleep_until:70 - Account: bti38.ti38ji_56l0@hotmail.com | Set new sleep_until: 2025-02-15 10:26:50.499522+00:00
2025-02-15 17:23:50.503 | INFO     | __main__:run_module_safe:30 - Account: z2sr96.2sr968kx91ro@hotmail.com | Initial farming delay: 3 sec
2025-02-15 17:23:53.518 | INFO     | core.bot:login_new_account:454 - Account: z2sr96.2sr968kx91ro@hotmail.com | Logging in...
2025-02-15 17:23:57.291 | INFO     | core.bot:perform_farming_actions:565 - [32mAccount: Eb9cebb9ceboub3a0ua@hotmail.com | Total points earned: 18135[0m
2025-02-15 17:23:57.295 | INFO     | database.models.accounts:set_sleep_until:70 - Account: Eb9cebb9ceboub3a0ua@hotmail.com | Set new sleep_until: 2025-02-15 10:26:57.293217+00:00
2025-02-15 17:23:57.297 | INFO     | __main__:run_module_safe:30 - Account: Mlf02f.lf02fqruz4@hotmail.com | Initial farming delay: 4 sec
2025-02-15 17:23:58.530 | INFO     | core.bot:get_captcha_data:26 - Account: z2sr96.2sr968kx91ro@hotmail.com | Got puzzle image, solving...
2025-02-15 17:24:01.300 | INFO     | core.bot:login_new_account:454 - Account: Mlf02f.lf02fqruz4@hotmail.com | Logging in...
2025-02-15 17:24:03.433 | SUCCESS  | core.bot:get_captcha_data:32 - Account: z2sr96.2sr968kx91ro@hotmail.com | Puzzle solved: &K@K@Q
2025-02-15 17:24:05.837 | INFO     | core.bot:login_new_account:458 - Account: z2sr96.2sr968kx91ro@hotmail.com | Successfully logged in
2025-02-15 17:24:06.567 | SUCCESS  | core.bot:perform_farming_actions:560 - [32mAccount: z2sr96.2sr968kx91ro@hotmail.com | Sent keepalive request[0m
2025-02-15 17:24:16.835 | INFO     | core.bot:perform_farming_actions:565 - [32mAccount: z2sr96.2sr968kx91ro@hotmail.com | Total points earned: 17418[0m
2025-02-15 17:24:16.838 | INFO     | database.models.accounts:set_sleep_until:70 - Account: z2sr96.2sr968kx91ro@hotmail.com | Set new sleep_until: 2025-02-15 10:27:16.836856+00:00
2025-02-15 17:24:16.840 | INFO     | __main__:run_module_safe:30 - Account: pknfp.knfpl5svbq5@hotmail.com | Initial farming delay: 4 sec
2025-02-15 17:24:17.799 | INFO     | core.bot:get_captcha_data:26 - Account: zv5dm.v5dm02hy3qmpk957@hotmail.com | Got puzzle image, solving...
2025-02-15 17:24:20.844 | INFO     | core.bot:login_new_account:454 - Account: pknfp.knfpl5svbq5@hotmail.com | Logging in...
2025-02-15 17:24:22.414 | SUCCESS  | core.bot:get_captcha_data:32 - Account: zv5dm.v5dm02hy3qmpk957@hotmail.com | Puzzle solved: TS$JH5
2025-02-15 17:24:22.905 | INFO     | core.bot:get_captcha_data:26 - Account: pknfp.knfpl5svbq5@hotmail.com | Got puzzle image, solving...
2025-02-15 17:24:23.580 | SUCCESS  | core.bot:get_captcha_data:32 - Account: pknfp.knfpl5svbq5@hotmail.com | Puzzle solved: =JHQS@
2025-02-15 17:24:25.555 | INFO     | core.bot:login_new_account:458 - Account: pknfp.knfpl5svbq5@hotmail.com | Successfully logged in
2025-02-15 17:24:31.535 | SUCCESS  | core.bot:perform_farming_actions:560 - [32mAccount: pknfp.knfpl5svbq5@hotmail.com | Sent keepalive request[0m
2025-02-15 17:24:37.653 | INFO     | core.bot:get_captcha_data:26 - Account: Mlf02f.lf02fqruz4@hotmail.com | Got puzzle image, solving...
2025-02-15 17:24:40.465 | SUCCESS  | core.bot:get_captcha_data:32 - Account: Mlf02f.lf02fqruz4@hotmail.com | Puzzle solved: FTTYXH
2025-02-15 17:24:42.604 | INFO     | core.bot:login_new_account:458 - Account: Mlf02f.lf02fqruz4@hotmail.com | Successfully logged in
2025-02-15 17:24:43.719 | INFO     | core.bot:perform_farming_actions:565 - [32mAccount: pknfp.knfpl5svbq5@hotmail.com | Total points earned: 23396[0m
2025-02-15 17:24:43.723 | INFO     | database.models.accounts:set_sleep_until:70 - Account: pknfp.knfpl5svbq5@hotmail.com | Set new sleep_until: 2025-02-15 10:27:43.721130+00:00
2025-02-15 17:24:43.725 | INFO     | __main__:run_module_safe:30 - Account: Sixaiv.ixaivszgrc@hotmail.com | Initial farming delay: 4 sec
2025-02-15 17:24:44.424 | SUCCESS  | core.bot:perform_farming_actions:560 - [32mAccount: Mlf02f.lf02fqruz4@hotmail.com | Sent keepalive request[0m
2025-02-15 17:24:47.738 | INFO     | core.bot:login_new_account:454 - Account: Sixaiv.ixaivszgrc@hotmail.com | Logging in...
2025-02-15 17:24:52.963 | INFO     | core.bot:get_captcha_data:26 - Account: Sixaiv.ixaivszgrc@hotmail.com | Got puzzle image, solving...
2025-02-15 17:24:57.113 | INFO     | core.bot:perform_farming_actions:565 - [32mAccount: Mlf02f.lf02fqruz4@hotmail.com | Total points earned: 17477[0m
2025-02-15 17:24:57.117 | INFO     | database.models.accounts:set_sleep_until:70 - Account: Mlf02f.lf02fqruz4@hotmail.com | Set new sleep_until: 2025-02-15 10:27:57.115198+00:00
2025-02-15 17:24:57.119 | INFO     | __main__:run_module_safe:30 - Account: xfd53.fd53mhq_a_dtednpj@hotmail.com | Initial farming delay: 2 sec
2025-02-15 17:24:59.130 | INFO     | core.bot:login_new_account:454 - Account: xfd53.fd53mhq_a_dtednpj@hotmail.com | Logging in...
2025-02-15 17:25:01.573 | INFO     | core.bot:get_captcha_data:26 - Account: xfd53.fd53mhq_a_dtednpj@hotmail.com | Got puzzle image, solving...
2025-02-15 17:25:02.283 | SUCCESS  | core.bot:get_captcha_data:32 - Account: xfd53.fd53mhq_a_dtednpj@hotmail.com | Puzzle solved: 61FMJB
2025-02-15 17:25:04.723 | INFO     | core.bot:login_new_account:458 - Account: xfd53.fd53mhq_a_dtednpj@hotmail.com | Successfully logged in
2025-02-15 17:25:09.366 | SUCCESS  | core.bot:get_captcha_data:32 - Account: Sixaiv.ixaivszgrc@hotmail.com | Puzzle solved: 1MYR11
2025-02-15 17:25:11.479 | INFO     | core.bot:login_new_account:458 - Account: Sixaiv.ixaivszgrc@hotmail.com | Successfully logged in
2025-02-15 17:25:13.543 | SUCCESS  | core.bot:perform_farming_actions:560 - [32mAccount: Sixaiv.ixaivszgrc@hotmail.com | Sent keepalive request[0m
2025-02-15 17:25:15.406 | SUCCESS  | core.bot:perform_farming_actions:560 - [32mAccount: xfd53.fd53mhq_a_dtednpj@hotmail.com | Sent keepalive request[0m
2025-02-15 17:25:23.203 | WARNING  | core.bot:login_new_account:484 - Account: zv5dm.v5dm02hy3qmpk957@hotmail.com | Captcha expired, re-solving...
2025-02-15 17:25:23.205 | INFO     | core.bot:login_new_account:454 - Account: zv5dm.v5dm02hy3qmpk957@hotmail.com | Logging in...
2025-02-15 17:25:24.815 | INFO     | core.bot:get_captcha_data:26 - Account: zv5dm.v5dm02hy3qmpk957@hotmail.com | Got puzzle image, solving...
2025-02-15 17:25:25.855 | SUCCESS  | core.bot:get_captcha_data:32 - Account: zv5dm.v5dm02hy3qmpk957@hotmail.com | Puzzle solved: DS=&XQ
2025-02-15 17:25:26.965 | INFO     | core.bot:perform_farming_actions:565 - [32mAccount: xfd53.fd53mhq_a_dtednpj@hotmail.com | Total points earned: 18227[0m
2025-02-15 17:25:26.969 | INFO     | database.models.accounts:set_sleep_until:70 - Account: xfd53.fd53mhq_a_dtednpj@hotmail.com | Set new sleep_until: 2025-02-15 10:28:26.967478+00:00
2025-02-15 17:25:26.971 | INFO     | __main__:run_module_safe:30 - Account: ha26a.a26akkjl80o@hotmail.com | Initial farming delay: 3 sec
2025-02-15 17:25:27.700 | INFO     | core.bot:login_new_account:458 - Account: zv5dm.v5dm02hy3qmpk957@hotmail.com | Successfully logged in
2025-02-15 17:25:29.983 | INFO     | core.bot:login_new_account:454 - Account: ha26a.a26akkjl80o@hotmail.com | Logging in...
2025-02-15 17:25:31.431 | INFO     | core.bot:perform_farming_actions:565 - [32mAccount: Sixaiv.ixaivszgrc@hotmail.com | Total points earned: 18227[0m
2025-02-15 17:25:31.435 | INFO     | database.models.accounts:set_sleep_until:70 - Account: Sixaiv.ixaivszgrc@hotmail.com | Set new sleep_until: 2025-02-15 10:28:31.433679+00:00
2025-02-15 17:25:31.437 | INFO     | __main__:run_module_safe:30 - Account: k84dw.84dwbhgll_syj@hotmail.com | Initial farming delay: 2 sec
2025-02-15 17:25:33.269 | SUCCESS  | core.bot:perform_farming_actions:560 - [32mAccount: zv5dm.v5dm02hy3qmpk957@hotmail.com | Sent keepalive request[0m
2025-02-15 17:25:33.443 | INFO     | core.bot:login_new_account:454 - Account: k84dw.84dwbhgll_syj@hotmail.com | Logging in...
2025-02-15 17:25:40.433 | INFO     | core.bot:perform_farming_actions:565 - [32mAccount: zv5dm.v5dm02hy3qmpk957@hotmail.com | Total points earned: 23237[0m
2025-02-15 17:25:40.437 | INFO     | database.models.accounts:set_sleep_until:70 - Account: zv5dm.v5dm02hy3qmpk957@hotmail.com | Set new sleep_until: 2025-02-15 10:28:40.435339+00:00
2025-02-15 17:25:40.439 | INFO     | __main__:run_module_safe:30 - Account: lgpz.gpzguilnj_6a@hotmail.com | Initial farming delay: 3 sec
2025-02-15 17:25:43.452 | INFO     | core.bot:login_new_account:454 - Account: lgpz.gpzguilnj_6a@hotmail.com | Logging in...
2025-02-15 17:25:51.561 | INFO     | core.bot:get_captcha_data:26 - Account: lgpz.gpzguilnj_6a@hotmail.com | Got puzzle image, solving...
2025-02-15 17:25:52.838 | SUCCESS  | core.bot:get_captcha_data:32 - Account: lgpz.gpzguilnj_6a@hotmail.com | Puzzle solved: =M1&PY
2025-02-15 17:25:55.202 | INFO     | core.bot:login_new_account:458 - Account: lgpz.gpzguilnj_6a@hotmail.com | Successfully logged in
2025-02-15 17:25:56.800 | SUCCESS  | core.bot:perform_farming_actions:560 - [32mAccount: lgpz.gpzguilnj_6a@hotmail.com | Sent keepalive request[0m
2025-02-15 17:26:01.719 | INFO     | core.bot:perform_farming_actions:565 - [32mAccount: lgpz.gpzguilnj_6a@hotmail.com | Total points earned: 23514[0m
2025-02-15 17:26:01.722 | INFO     | database.models.accounts:set_sleep_until:70 - Account: lgpz.gpzguilnj_6a@hotmail.com | Set new sleep_until: 2025-02-15 10:29:01.720769+00:00
2025-02-15 17:26:01.725 | INFO     | __main__:run_module_safe:30 - Account: xgf5n.gf5n_2s11mr@hotmail.com | Initial farming delay: 3 sec
2025-02-15 17:26:04.737 | INFO     | core.bot:login_new_account:454 - Account: xgf5n.gf5n_2s11mr@hotmail.com | Logging in...
2025-02-15 17:26:18.082 | ERROR    | core.bot:get_captcha_data:62 - Account: ha26a.a26akkjl80o@hotmail.com | Error occurred while solving captcha (image): Failed to send request after 3 attempts: Failed to perform, curl: (28) Failed to connect to 168.81.248.105 port 8000 after 14023 ms: Couldn't connect to server. See https://curl.se/libcurl/c/libcurl-errors.html first for more details. | Retrying...
2025-02-15 17:26:21.541 | ERROR    | core.bot:get_captcha_data:62 - Account: k84dw.84dwbhgll_syj@hotmail.com | Error occurred while solving captcha (image): Failed to send request after 3 attempts: Failed to perform, curl: (28) Failed to connect to 168.81.248.201 port 8000 after 14031 ms: Couldn't connect to server. See https://curl.se/libcurl/c/libcurl-errors.html first for more details. | Retrying...
2025-02-15 17:26:23.165 | INFO     | core.bot:get_captcha_data:26 - Account: k84dw.84dwbhgll_syj@hotmail.com | Got puzzle image, solving...
2025-02-15 17:26:24.750 | SUCCESS  | core.bot:get_captcha_data:32 - Account: k84dw.84dwbhgll_syj@hotmail.com | Puzzle solved: W&#PPN
2025-02-15 17:26:27.078 | INFO     | core.bot:login_new_account:458 - Account: k84dw.84dwbhgll_syj@hotmail.com | Successfully logged in
2025-02-15 17:26:29.083 | SUCCESS  | core.bot:perform_farming_actions:560 - [32mAccount: k84dw.84dwbhgll_syj@hotmail.com | Sent keepalive request[0m
2025-02-15 17:26:30.674 | INFO     | core.bot:get_captcha_data:26 - Account: xgf5n.gf5n_2s11mr@hotmail.com | Got puzzle image, solving...
2025-02-15 17:26:35.307 | SUCCESS  | core.bot:get_captcha_data:32 - Account: xgf5n.gf5n_2s11mr@hotmail.com | Puzzle solved: 3$5Y4V
2025-02-15 17:26:36.879 | INFO     | core.bot:get_captcha_data:26 - Account: ha26a.a26akkjl80o@hotmail.com | Got puzzle image, solving...
2025-02-15 17:26:37.618 | INFO     | core.bot:login_new_account:458 - Account: xgf5n.gf5n_2s11mr@hotmail.com | Successfully logged in
2025-02-15 17:26:39.231 | SUCCESS  | core.bot:perform_farming_actions:560 - [32mAccount: xgf5n.gf5n_2s11mr@hotmail.com | Sent keepalive request[0m
2025-02-15 17:26:40.897 | SUCCESS  | core.bot:get_captcha_data:32 - Account: ha26a.a26akkjl80o@hotmail.com | Puzzle solved: VB=@24
2025-02-15 17:26:43.100 | INFO     | core.bot:login_new_account:458 - Account: ha26a.a26akkjl80o@hotmail.com | Successfully logged in
2025-02-15 17:26:43.561 | SUCCESS  | core.bot:perform_farming_actions:560 - [32mAccount: ha26a.a26akkjl80o@hotmail.com | Sent keepalive request[0m
2025-02-15 17:26:46.586 | INFO     | core.bot:perform_farming_actions:565 - [32mAccount: k84dw.84dwbhgll_syj@hotmail.com | Total points earned: 21710[0m
2025-02-15 17:26:46.590 | INFO     | database.models.accounts:set_sleep_until:70 - Account: k84dw.84dwbhgll_syj@hotmail.com | Set new sleep_until: 2025-02-15 10:29:46.588669+00:00
2025-02-15 17:26:46.592 | INFO     | __main__:run_module_safe:30 - Account: x011da.011dadgivy3kr3@hotmail.com | Initial farming delay: 4 sec
2025-02-15 17:26:50.601 | INFO     | core.bot:login_new_account:454 - Account: x011da.011dadgivy3kr3@hotmail.com | Logging in...
2025-02-15 17:26:51.184 | INFO     | core.bot:perform_farming_actions:565 - [32mAccount: xgf5n.gf5n_2s11mr@hotmail.com | Total points earned: 23996[0m
2025-02-15 17:26:51.187 | INFO     | database.models.accounts:set_sleep_until:70 - Account: xgf5n.gf5n_2s11mr@hotmail.com | Set new sleep_until: 2025-02-15 10:29:51.186278+00:00
2025-02-15 17:26:51.190 | INFO     | __main__:run_module_safe:30 - Account: F5h94y.5h94ypjt5ctv_ke@hotmail.com | Initial farming delay: 3 sec
2025-02-15 17:26:53.625 | INFO     | core.bot:perform_farming_actions:565 - [32mAccount: ha26a.a26akkjl80o@hotmail.com | Total points earned: 17877[0m
2025-02-15 17:26:53.628 | INFO     | database.models.accounts:set_sleep_until:70 - Account: ha26a.a26akkjl80o@hotmail.com | Set new sleep_until: 2025-02-15 10:29:53.627004+00:00
2025-02-15 17:26:53.631 | INFO     | __main__:run_module_safe:30 - Account: ptektekl_5lacvoh5b@hotmail.com | Initial farming delay: 2 sec
2025-02-15 17:26:54.195 | INFO     | core.bot:login_new_account:454 - Account: F5h94y.5h94ypjt5ctv_ke@hotmail.com | Logging in...
2025-02-15 17:26:55.647 | INFO     | core.bot:login_new_account:454 - Account: ptektekl_5lacvoh5b@hotmail.com | Logging in...
2025-02-15 17:26:59.109 | INFO     | core.bot:get_captcha_data:26 - Account: x011da.011dadgivy3kr3@hotmail.com | Got puzzle image, solving...
2025-02-15 17:27:02.413 | INFO     | core.bot:get_captcha_data:26 - Account: F5h94y.5h94ypjt5ctv_ke@hotmail.com | Got puzzle image, solving...
2025-02-15 17:27:03.116 | SUCCESS  | core.bot:get_captcha_data:32 - Account: F5h94y.5h94ypjt5ctv_ke@hotmail.com | Puzzle solved: JNAHQ4
2025-02-15 17:27:03.793 | SUCCESS  | core.bot:get_captcha_data:32 - Account: x011da.011dadgivy3kr3@hotmail.com | Puzzle solved: QV1521
2025-02-15 17:27:07.703 | INFO     | core.bot:login_new_account:458 - Account: x011da.011dadgivy3kr3@hotmail.com | Successfully logged in
2025-02-15 17:27:08.265 | SUCCESS  | core.bot:perform_farming_actions:560 - [32mAccount: x011da.011dadgivy3kr3@hotmail.com | Sent keepalive request[0m
2025-02-15 17:27:08.948 | WARNING  | core.bot:login_new_account:484 - Account: F5h94y.5h94ypjt5ctv_ke@hotmail.com | Captcha expired, re-solving...
2025-02-15 17:27:08.950 | INFO     | core.bot:login_new_account:454 - Account: F5h94y.5h94ypjt5ctv_ke@hotmail.com | Logging in...
2025-02-15 17:27:10.998 | INFO     | core.bot:get_captcha_data:26 - Account: F5h94y.5h94ypjt5ctv_ke@hotmail.com | Got puzzle image, solving...
2025-02-15 17:27:15.408 | SUCCESS  | core.bot:get_captcha_data:32 - Account: F5h94y.5h94ypjt5ctv_ke@hotmail.com | Puzzle solved: 4W5RAH
2025-02-15 17:27:16.769 | INFO     | core.bot:get_captcha_data:26 - Account: ptektekl_5lacvoh5b@hotmail.com | Got puzzle image, solving...
2025-02-15 17:27:17.344 | INFO     | core.bot:login_new_account:458 - Account: F5h94y.5h94ypjt5ctv_ke@hotmail.com | Successfully logged in
2025-02-15 17:27:17.478 | SUCCESS  | core.bot:get_captcha_data:32 - Account: ptektekl_5lacvoh5b@hotmail.com | Puzzle solved: D4NBQ=
2025-02-15 17:27:18.342 | INFO     | core.bot:perform_farming_actions:565 - [32mAccount: x011da.011dadgivy3kr3@hotmail.com | Total points earned: 23014[0m
2025-02-15 17:27:18.345 | INFO     | database.models.accounts:set_sleep_until:70 - Account: x011da.011dadgivy3kr3@hotmail.com | Set new sleep_until: 2025-02-15 10:30:18.343795+00:00
2025-02-15 17:27:18.348 | INFO     | __main__:run_module_safe:30 - Account: qcnn8u.cnn8u_r4eobm@hotmail.com | Initial farming delay: 4 sec
2025-02-15 17:27:22.358 | INFO     | core.bot:login_new_account:454 - Account: qcnn8u.cnn8u_r4eobm@hotmail.com | Logging in...
2025-02-15 17:27:24.108 | SUCCESS  | core.bot:perform_farming_actions:560 - [32mAccount: F5h94y.5h94ypjt5ctv_ke@hotmail.com | Sent keepalive request[0m
2025-02-15 17:27:38.937 | INFO     | core.bot:perform_farming_actions:565 - [32mAccount: F5h94y.5h94ypjt5ctv_ke@hotmail.com | Total points earned: 17301[0m
2025-02-15 17:27:38.941 | INFO     | database.models.accounts:set_sleep_until:70 - Account: F5h94y.5h94ypjt5ctv_ke@hotmail.com | Set new sleep_until: 2025-02-15 10:30:38.939400+00:00
2025-02-15 17:27:38.943 | INFO     | __main__:run_module_safe:30 - Account: uz41r.z41rp24952z@hotmail.com | Initial farming delay: 4 sec
2025-02-15 17:27:42.952 | INFO     | core.bot:login_new_account:454 - Account: uz41r.z41rp24952z@hotmail.com | Logging in...
2025-02-15 17:27:44.813 | INFO     | core.bot:get_captcha_data:26 - Account: uz41r.z41rp24952z@hotmail.com | Got puzzle image, solving...
2025-02-15 17:27:46.166 | SUCCESS  | core.bot:get_captcha_data:32 - Account: uz41r.z41rp24952z@hotmail.com | Puzzle solved: 5BJ@@6
2025-02-15 17:27:48.446 | INFO     | core.bot:login_new_account:458 - Account: uz41r.z41rp24952z@hotmail.com | Successfully logged in
2025-02-15 17:27:50.095 | SUCCESS  | core.bot:perform_farming_actions:560 - [32mAccount: uz41r.z41rp24952z@hotmail.com | Sent keepalive request[0m
2025-02-15 17:27:52.636 | INFO     | core.bot:login_new_account:458 - Account: ptektekl_5lacvoh5b@hotmail.com | Successfully logged in
2025-02-15 17:27:58.720 | SUCCESS  | core.bot:perform_farming_actions:560 - [32mAccount: ptektekl_5lacvoh5b@hotmail.com | Sent keepalive request[0m
2025-02-15 17:27:59.166 | INFO     | core.bot:get_captcha_data:26 - Account: qcnn8u.cnn8u_r4eobm@hotmail.com | Got puzzle image, solving...
2025-02-15 17:28:00.458 | SUCCESS  | core.bot:get_captcha_data:32 - Account: qcnn8u.cnn8u_r4eobm@hotmail.com | Puzzle solved: $#5Q@$
2025-02-15 17:28:01.756 | INFO     | core.bot:perform_farming_actions:565 - [32mAccount: uz41r.z41rp24952z@hotmail.com | Total points earned: 23574[0m
2025-02-15 17:28:01.760 | INFO     | database.models.accounts:set_sleep_until:70 - Account: uz41r.z41rp24952z@hotmail.com | Set new sleep_until: 2025-02-15 10:31:01.758460+00:00
2025-02-15 17:28:01.762 | INFO     | __main__:run_module_safe:30 - Account: sytwa.ytwahxk1mb1f@hotmail.com | Initial farming delay: 2 sec
2025-02-15 17:28:02.828 | INFO     | core.bot:login_new_account:458 - Account: qcnn8u.cnn8u_r4eobm@hotmail.com | Successfully logged in
2025-02-15 17:28:03.772 | INFO     | core.bot:login_new_account:454 - Account: sytwa.ytwahxk1mb1f@hotmail.com | Logging in...
2025-02-15 17:28:07.109 | SUCCESS  | core.bot:perform_farming_actions:560 - [32mAccount: qcnn8u.cnn8u_r4eobm@hotmail.com | Sent keepalive request[0m
2025-02-15 17:28:14.639 | INFO     | core.bot:perform_farming_actions:565 - [32mAccount: qcnn8u.cnn8u_r4eobm@hotmail.com | Total points earned: 17830[0m
2025-02-15 17:28:14.643 | INFO     | database.models.accounts:set_sleep_until:70 - Account: qcnn8u.cnn8u_r4eobm@hotmail.com | Set new sleep_until: 2025-02-15 10:31:14.641312+00:00
2025-02-15 17:28:14.645 | INFO     | __main__:run_module_safe:30 - Account: R31a4s.31a4sbtfn8l@hotmail.com | Initial farming delay: 5 sec
2025-02-15 17:28:19.662 | INFO     | core.bot:login_new_account:454 - Account: R31a4s.31a4sbtfn8l@hotmail.com | Logging in...
2025-02-15 17:28:28.358 | INFO     | core.bot:get_captcha_data:26 - Account: R31a4s.31a4sbtfn8l@hotmail.com | Got puzzle image, solving...
2025-02-15 17:28:31.852 | SUCCESS  | core.bot:get_captcha_data:32 - Account: R31a4s.31a4sbtfn8l@hotmail.com | Puzzle solved: SQ&TA=
2025-02-15 17:28:32.973 | INFO     | core.bot:perform_farming_actions:565 - [32mAccount: ptektekl_5lacvoh5b@hotmail.com | Total points earned: 21412[0m
2025-02-15 17:28:32.977 | INFO     | database.models.accounts:set_sleep_until:70 - Account: ptektekl_5lacvoh5b@hotmail.com | Set new sleep_until: 2025-02-15 10:31:32.975291+00:00
2025-02-15 17:28:32.979 | INFO     | __main__:run_module_safe:30 - Account: olb8.lb86hhmiczpb44sv60@hotmail.com | Initial farming delay: 2 sec
2025-02-15 17:28:34.210 | INFO     | core.bot:login_new_account:458 - Account: R31a4s.31a4sbtfn8l@hotmail.com | Successfully logged in
2025-02-15 17:28:34.987 | INFO     | core.bot:login_new_account:454 - Account: olb8.lb86hhmiczpb44sv60@hotmail.com | Logging in...
2025-02-15 17:28:36.215 | SUCCESS  | core.bot:perform_farming_actions:560 - [32mAccount: R31a4s.31a4sbtfn8l@hotmail.com | Sent keepalive request[0m
2025-02-15 17:28:43.933 | INFO     | core.bot:get_captcha_data:26 - Account: olb8.lb86hhmiczpb44sv60@hotmail.com | Got puzzle image, solving...
2025-02-15 17:28:45.847 | INFO     | core.bot:perform_farming_actions:565 - [32mAccount: R31a4s.31a4sbtfn8l@hotmail.com | Total points earned: 18985[0m
2025-02-15 17:28:45.851 | INFO     | database.models.accounts:set_sleep_until:70 - Account: R31a4s.31a4sbtfn8l@hotmail.com | Set new sleep_until: 2025-02-15 10:31:45.849471+00:00
2025-02-15 17:28:45.853 | INFO     | __main__:run_module_safe:30 - Account: yl6_ael6_aejrxwgf@hotmail.com | Initial farming delay: 2 sec
2025-02-15 17:28:47.860 | INFO     | core.bot:login_new_account:454 - Account: yl6_ael6_aejrxwgf@hotmail.com | Logging in...
2025-02-15 17:28:51.871 | ERROR    | core.bot:get_captcha_data:62 - Account: sytwa.ytwahxk1mb1f@hotmail.com | Error occurred while solving captcha (image): Failed to send request after 3 attempts: Failed to perform, curl: (28) Failed to connect to 45.93.214.34 port 8000 after 14042 ms: Couldn't connect to server. See https://curl.se/libcurl/c/libcurl-errors.html first for more details. | Retrying...
2025-02-15 17:28:55.052 | SUCCESS  | core.bot:get_captcha_data:32 - Account: olb8.lb86hhmiczpb44sv60@hotmail.com | Puzzle solved: RVE#VQ
2025-02-15 17:28:55.286 | INFO     | core.bot:get_captcha_data:26 - Account: sytwa.ytwahxk1mb1f@hotmail.com | Got puzzle image, solving...
2025-02-15 17:28:55.904 | SUCCESS  | core.bot:get_captcha_data:32 - Account: sytwa.ytwahxk1mb1f@hotmail.com | Puzzle solved: &#$21X
2025-02-15 17:28:57.156 | INFO     | core.bot:login_new_account:458 - Account: olb8.lb86hhmiczpb44sv60@hotmail.com | Successfully logged in
2025-02-15 17:28:58.066 | INFO     | core.bot:login_new_account:458 - Account: sytwa.ytwahxk1mb1f@hotmail.com | Successfully logged in
2025-02-15 17:28:58.919 | SUCCESS  | core.bot:perform_farming_actions:560 - [32mAccount: olb8.lb86hhmiczpb44sv60@hotmail.com | Sent keepalive request[0m
2025-02-15 17:28:59.782 | SUCCESS  | core.bot:perform_farming_actions:560 - [32mAccount: sytwa.ytwahxk1mb1f@hotmail.com | Sent keepalive request[0m
2025-02-15 17:29:05.555 | INFO     | core.bot:perform_farming_actions:565 - [32mAccount: sytwa.ytwahxk1mb1f@hotmail.com | Total points earned: 22035[0m
2025-02-15 17:29:05.559 | INFO     | database.models.accounts:set_sleep_until:70 - Account: sytwa.ytwahxk1mb1f@hotmail.com | Set new sleep_until: 2025-02-15 10:32:05.557440+00:00
2025-02-15 17:29:05.561 | INFO     | __main__:run_module_safe:30 - Account: Nuhnuhnilv7ibmjh@hotmail.com | Initial farming delay: 3 sec
2025-02-15 17:29:08.572 | INFO     | core.bot:login_new_account:454 - Account: Nuhnuhnilv7ibmjh@hotmail.com | Logging in...
2025-02-15 17:29:09.327 | INFO     | core.bot:get_captcha_data:26 - Account: yl6_ael6_aejrxwgf@hotmail.com | Got puzzle image, solving...
2025-02-15 17:29:11.439 | INFO     | core.bot:perform_farming_actions:565 - [32mAccount: olb8.lb86hhmiczpb44sv60@hotmail.com | Total points earned: 22035[0m
2025-02-15 17:29:11.443 | INFO     | database.models.accounts:set_sleep_until:70 - Account: olb8.lb86hhmiczpb44sv60@hotmail.com | Set new sleep_until: 2025-02-15 10:32:11.441666+00:00
2025-02-15 17:29:11.445 | INFO     | __main__:run_module_safe:30 - Account: p3whym3whym1sh1n@hotmail.com | Initial farming delay: 4 sec
2025-02-15 17:29:12.590 | INFO     | core.bot:get_captcha_data:26 - Account: Nuhnuhnilv7ibmjh@hotmail.com | Got puzzle image, solving...
2025-02-15 17:29:13.322 | SUCCESS  | core.bot:get_captcha_data:32 - Account: Nuhnuhnilv7ibmjh@hotmail.com | Puzzle solved: RDJ#FK
2025-02-15 17:29:14.238 | SUCCESS  | core.bot:get_captcha_data:32 - Account: yl6_ael6_aejrxwgf@hotmail.com | Puzzle solved: EPYS&S
2025-02-15 17:29:15.462 | INFO     | core.bot:login_new_account:454 - Account: p3whym3whym1sh1n@hotmail.com | Logging in...
2025-02-15 17:29:15.880 | INFO     | core.bot:login_new_account:458 - Account: Nuhnuhnilv7ibmjh@hotmail.com | Successfully logged in
2025-02-15 17:29:16.449 | SUCCESS  | core.bot:perform_farming_actions:560 - [32mAccount: Nuhnuhnilv7ibmjh@hotmail.com | Sent keepalive request[0m
2025-02-15 17:29:16.678 | INFO     | core.bot:login_new_account:458 - Account: yl6_ael6_aejrxwgf@hotmail.com | Successfully logged in
2025-02-15 17:29:24.710 | INFO     | core.bot:get_captcha_data:26 - Account: p3whym3whym1sh1n@hotmail.com | Got puzzle image, solving...
2025-02-15 17:29:24.862 | SUCCESS  | core.bot:perform_farming_actions:560 - [32mAccount: yl6_ael6_aejrxwgf@hotmail.com | Sent keepalive request[0m
2025-02-15 17:29:27.875 | INFO     | core.bot:perform_farming_actions:565 - [32mAccount: Nuhnuhnilv7ibmjh@hotmail.com | Total points earned: 21798[0m
2025-02-15 17:29:27.879 | INFO     | database.models.accounts:set_sleep_until:70 - Account: Nuhnuhnilv7ibmjh@hotmail.com | Set new sleep_until: 2025-02-15 10:32:27.877248+00:00
2025-02-15 17:29:27.881 | INFO     | __main__:run_module_safe:30 - Account: o3uvc_.3uvc__isy4z2ad5@hotmail.com | Initial farming delay: 5 sec
2025-02-15 17:29:28.961 | SUCCESS  | core.bot:get_captcha_data:32 - Account: p3whym3whym1sh1n@hotmail.com | Puzzle solved: 43JPP6
2025-02-15 17:29:31.288 | INFO     | core.bot:login_new_account:458 - Account: p3whym3whym1sh1n@hotmail.com | Successfully logged in
2025-02-15 17:29:32.000 | SUCCESS  | core.bot:perform_farming_actions:560 - [32mAccount: p3whym3whym1sh1n@hotmail.com | Sent keepalive request[0m
2025-02-15 17:29:32.894 | INFO     | core.bot:login_new_account:454 - Account: o3uvc_.3uvc__isy4z2ad5@hotmail.com | Logging in...
2025-02-15 17:29:39.278 | INFO     | core.bot:perform_farming_actions:565 - [32mAccount: yl6_ael6_aejrxwgf@hotmail.com | Total points earned: 22705[0m
2025-02-15 17:29:39.282 | INFO     | database.models.accounts:set_sleep_until:70 - Account: yl6_ael6_aejrxwgf@hotmail.com | Set new sleep_until: 2025-02-15 10:32:39.280345+00:00
2025-02-15 17:29:39.284 | INFO     | __main__:run_module_safe:30 - Account: Cuyc1.uyc1edg24dn@hotmail.com | Initial farming delay: 5 sec
2025-02-15 17:29:44.301 | INFO     | core.bot:login_new_account:454 - Account: Cuyc1.uyc1edg24dn@hotmail.com | Logging in...
2025-02-15 17:29:45.173 | INFO     | core.bot:perform_farming_actions:565 - [32mAccount: p3whym3whym1sh1n@hotmail.com | Total points earned: 21009[0m
2025-02-15 17:29:45.177 | INFO     | database.models.accounts:set_sleep_until:70 - Account: p3whym3whym1sh1n@hotmail.com | Set new sleep_until: 2025-02-15 10:32:45.175634+00:00
2025-02-15 17:29:45.179 | INFO     | __main__:run_module_safe:30 - Account: os9z3.s9z3v2k9ke6si@hotmail.com | Initial farming delay: 5 sec
2025-02-15 17:29:46.048 | INFO     | core.bot:get_captcha_data:26 - Account: Cuyc1.uyc1edg24dn@hotmail.com | Got puzzle image, solving...
2025-02-15 17:29:50.191 | INFO     | core.bot:login_new_account:454 - Account: os9z3.s9z3v2k9ke6si@hotmail.com | Logging in...
2025-02-15 17:29:53.980 | SUCCESS  | core.bot:get_captcha_data:32 - Account: Cuyc1.uyc1edg24dn@hotmail.com | Puzzle solved: EQ1R5R
2025-02-15 17:29:55.181 | WARNING  | core.bot:login_new_account:466 - Account: Cuyc1.uyc1edg24dn@hotmail.com | Captcha answer incorrect, re-solving...
2025-02-15 17:29:55.516 | INFO     | core.bot:login_new_account:454 - Account: Cuyc1.uyc1edg24dn@hotmail.com | Logging in...
2025-02-15 17:29:57.033 | INFO     | core.bot:get_captcha_data:26 - Account: Cuyc1.uyc1edg24dn@hotmail.com | Got puzzle image, solving...
2025-02-15 17:29:57.747 | SUCCESS  | core.bot:get_captcha_data:32 - Account: Cuyc1.uyc1edg24dn@hotmail.com | Puzzle solved: 2BEHDB
2025-02-15 17:29:59.771 | INFO     | core.bot:login_new_account:458 - Account: Cuyc1.uyc1edg24dn@hotmail.com | Successfully logged in
2025-02-15 17:30:08.598 | SUCCESS  | core.bot:perform_farming_actions:560 - [32mAccount: Cuyc1.uyc1edg24dn@hotmail.com | Sent keepalive request[0m
2025-02-15 17:30:17.965 | INFO     | core.bot:perform_farming_actions:565 - [32mAccount: Cuyc1.uyc1edg24dn@hotmail.com | Total points earned: 17995[0m
2025-02-15 17:30:17.969 | INFO     | database.models.accounts:set_sleep_until:70 - Account: Cuyc1.uyc1edg24dn@hotmail.com | Set new sleep_until: 2025-02-15 10:33:17.967421+00:00
2025-02-15 17:30:17.971 | INFO     | __main__:run_module_safe:30 - Account: K9_gr9_gr4kksomsx@hotmail.com | Initial farming delay: 5 sec
2025-02-15 17:30:20.988 | ERROR    | core.bot:get_captcha_data:62 - Account: o3uvc_.3uvc__isy4z2ad5@hotmail.com | Error occurred while solving captcha (image): Failed to send request after 3 attempts: Failed to perform, curl: (28) Failed to connect to 168.81.42.205 port 8000 after 14023 ms: Couldn't connect to server. See https://curl.se/libcurl/c/libcurl-errors.html first for more details. | Retrying...
2025-02-15 17:30:22.770 | INFO     | core.bot:get_captcha_data:26 - Account: o3uvc_.3uvc__isy4z2ad5@hotmail.com | Got puzzle image, solving...
2025-02-15 17:30:22.975 | INFO     | core.bot:login_new_account:454 - Account: K9_gr9_gr4kksomsx@hotmail.com | Logging in...
2025-02-15 17:30:23.803 | SUCCESS  | core.bot:get_captcha_data:32 - Account: o3uvc_.3uvc__isy4z2ad5@hotmail.com | Puzzle solved: #5@FMR
2025-02-15 17:30:26.222 | INFO     | core.bot:login_new_account:458 - Account: o3uvc_.3uvc__isy4z2ad5@hotmail.com | Successfully logged in
2025-02-15 17:30:27.705 | SUCCESS  | core.bot:perform_farming_actions:560 - [32mAccount: o3uvc_.3uvc__isy4z2ad5@hotmail.com | Sent keepalive request[0m
2025-02-15 17:30:36.912 | INFO     | core.bot:perform_farming_actions:565 - [32mAccount: o3uvc_.3uvc__isy4z2ad5@hotmail.com | Total points earned: 23126[0m
2025-02-15 17:30:36.916 | INFO     | database.models.accounts:set_sleep_until:70 - Account: o3uvc_.3uvc__isy4z2ad5@hotmail.com | Set new sleep_until: 2025-02-15 10:33:36.914764+00:00
2025-02-15 17:30:36.918 | INFO     | __main__:run_module_safe:30 - Account: Gvq3u.vq3urrj6rbk@hotmail.com | Initial farming delay: 3 sec
2025-02-15 17:30:38.311 | ERROR    | core.bot:get_captcha_data:62 - Account: os9z3.s9z3v2k9ke6si@hotmail.com | Error occurred while solving captcha (image): Failed to send request after 3 attempts: Failed to perform, curl: (28) Failed to connect to 45.93.213.211 port 8000 after 14016 ms: Couldn't connect to server. See https://curl.se/libcurl/c/libcurl-errors.html first for more details. | Retrying...
2025-02-15 17:30:39.922 | INFO     | core.bot:login_new_account:454 - Account: Gvq3u.vq3urrj6rbk@hotmail.com | Logging in...
2025-02-15 17:30:40.643 | INFO     | core.bot:get_captcha_data:26 - Account: os9z3.s9z3v2k9ke6si@hotmail.com | Got puzzle image, solving...
2025-02-15 17:30:41.832 | INFO     | core.bot:get_captcha_data:26 - Account: K9_gr9_gr4kksomsx@hotmail.com | Got puzzle image, solving...
2025-02-15 17:30:42.903 | INFO     | core.bot:get_captcha_data:26 - Account: Gvq3u.vq3urrj6rbk@hotmail.com | Got puzzle image, solving...
2025-02-15 17:30:43.612 | SUCCESS  | core.bot:get_captcha_data:32 - Account: Gvq3u.vq3urrj6rbk@hotmail.com | Puzzle solved: $JEB3A
2025-02-15 17:30:46.147 | SUCCESS  | core.bot:get_captcha_data:32 - Account: os9z3.s9z3v2k9ke6si@hotmail.com | Puzzle solved: VSB5GN
2025-02-15 17:30:46.346 | SUCCESS  | core.bot:get_captcha_data:32 - Account: K9_gr9_gr4kksomsx@hotmail.com | Puzzle solved: 5FVP1C
2025-02-15 17:30:46.351 | INFO     | core.bot:login_new_account:458 - Account: Gvq3u.vq3urrj6rbk@hotmail.com | Successfully logged in
2025-02-15 17:30:48.338 | INFO     | core.bot:login_new_account:458 - Account: K9_gr9_gr4kksomsx@hotmail.com | Successfully logged in
2025-02-15 17:30:48.406 | INFO     | core.bot:login_new_account:458 - Account: os9z3.s9z3v2k9ke6si@hotmail.com | Successfully logged in
2025-02-15 17:30:53.888 | SUCCESS  | core.bot:perform_farming_actions:560 - [32mAccount: Gvq3u.vq3urrj6rbk@hotmail.com | Sent keepalive request[0m
2025-02-15 17:30:54.686 | SUCCESS  | core.bot:perform_farming_actions:560 - [32mAccount: os9z3.s9z3v2k9ke6si@hotmail.com | Sent keepalive request[0m
2025-02-15 17:30:55.923 | SUCCESS  | core.bot:perform_farming_actions:560 - [32mAccount: K9_gr9_gr4kksomsx@hotmail.com | Sent keepalive request[0m
2025-02-15 17:31:04.091 | INFO     | core.bot:perform_farming_actions:565 - [32mAccount: Gvq3u.vq3urrj6rbk@hotmail.com | Total points earned: 18072[0m
2025-02-15 17:31:04.094 | INFO     | database.models.accounts:set_sleep_until:70 - Account: Gvq3u.vq3urrj6rbk@hotmail.com | Set new sleep_until: 2025-02-15 10:34:04.093120+00:00
2025-02-15 17:31:04.097 | INFO     | __main__:run_module_safe:30 - Account: c0w886.0w8864fk8d@hotmail.com | Initial farming delay: 5 sec
2025-02-15 17:31:05.004 | INFO     | core.bot:perform_farming_actions:565 - [32mAccount: K9_gr9_gr4kksomsx@hotmail.com | Total points earned: 18072[0m
2025-02-15 17:31:05.007 | INFO     | database.models.accounts:set_sleep_until:70 - Account: K9_gr9_gr4kksomsx@hotmail.com | Set new sleep_until: 2025-02-15 10:34:05.006048+00:00
2025-02-15 17:31:05.010 | INFO     | __main__:run_module_safe:30 - Account: Chy2.hy2e0vpuevxa@hotmail.com | Initial farming delay: 4 sec
2025-02-15 17:31:09.013 | INFO     | core.bot:login_new_account:454 - Account: Chy2.hy2e0vpuevxa@hotmail.com | Logging in...
2025-02-15 17:31:09.105 | INFO     | core.bot:login_new_account:454 - Account: c0w886.0w8864fk8d@hotmail.com | Logging in...
2025-02-15 17:31:10.765 | INFO     | core.bot:perform_farming_actions:565 - [32mAccount: os9z3.s9z3v2k9ke6si@hotmail.com | Total points earned: 18072[0m
2025-02-15 17:31:10.768 | INFO     | database.models.accounts:set_sleep_until:70 - Account: os9z3.s9z3v2k9ke6si@hotmail.com | Set new sleep_until: 2025-02-15 10:34:10.767132+00:00
2025-02-15 17:31:10.771 | INFO     | __main__:run_module_safe:30 - Account: pzxl.zxl_yrtmeybg@hotmail.com | Initial farming delay: 2 sec
2025-02-15 17:31:12.776 | INFO     | core.bot:login_new_account:454 - Account: pzxl.zxl_yrtmeybg@hotmail.com | Logging in...
2025-02-15 17:31:13.759 | INFO     | core.bot:get_captcha_data:26 - Account: Chy2.hy2e0vpuevxa@hotmail.com | Got puzzle image, solving...
2025-02-15 17:31:24.259 | SUCCESS  | core.bot:get_captcha_data:32 - Account: Chy2.hy2e0vpuevxa@hotmail.com | Puzzle solved: Q#YC8T
2025-02-15 17:31:26.352 | INFO     | core.bot:login_new_account:458 - Account: Chy2.hy2e0vpuevxa@hotmail.com | Successfully logged in
2025-02-15 17:31:26.864 | SUCCESS  | core.bot:perform_farming_actions:560 - [32mAccount: Chy2.hy2e0vpuevxa@hotmail.com | Sent keepalive request[0m
2025-02-15 17:31:30.290 | INFO     | core.bot:get_captcha_data:26 - Account: c0w886.0w8864fk8d@hotmail.com | Got puzzle image, solving...
2025-02-15 17:31:34.444 | SUCCESS  | core.bot:get_captcha_data:32 - Account: c0w886.0w8864fk8d@hotmail.com | Puzzle solved: MP&CC1
2025-02-15 17:31:34.789 | INFO     | core.bot:get_captcha_data:26 - Account: pzxl.zxl_yrtmeybg@hotmail.com | Got puzzle image, solving...
2025-02-15 17:31:35.400 | SUCCESS  | core.bot:get_captcha_data:32 - Account: pzxl.zxl_yrtmeybg@hotmail.com | Puzzle solved: VH=X@$
2025-02-15 17:31:36.510 | INFO     | core.bot:login_new_account:458 - Account: c0w886.0w8864fk8d@hotmail.com | Successfully logged in
2025-02-15 17:31:37.578 | INFO     | core.bot:login_new_account:458 - Account: pzxl.zxl_yrtmeybg@hotmail.com | Successfully logged in
2025-02-15 17:31:38.331 | SUCCESS  | core.bot:perform_farming_actions:560 - [32mAccount: pzxl.zxl_yrtmeybg@hotmail.com | Sent keepalive request[0m
2025-02-15 17:31:38.706 | SUCCESS  | core.bot:perform_farming_actions:560 - [32mAccount: c0w886.0w8864fk8d@hotmail.com | Sent keepalive request[0m
2025-02-15 17:31:42.143 | INFO     | core.bot:perform_farming_actions:565 - [32mAccount: Chy2.hy2e0vpuevxa@hotmail.com | Total points earned: 18181[0m
2025-02-15 17:31:42.147 | INFO     | database.models.accounts:set_sleep_until:70 - Account: Chy2.hy2e0vpuevxa@hotmail.com | Set new sleep_until: 2025-02-15 10:34:42.145583+00:00
2025-02-15 17:31:42.149 | INFO     | __main__:run_module_safe:30 - Account: fqmdio.qmdio37osr@hotmail.com | Initial farming delay: 2 sec
2025-02-15 17:31:44.152 | INFO     | core.bot:login_new_account:454 - Account: fqmdio.qmdio37osr@hotmail.com | Logging in...
2025-02-15 17:31:44.243 | INFO     | core.bot:perform_farming_actions:565 - [32mAccount: pzxl.zxl_yrtmeybg@hotmail.com | Total points earned: 23504[0m
2025-02-15 17:31:44.247 | INFO     | database.models.accounts:set_sleep_until:70 - Account: pzxl.zxl_yrtmeybg@hotmail.com | Set new sleep_until: 2025-02-15 10:34:44.245375+00:00
2025-02-15 17:31:44.249 | INFO     | __main__:run_module_safe:30 - Account: v1rb61rb6fmk226a@hotmail.com | Initial farming delay: 2 sec
2025-02-15 17:31:46.262 | INFO     | core.bot:login_new_account:454 - Account: v1rb61rb6fmk226a@hotmail.com | Logging in...
2025-02-15 17:31:46.904 | INFO     | core.bot:get_captcha_data:26 - Account: fqmdio.qmdio37osr@hotmail.com | Got puzzle image, solving...
2025-02-15 17:31:48.196 | SUCCESS  | core.bot:get_captcha_data:32 - Account: fqmdio.qmdio37osr@hotmail.com | Puzzle solved: KN4KKS
2025-02-15 17:31:49.654 | INFO     | core.bot:perform_farming_actions:565 - [32mAccount: c0w886.0w8864fk8d@hotmail.com | Total points earned: 23504[0m
2025-02-15 17:31:49.658 | INFO     | database.models.accounts:set_sleep_until:70 - Account: c0w886.0w8864fk8d@hotmail.com | Set new sleep_until: 2025-02-15 10:34:49.656566+00:00
2025-02-15 17:31:49.660 | INFO     | __main__:run_module_safe:30 - Account: dae5ae57o1p2cy3m@hotmail.com | Initial farming delay: 3 sec
2025-02-15 17:31:50.165 | INFO     | core.bot:login_new_account:458 - Account: fqmdio.qmdio37osr@hotmail.com | Successfully logged in
2025-02-15 17:31:50.922 | SUCCESS  | core.bot:perform_farming_actions:560 - [32mAccount: fqmdio.qmdio37osr@hotmail.com | Sent keepalive request[0m
2025-02-15 17:31:52.668 | INFO     | core.bot:login_new_account:454 - Account: dae5ae57o1p2cy3m@hotmail.com | Logging in...
2025-02-15 17:32:02.197 | INFO     | core.bot:perform_farming_actions:565 - [32mAccount: fqmdio.qmdio37osr@hotmail.com | Total points earned: 24409[0m
2025-02-15 17:32:02.201 | INFO     | database.models.accounts:set_sleep_until:70 - Account: fqmdio.qmdio37osr@hotmail.com | Set new sleep_until: 2025-02-15 10:35:02.199706+00:00
2025-02-15 17:32:02.204 | INFO     | __main__:run_module_safe:30 - Account: Dkg_yu.kg_yutg9mmi4@hotmail.com | Initial farming delay: 2 sec
2025-02-15 17:32:04.216 | INFO     | core.bot:login_new_account:454 - Account: Dkg_yu.kg_yutg9mmi4@hotmail.com | Logging in...
2025-02-15 17:32:14.206 | INFO     | core.bot:get_captcha_data:26 - Account: dae5ae57o1p2cy3m@hotmail.com | Got puzzle image, solving...
2025-02-15 17:32:15.239 | SUCCESS  | core.bot:get_captcha_data:32 - Account: dae5ae57o1p2cy3m@hotmail.com | Puzzle solved: EH##&1
2025-02-15 17:32:17.322 | INFO     | core.bot:login_new_account:458 - Account: dae5ae57o1p2cy3m@hotmail.com | Successfully logged in
2025-02-15 17:32:19.774 | SUCCESS  | core.bot:perform_farming_actions:560 - [32mAccount: dae5ae57o1p2cy3m@hotmail.com | Sent keepalive request[0m
2025-02-15 17:32:22.337 | INFO     | core.bot:get_captcha_data:26 - Account: v1rb61rb6fmk226a@hotmail.com | Got puzzle image, solving...
2025-02-15 17:32:23.673 | SUCCESS  | core.bot:get_captcha_data:32 - Account: v1rb61rb6fmk226a@hotmail.com | Puzzle solved: M3MPQE
2025-02-15 17:32:25.897 | INFO     | core.bot:login_new_account:458 - Account: v1rb61rb6fmk226a@hotmail.com | Successfully logged in
2025-02-15 17:32:27.875 | SUCCESS  | core.bot:perform_farming_actions:560 - [32mAccount: v1rb61rb6fmk226a@hotmail.com | Sent keepalive request[0m
2025-02-15 17:32:30.211 | INFO     | core.bot:perform_farming_actions:565 - [32mAccount: dae5ae57o1p2cy3m@hotmail.com | Total points earned: 18999[0m
2025-02-15 17:32:30.215 | INFO     | database.models.accounts:set_sleep_until:70 - Account: dae5ae57o1p2cy3m@hotmail.com | Set new sleep_until: 2025-02-15 10:35:30.213795+00:00
2025-02-15 17:32:30.217 | INFO     | __main__:run_module_safe:30 - Account: N76e7w76e7w7jwhj@hotmail.com | Initial farming delay: 4 sec
2025-02-15 17:32:34.229 | INFO     | core.bot:login_new_account:454 - Account: N76e7w76e7w7jwhj@hotmail.com | Logging in...
2025-02-15 17:32:39.412 | INFO     | core.bot:perform_farming_actions:565 - [32mAccount: v1rb61rb6fmk226a@hotmail.com | Total points earned: 17202[0m
2025-02-15 17:32:39.416 | INFO     | database.models.accounts:set_sleep_until:70 - Account: v1rb61rb6fmk226a@hotmail.com | Set new sleep_until: 2025-02-15 10:35:39.414409+00:00
2025-02-15 17:32:39.418 | INFO     | __main__:run_module_safe:30 - Account: kpg_.pg_us0i7koua8bz@hotmail.com | Initial farming delay: 5 sec
2025-02-15 17:32:44.429 | INFO     | core.bot:login_new_account:454 - Account: kpg_.pg_us0i7koua8bz@hotmail.com | Logging in...
2025-02-15 17:32:51.453 | INFO     | core.bot:get_captcha_data:26 - Account: Dkg_yu.kg_yutg9mmi4@hotmail.com | Got puzzle image, solving...
2025-02-15 17:32:56.630 | SUCCESS  | core.bot:get_captcha_data:32 - Account: Dkg_yu.kg_yutg9mmi4@hotmail.com | Puzzle solved: 11@@BS
2025-02-15 17:32:58.743 | INFO     | core.bot:login_new_account:458 - Account: Dkg_yu.kg_yutg9mmi4@hotmail.com | Successfully logged in
2025-02-15 17:33:00.677 | INFO     | core.bot:get_captcha_data:26 - Account: N76e7w76e7w7jwhj@hotmail.com | Got puzzle image, solving...
2025-02-15 17:33:04.704 | SUCCESS  | core.bot:get_captcha_data:32 - Account: N76e7w76e7w7jwhj@hotmail.com | Puzzle solved: M6ATF3
2025-02-15 17:33:07.546 | INFO     | core.bot:login_new_account:458 - Account: N76e7w76e7w7jwhj@hotmail.com | Successfully logged in
2025-02-15 17:33:08.396 | SUCCESS  | core.bot:perform_farming_actions:560 - [32mAccount: N76e7w76e7w7jwhj@hotmail.com | Sent keepalive request[0m
2025-02-15 17:33:09.439 | INFO     | core.bot:get_captcha_data:26 - Account: kpg_.pg_us0i7koua8bz@hotmail.com | Got puzzle image, solving...
2025-02-15 17:33:12.827 | SUCCESS  | core.bot:perform_farming_actions:560 - [32mAccount: Dkg_yu.kg_yutg9mmi4@hotmail.com | Sent keepalive request[0m
2025-02-15 17:33:17.233 | INFO     | core.bot:perform_farming_actions:565 - [32mAccount: N76e7w76e7w7jwhj@hotmail.com | Total points earned: 19235[0m
2025-02-15 17:33:17.237 | INFO     | database.models.accounts:set_sleep_until:70 - Account: N76e7w76e7w7jwhj@hotmail.com | Set new sleep_until: 2025-02-15 10:36:17.235494+00:00
2025-02-15 17:33:17.239 | INFO     | __main__:run_module_safe:30 - Account: O24r60.24r60opddq@hotmail.com | Initial farming delay: 3 sec
2025-02-15 17:33:20.254 | INFO     | core.bot:login_new_account:454 - Account: O24r60.24r60opddq@hotmail.com | Logging in...
2025-02-15 17:33:22.694 | INFO     | core.bot:get_captcha_data:26 - Account: O24r60.24r60opddq@hotmail.com | Got puzzle image, solving...
2025-02-15 17:33:26.706 | SUCCESS  | core.bot:get_captcha_data:32 - Account: O24r60.24r60opddq@hotmail.com | Puzzle solved: JH6N#1
2025-02-15 17:33:27.894 | INFO     | core.bot:perform_farming_actions:565 - [32mAccount: Dkg_yu.kg_yutg9mmi4@hotmail.com | Total points earned: 19235[0m
2025-02-15 17:33:27.897 | INFO     | database.models.accounts:set_sleep_until:70 - Account: Dkg_yu.kg_yutg9mmi4@hotmail.com | Set new sleep_until: 2025-02-15 10:36:27.896154+00:00
2025-02-15 17:33:27.900 | INFO     | __main__:run_module_safe:30 - Account: qzgc.zgc73wbpg5zl@hotmail.com | Initial farming delay: 4 sec
2025-02-15 17:33:29.058 | INFO     | core.bot:login_new_account:458 - Account: O24r60.24r60opddq@hotmail.com | Successfully logged in
2025-02-15 17:33:31.910 | INFO     | core.bot:login_new_account:454 - Account: qzgc.zgc73wbpg5zl@hotmail.com | Logging in...
2025-02-15 17:33:34.371 | INFO     | core.bot:get_captcha_data:26 - Account: qzgc.zgc73wbpg5zl@hotmail.com | Got puzzle image, solving...
2025-02-15 17:33:37.050 | SUCCESS  | core.bot:perform_farming_actions:560 - [32mAccount: O24r60.24r60opddq@hotmail.com | Sent keepalive request[0m
2025-02-15 17:33:38.403 | SUCCESS  | core.bot:get_captcha_data:32 - Account: qzgc.zgc73wbpg5zl@hotmail.com | Puzzle solved: #$G45=
2025-02-15 17:33:40.529 | INFO     | core.bot:login_new_account:458 - Account: qzgc.zgc73wbpg5zl@hotmail.com | Successfully logged in
2025-02-15 17:33:41.088 | ERROR    | core.bot:get_captcha_data:40 - Account: kpg_.pg_us0i7koua8bz@hotmail.com | Failed to solve puzzle: AYVKR | Retrying...
2025-02-15 17:33:42.416 | SUCCESS  | core.bot:perform_farming_actions:560 - [32mAccount: qzgc.zgc73wbpg5zl@hotmail.com | Sent keepalive request[0m
2025-02-15 17:33:42.471 | INFO     | core.bot:get_captcha_data:26 - Account: kpg_.pg_us0i7koua8bz@hotmail.com | Got puzzle image, solving...
2025-02-15 17:33:43.174 | SUCCESS  | core.bot:get_captcha_data:32 - Account: kpg_.pg_us0i7koua8bz@hotmail.com | Puzzle solved: 3FG4VN
2025-02-15 17:33:45.153 | INFO     | core.bot:login_new_account:458 - Account: kpg_.pg_us0i7koua8bz@hotmail.com | Successfully logged in
2025-02-15 17:33:46.103 | INFO     | core.bot:perform_farming_actions:565 - [32mAccount: O24r60.24r60opddq@hotmail.com | Total points earned: 17874[0m
2025-02-15 17:33:46.106 | INFO     | database.models.accounts:set_sleep_until:70 - Account: O24r60.24r60opddq@hotmail.com | Set new sleep_until: 2025-02-15 10:36:46.105305+00:00
2025-02-15 17:33:46.109 | INFO     | __main__:run_module_safe:30 - Account: wlt3ky.lt3kydc4db@hotmail.com | Initial farming delay: 2 sec
2025-02-15 17:33:46.597 | SUCCESS  | core.bot:perform_farming_actions:560 - [32mAccount: kpg_.pg_us0i7koua8bz@hotmail.com | Sent keepalive request[0m
2025-02-15 17:33:48.113 | INFO     | core.bot:login_new_account:454 - Account: wlt3ky.lt3kydc4db@hotmail.com | Logging in...
2025-02-15 17:33:51.362 | INFO     | core.bot:perform_farming_actions:565 - [32mAccount: qzgc.zgc73wbpg5zl@hotmail.com | Total points earned: 17992[0m
2025-02-15 17:33:51.366 | INFO     | database.models.accounts:set_sleep_until:70 - Account: qzgc.zgc73wbpg5zl@hotmail.com | Set new sleep_until: 2025-02-15 10:36:51.364453+00:00
2025-02-15 17:33:51.368 | INFO     | __main__:run_module_safe:30 - Account: sg6alg6alximrsx1eno@hotmail.com | Initial farming delay: 3 sec
2025-02-15 17:33:54.385 | INFO     | core.bot:login_new_account:454 - Account: sg6alg6alximrsx1eno@hotmail.com | Logging in...
2025-02-15 17:33:55.843 | INFO     | core.bot:perform_farming_actions:565 - [32mAccount: kpg_.pg_us0i7koua8bz@hotmail.com | Total points earned: 23809[0m
2025-02-15 17:33:55.847 | INFO     | database.models.accounts:set_sleep_until:70 - Account: kpg_.pg_us0i7koua8bz@hotmail.com | Set new sleep_until: 2025-02-15 10:36:55.845463+00:00
2025-02-15 17:33:55.849 | INFO     | __main__:run_module_safe:30 - Account: Ycmse6.cmse6qzneu@hotmail.com | Initial farming delay: 2 sec
2025-02-15 17:33:57.857 | INFO     | core.bot:login_new_account:454 - Account: Ycmse6.cmse6qzneu@hotmail.com | Logging in...
2025-02-15 17:33:58.878 | INFO     | core.bot:get_captcha_data:26 - Account: sg6alg6alximrsx1eno@hotmail.com | Got puzzle image, solving...
2025-02-15 17:34:03.767 | SUCCESS  | core.bot:get_captcha_data:32 - Account: sg6alg6alximrsx1eno@hotmail.com | Puzzle solved: GXX=1@
2025-02-15 17:34:08.690 | WARNING  | core.bot:login_new_account:484 - Account: sg6alg6alximrsx1eno@hotmail.com | Captcha expired, re-solving...
2025-02-15 17:34:08.692 | INFO     | core.bot:login_new_account:454 - Account: sg6alg6alximrsx1eno@hotmail.com | Logging in...
2025-02-15 17:34:09.920 | INFO     | core.bot:get_captcha_data:26 - Account: sg6alg6alximrsx1eno@hotmail.com | Got puzzle image, solving...
2025-02-15 17:34:14.852 | SUCCESS  | core.bot:get_captcha_data:32 - Account: sg6alg6alximrsx1eno@hotmail.com | Puzzle solved: 5@SRQ5
2025-02-15 17:34:17.159 | INFO     | core.bot:login_new_account:458 - Account: sg6alg6alximrsx1eno@hotmail.com | Successfully logged in
2025-02-15 17:34:18.211 | INFO     | core.bot:get_captcha_data:26 - Account: Ycmse6.cmse6qzneu@hotmail.com | Got puzzle image, solving...
2025-02-15 17:34:18.914 | SUCCESS  | core.bot:get_captcha_data:32 - Account: Ycmse6.cmse6qzneu@hotmail.com | Puzzle solved: XSH4X1
2025-02-15 17:34:21.287 | INFO     | core.bot:login_new_account:458 - Account: Ycmse6.cmse6qzneu@hotmail.com | Successfully logged in
2025-02-15 17:34:23.252 | SUCCESS  | core.bot:perform_farming_actions:560 - [32mAccount: Ycmse6.cmse6qzneu@hotmail.com | Sent keepalive request[0m
2025-02-15 17:34:24.686 | SUCCESS  | core.bot:perform_farming_actions:560 - [32mAccount: sg6alg6alximrsx1eno@hotmail.com | Sent keepalive request[0m
2025-02-15 17:34:29.980 | INFO     | core.bot:get_captcha_data:26 - Account: wlt3ky.lt3kydc4db@hotmail.com | Got puzzle image, solving...
2025-02-15 17:34:32.210 | INFO     | core.bot:perform_farming_actions:565 - [32mAccount: sg6alg6alximrsx1eno@hotmail.com | Total points earned: 17959[0m
2025-02-15 17:34:32.214 | INFO     | database.models.accounts:set_sleep_until:70 - Account: sg6alg6alximrsx1eno@hotmail.com | Set new sleep_until: 2025-02-15 10:37:32.212203+00:00
2025-02-15 17:34:32.216 | INFO     | __main__:run_module_safe:30 - Account: vwstbnp7aje2lg2r@hotmail.com | Initial farming delay: 4 sec
2025-02-15 17:34:33.948 | INFO     | core.bot:perform_farming_actions:565 - [32mAccount: Ycmse6.cmse6qzneu@hotmail.com | Total points earned: 17959[0m
2025-02-15 17:34:33.952 | INFO     | database.models.accounts:set_sleep_until:70 - Account: Ycmse6.cmse6qzneu@hotmail.com | Set new sleep_until: 2025-02-15 10:37:33.950148+00:00
2025-02-15 17:34:33.954 | INFO     | __main__:run_module_safe:30 - Account: Sdymtd.dymtdru0nu@hotmail.com | Initial farming delay: 4 sec
2025-02-15 17:34:36.231 | INFO     | core.bot:login_new_account:454 - Account: vwstbnp7aje2lg2r@hotmail.com | Logging in...
2025-02-15 17:34:36.385 | SUCCESS  | core.bot:get_captcha_data:32 - Account: wlt3ky.lt3kydc4db@hotmail.com | Puzzle solved: 5&DH@K
2025-02-15 17:34:37.964 | INFO     | core.bot:login_new_account:454 - Account: Sdymtd.dymtdru0nu@hotmail.com | Logging in...
2025-02-15 17:34:38.233 | INFO     | core.bot:login_new_account:458 - Account: wlt3ky.lt3kydc4db@hotmail.com | Successfully logged in
2025-02-15 17:34:38.314 | INFO     | core.bot:get_captcha_data:26 - Account: vwstbnp7aje2lg2r@hotmail.com | Got puzzle image, solving...
2025-02-15 17:34:39.809 | INFO     | core.bot:get_captcha_data:26 - Account: Sdymtd.dymtdru0nu@hotmail.com | Got puzzle image, solving...
2025-02-15 17:34:39.844 | SUCCESS  | core.bot:perform_farming_actions:560 - [32mAccount: wlt3ky.lt3kydc4db@hotmail.com | Sent keepalive request[0m
2025-02-15 17:34:42.333 | SUCCESS  | core.bot:get_captcha_data:32 - Account: vwstbnp7aje2lg2r@hotmail.com | Puzzle solved: S3WRKF
2025-02-15 17:34:43.825 | SUCCESS  | core.bot:get_captcha_data:32 - Account: Sdymtd.dymtdru0nu@hotmail.com | Puzzle solved: =#=DH6
2025-02-15 17:34:44.159 | INFO     | core.bot:login_new_account:458 - Account: vwstbnp7aje2lg2r@hotmail.com | Successfully logged in
2025-02-15 17:34:46.187 | INFO     | core.bot:login_new_account:458 - Account: Sdymtd.dymtdru0nu@hotmail.com | Successfully logged in
2025-02-15 17:34:48.163 | INFO     | core.bot:perform_farming_actions:565 - [32mAccount: wlt3ky.lt3kydc4db@hotmail.com | Total points earned: 17551[0m
2025-02-15 17:34:48.167 | INFO     | database.models.accounts:set_sleep_until:70 - Account: wlt3ky.lt3kydc4db@hotmail.com | Set new sleep_until: 2025-02-15 10:37:48.165418+00:00
2025-02-15 17:34:48.169 | INFO     | __main__:run_module_safe:30 - Account: Eyr_hyr_htoskmhur2j5@hotmail.com | Initial farming delay: 5 sec
2025-02-15 17:34:52.356 | SUCCESS  | core.bot:perform_farming_actions:560 - [32mAccount: Sdymtd.dymtdru0nu@hotmail.com | Sent keepalive request[0m
2025-02-15 17:34:52.559 | SUCCESS  | core.bot:perform_farming_actions:560 - [32mAccount: vwstbnp7aje2lg2r@hotmail.com | Sent keepalive request[0m
2025-02-15 17:34:53.180 | INFO     | core.bot:login_new_account:454 - Account: Eyr_hyr_htoskmhur2j5@hotmail.com | Logging in...
2025-02-15 17:34:57.370 | INFO     | core.bot:get_captcha_data:26 - Account: Eyr_hyr_htoskmhur2j5@hotmail.com | Got puzzle image, solving...
2025-02-15 17:35:01.408 | INFO     | core.bot:perform_farming_actions:565 - [32mAccount: Sdymtd.dymtdru0nu@hotmail.com | Total points earned: 16855[0m
2025-02-15 17:35:01.411 | INFO     | database.models.accounts:set_sleep_until:70 - Account: Sdymtd.dymtdru0nu@hotmail.com | Set new sleep_until: 2025-02-15 10:38:01.409775+00:00
2025-02-15 17:35:01.413 | INFO     | __main__:run_module_safe:30 - Account: ts_0t.s_0thuni1hm@hotmail.com | Initial farming delay: 2 sec
2025-02-15 17:35:02.649 | INFO     | core.bot:perform_farming_actions:565 - [32mAccount: vwstbnp7aje2lg2r@hotmail.com | Total points earned: 16855[0m
2025-02-15 17:35:02.652 | INFO     | database.models.accounts:set_sleep_until:70 - Account: vwstbnp7aje2lg2r@hotmail.com | Set new sleep_until: 2025-02-15 10:38:02.650734+00:00
2025-02-15 17:35:02.654 | INFO     | __main__:run_module_safe:30 - Account: Murhbg.urhbgb_4v_y8ye@hotmail.com | Initial farming delay: 3 sec
2025-02-15 17:35:03.423 | INFO     | core.bot:login_new_account:454 - Account: ts_0t.s_0thuni1hm@hotmail.com | Logging in...
2025-02-15 17:35:05.664 | INFO     | core.bot:login_new_account:454 - Account: Murhbg.urhbgb_4v_y8ye@hotmail.com | Logging in...
2025-02-15 17:35:09.282 | INFO     | core.bot:get_captcha_data:26 - Account: ts_0t.s_0thuni1hm@hotmail.com | Got puzzle image, solving...
2025-02-15 17:35:09.892 | INFO     | core.bot:get_captcha_data:26 - Account: Murhbg.urhbgb_4v_y8ye@hotmail.com | Got puzzle image, solving...
2025-02-15 17:35:12.694 | SUCCESS  | core.bot:get_captcha_data:32 - Account: Murhbg.urhbgb_4v_y8ye@hotmail.com | Puzzle solved: GMSE=D
2025-02-15 17:35:13.277 | SUCCESS  | core.bot:get_captcha_data:32 - Account: ts_0t.s_0thuni1hm@hotmail.com | Puzzle solved: R4DB6C
2025-02-15 17:35:14.538 | INFO     | core.bot:login_new_account:458 - Account: Murhbg.urhbgb_4v_y8ye@hotmail.com | Successfully logged in
2025-02-15 17:35:15.577 | INFO     | core.bot:login_new_account:458 - Account: ts_0t.s_0thuni1hm@hotmail.com | Successfully logged in
2025-02-15 17:35:15.619 | SUCCESS  | core.bot:perform_farming_actions:560 - [32mAccount: Murhbg.urhbgb_4v_y8ye@hotmail.com | Sent keepalive request[0m
2025-02-15 17:35:16.058 | SUCCESS  | core.bot:perform_farming_actions:560 - [32mAccount: ts_0t.s_0thuni1hm@hotmail.com | Sent keepalive request[0m
2025-02-15 17:35:23.524 | INFO     | core.bot:perform_farming_actions:565 - [32mAccount: ts_0t.s_0thuni1hm@hotmail.com | Total points earned: 17475[0m
2025-02-15 17:35:23.528 | INFO     | database.models.accounts:set_sleep_until:70 - Account: ts_0t.s_0thuni1hm@hotmail.com | Set new sleep_until: 2025-02-15 10:38:23.526790+00:00
2025-02-15 17:35:23.530 | INFO     | __main__:run_module_safe:30 - Account: apg_pg_us0i7koua8bzf@hotmail.com | Initial farming delay: 3 sec
2025-02-15 17:35:23.948 | SUCCESS  | core.bot:get_captcha_data:32 - Account: Eyr_hyr_htoskmhur2j5@hotmail.com | Puzzle solved: E&5DN$
2025-02-15 17:35:25.891 | INFO     | core.bot:login_new_account:458 - Account: Eyr_hyr_htoskmhur2j5@hotmail.com | Successfully logged in
2025-02-15 17:35:26.535 | INFO     | core.bot:login_new_account:454 - Account: apg_pg_us0i7koua8bzf@hotmail.com | Logging in...
2025-02-15 17:35:27.305 | INFO     | core.bot:perform_farming_actions:565 - [32mAccount: Murhbg.urhbgb_4v_y8ye@hotmail.com | Total points earned: 17475[0m
2025-02-15 17:35:27.309 | INFO     | database.models.accounts:set_sleep_until:70 - Account: Murhbg.urhbgb_4v_y8ye@hotmail.com | Set new sleep_until: 2025-02-15 10:38:27.307282+00:00
2025-02-15 17:35:27.311 | INFO     | __main__:run_module_safe:30 - Account: fnox0.nox0xg1f__y@hotmail.com | Initial farming delay: 3 sec
2025-02-15 17:35:27.478 | SUCCESS  | core.bot:perform_farming_actions:560 - [32mAccount: Eyr_hyr_htoskmhur2j5@hotmail.com | Sent keepalive request[0m
2025-02-15 17:35:30.320 | INFO     | core.bot:login_new_account:454 - Account: fnox0.nox0xg1f__y@hotmail.com | Logging in...
2025-02-15 17:35:35.529 | INFO     | core.bot:perform_farming_actions:565 - [32mAccount: Eyr_hyr_htoskmhur2j5@hotmail.com | Total points earned: 17806[0m
2025-02-15 17:35:35.532 | INFO     | database.models.accounts:set_sleep_until:70 - Account: Eyr_hyr_htoskmhur2j5@hotmail.com | Set new sleep_until: 2025-02-15 10:38:35.530873+00:00
2025-02-15 17:35:35.535 | INFO     | __main__:run_module_safe:30 - Account: zh2e.h2egokqyvj_d@hotmail.com | Initial farming delay: 4 sec
2025-02-15 17:35:36.887 | INFO     | core.bot:get_captcha_data:26 - Account: fnox0.nox0xg1f__y@hotmail.com | Got puzzle image, solving...
2025-02-15 17:35:37.928 | SUCCESS  | core.bot:get_captcha_data:32 - Account: fnox0.nox0xg1f__y@hotmail.com | Puzzle solved: 35H@GN
2025-02-15 17:35:39.549 | INFO     | core.bot:login_new_account:454 - Account: zh2e.h2egokqyvj_d@hotmail.com | Logging in...
2025-02-15 17:35:39.922 | INFO     | core.bot:login_new_account:458 - Account: fnox0.nox0xg1f__y@hotmail.com | Successfully logged in
2025-02-15 17:35:40.891 | SUCCESS  | core.bot:perform_farming_actions:560 - [32mAccount: fnox0.nox0xg1f__y@hotmail.com | Sent keepalive request[0m
2025-02-15 17:35:49.441 | INFO     | core.bot:perform_farming_actions:565 - [32mAccount: fnox0.nox0xg1f__y@hotmail.com | Total points earned: 18973[0m
2025-02-15 17:35:49.445 | INFO     | database.models.accounts:set_sleep_until:70 - Account: fnox0.nox0xg1f__y@hotmail.com | Set new sleep_until: 2025-02-15 10:38:49.442969+00:00
2025-02-15 17:35:49.447 | INFO     | __main__:run_module_safe:30 - Account: C1pct.1pcta5vp2v9@hotmail.com | Initial farming delay: 3 sec
2025-02-15 17:35:52.455 | INFO     | core.bot:login_new_account:454 - Account: C1pct.1pcta5vp2v9@hotmail.com | Logging in...
2025-02-15 17:35:54.153 | INFO     | core.bot:get_captcha_data:26 - Account: C1pct.1pcta5vp2v9@hotmail.com | Got puzzle image, solving...
2025-02-15 17:36:01.281 | INFO     | core.bot:get_captcha_data:26 - Account: zh2e.h2egokqyvj_d@hotmail.com | Got puzzle image, solving...
2025-02-15 17:36:05.927 | SUCCESS  | core.bot:get_captcha_data:32 - Account: C1pct.1pcta5vp2v9@hotmail.com | Puzzle solved: KJNVH5
2025-02-15 17:36:06.642 | SUCCESS  | core.bot:get_captcha_data:32 - Account: zh2e.h2egokqyvj_d@hotmail.com | Puzzle solved: NE#SM5
2025-02-15 17:36:08.309 | INFO     | core.bot:login_new_account:458 - Account: C1pct.1pcta5vp2v9@hotmail.com | Successfully logged in
2025-02-15 17:36:09.228 | INFO     | core.bot:login_new_account:458 - Account: zh2e.h2egokqyvj_d@hotmail.com | Successfully logged in
2025-02-15 17:36:14.079 | SUCCESS  | core.bot:perform_farming_actions:560 - [32mAccount: C1pct.1pcta5vp2v9@hotmail.com | Sent keepalive request[0m
2025-02-15 17:36:14.765 | ERROR    | core.bot:get_captcha_data:62 - Account: apg_pg_us0i7koua8bzf@hotmail.com | Error occurred while solving captcha (image): Failed to send request after 3 attempts: Failed to perform, curl: (28) Failed to connect to 168.81.248.201 port 8000 after 14031 ms: Couldn't connect to server. See https://curl.se/libcurl/c/libcurl-errors.html first for more details. | Retrying...
2025-02-15 17:36:15.712 | SUCCESS  | core.bot:perform_farming_actions:560 - [32mAccount: zh2e.h2egokqyvj_d@hotmail.com | Sent keepalive request[0m
2025-02-15 17:36:26.411 | INFO     | core.bot:perform_farming_actions:565 - [32mAccount: zh2e.h2egokqyvj_d@hotmail.com | Total points earned: 19176[0m
2025-02-15 17:36:26.416 | INFO     | database.models.accounts:set_sleep_until:70 - Account: zh2e.h2egokqyvj_d@hotmail.com | Set new sleep_until: 2025-02-15 10:39:26.413525+00:00
2025-02-15 17:36:26.418 | INFO     | __main__:run_module_safe:30 - Account: vx_0ofx_0ofapgzjx@hotmail.com | Initial farming delay: 5 sec
2025-02-15 17:36:28.682 | INFO     | core.bot:perform_farming_actions:565 - [32mAccount: C1pct.1pcta5vp2v9@hotmail.com | Total points earned: 19177[0m
2025-02-15 17:36:28.686 | INFO     | database.models.accounts:set_sleep_until:70 - Account: C1pct.1pcta5vp2v9@hotmail.com | Set new sleep_until: 2025-02-15 10:39:28.684053+00:00
2025-02-15 17:36:28.688 | INFO     | __main__:run_module_safe:30 - Account: eg09ye.g09yejv8em@hotmail.com | Initial farming delay: 5 sec
2025-02-15 17:36:31.428 | INFO     | core.bot:login_new_account:454 - Account: vx_0ofx_0ofapgzjx@hotmail.com | Logging in...
2025-02-15 17:36:33.691 | INFO     | core.bot:login_new_account:454 - Account: eg09ye.g09yejv8em@hotmail.com | Logging in...
2025-02-15 17:36:34.135 | INFO     | core.bot:get_captcha_data:26 - Account: vx_0ofx_0ofapgzjx@hotmail.com | Got puzzle image, solving...
2025-02-15 17:36:35.812 | INFO     | core.bot:get_captcha_data:26 - Account: apg_pg_us0i7koua8bzf@hotmail.com | Got puzzle image, solving...
2025-02-15 17:36:36.492 | SUCCESS  | core.bot:get_captcha_data:32 - Account: apg_pg_us0i7koua8bzf@hotmail.com | Puzzle solved: 5HQKMH
2025-02-15 17:36:38.520 | SUCCESS  | core.bot:get_captcha_data:32 - Account: vx_0ofx_0ofapgzjx@hotmail.com | Puzzle solved: TMG1#P
2025-02-15 17:36:38.974 | INFO     | core.bot:login_new_account:458 - Account: apg_pg_us0i7koua8bzf@hotmail.com | Successfully logged in
2025-02-15 17:36:40.764 | SUCCESS  | core.bot:perform_farming_actions:560 - [32mAccount: apg_pg_us0i7koua8bzf@hotmail.com | Sent keepalive request[0m
2025-02-15 17:36:40.832 | INFO     | core.bot:login_new_account:458 - Account: vx_0ofx_0ofapgzjx@hotmail.com | Successfully logged in
2025-02-15 17:36:42.942 | SUCCESS  | core.bot:perform_farming_actions:560 - [32mAccount: vx_0ofx_0ofapgzjx@hotmail.com | Sent keepalive request[0m
2025-02-15 17:36:50.160 | INFO     | core.bot:perform_farming_actions:565 - [32mAccount: apg_pg_us0i7koua8bzf@hotmail.com | Total points earned: 21359[0m
2025-02-15 17:36:50.164 | INFO     | database.models.accounts:set_sleep_until:70 - Account: apg_pg_us0i7koua8bzf@hotmail.com | Set new sleep_until: 2025-02-15 10:39:50.162683+00:00
2025-02-15 17:36:50.166 | INFO     | __main__:run_module_safe:30 - Account: Emn5wmn5wxn1bv3_2x71@hotmail.com | Initial farming delay: 5 sec
2025-02-15 17:36:51.088 | INFO     | core.bot:perform_farming_actions:565 - [32mAccount: vx_0ofx_0ofapgzjx@hotmail.com | Total points earned: 16848[0m
2025-02-15 17:36:51.091 | INFO     | database.models.accounts:set_sleep_until:70 - Account: vx_0ofx_0ofapgzjx@hotmail.com | Set new sleep_until: 2025-02-15 10:39:51.089963+00:00
2025-02-15 17:36:55.182 | INFO     | core.bot:login_new_account:454 - Account: Emn5wmn5wxn1bv3_2x71@hotmail.com | Logging in...
2025-02-15 17:37:09.649 | INFO     | core.bot:get_captcha_data:26 - Account: Emn5wmn5wxn1bv3_2x71@hotmail.com | Got puzzle image, solving...
2025-02-15 17:37:10.547 | INFO     | core.bot:get_captcha_data:26 - Account: eg09ye.g09yejv8em@hotmail.com | Got puzzle image, solving...
2025-02-15 17:37:12.068 | SUCCESS  | core.bot:get_captcha_data:32 - Account: eg09ye.g09yejv8em@hotmail.com | Puzzle solved: J2NXTP
2025-02-15 17:37:14.055 | SUCCESS  | core.bot:get_captcha_data:32 - Account: Emn5wmn5wxn1bv3_2x71@hotmail.com | Puzzle solved: &XHSMK
2025-02-15 17:37:15.149 | INFO     | core.bot:login_new_account:458 - Account: eg09ye.g09yejv8em@hotmail.com | Successfully logged in
2025-02-15 17:37:15.636 | SUCCESS  | core.bot:perform_farming_actions:560 - [32mAccount: eg09ye.g09yejv8em@hotmail.com | Sent keepalive request[0m
2025-02-15 17:37:16.359 | INFO     | core.bot:login_new_account:458 - Account: Emn5wmn5wxn1bv3_2x71@hotmail.com | Successfully logged in
2025-02-15 17:37:24.807 | SUCCESS  | core.bot:perform_farming_actions:560 - [32mAccount: Emn5wmn5wxn1bv3_2x71@hotmail.com | Sent keepalive request[0m
2025-02-15 17:37:31.308 | INFO     | core.bot:perform_farming_actions:565 - [32mAccount: eg09ye.g09yejv8em@hotmail.com | Total points earned: 24610[0m
2025-02-15 17:37:31.312 | INFO     | database.models.accounts:set_sleep_until:70 - Account: eg09ye.g09yejv8em@hotmail.com | Set new sleep_until: 2025-02-15 10:40:31.310998+00:00
2025-02-15 17:37:37.081 | INFO     | core.bot:perform_farming_actions:565 - [32mAccount: Emn5wmn5wxn1bv3_2x71@hotmail.com | Total points earned: 19565[0m
2025-02-15 17:37:37.084 | INFO     | database.models.accounts:set_sleep_until:70 - Account: Emn5wmn5wxn1bv3_2x71@hotmail.com | Set new sleep_until: 2025-02-15 10:40:37.083225+00:00
2025-02-15 17:37:57.015 | INFO     | core.bot:handle_existing_account:525 - [32mAccount: dscl9scl9vnwyckm@hotmail.com | Using existing session[0m
2025-02-15 17:37:58.849 | SUCCESS  | core.bot:perform_farming_actions:560 - [32mAccount: dscl9scl9vnwyckm@hotmail.com | Sent keepalive request[0m
2025-02-15 17:38:02.626 | INFO     | core.bot:handle_existing_account:525 - [32mAccount: tjp1jp1a862kea9g@hotmail.com | Using existing session[0m
2025-02-15 17:38:07.305 | INFO     | core.bot:perform_farming_actions:565 - [32mAccount: dscl9scl9vnwyckm@hotmail.com | Total points earned: 17266[0m
2025-02-15 17:38:07.308 | INFO     | database.models.accounts:set_sleep_until:70 - Account: dscl9scl9vnwyckm@hotmail.com | Set new sleep_until: 2025-02-15 10:41:07.307131+00:00
2025-02-15 17:38:12.425 | SUCCESS  | core.bot:perform_farming_actions:560 - [32mAccount: tjp1jp1a862kea9g@hotmail.com | Sent keepalive request[0m
2025-02-15 17:38:22.400 | INFO     | core.bot:handle_existing_account:525 - [32mAccount: E065l065lgs61q8s@hotmail.com | Using existing session[0m
2025-02-15 17:38:24.317 | SUCCESS  | core.bot:perform_farming_actions:560 - [32mAccount: E065l065lgs61q8s@hotmail.com | Sent keepalive request[0m
2025-02-15 17:38:24.847 | INFO     | core.bot:perform_farming_actions:565 - [32mAccount: tjp1jp1a862kea9g@hotmail.com | Total points earned: 17719[0m
2025-02-15 17:38:24.851 | INFO     | database.models.accounts:set_sleep_until:70 - Account: tjp1jp1a862kea9g@hotmail.com | Set new sleep_until: 2025-02-15 10:41:24.849663+00:00
2025-02-15 17:38:27.639 | INFO     | core.bot:handle_existing_account:525 - [32mAccount: Svwn5n.vwn5nr8juh@hotmail.com | Using existing session[0m
2025-02-15 17:38:29.707 | SUCCESS  | core.bot:perform_farming_actions:560 - [32mAccount: Svwn5n.vwn5nr8juh@hotmail.com | Sent keepalive request[0m
2025-02-15 17:38:33.495 | INFO     | core.bot:perform_farming_actions:565 - [32mAccount: E065l065lgs61q8s@hotmail.com | Total points earned: 17720[0m
2025-02-15 17:38:33.498 | INFO     | database.models.accounts:set_sleep_until:70 - Account: E065l065lgs61q8s@hotmail.com | Set new sleep_until: 2025-02-15 10:41:33.497007+00:00
2025-02-15 17:38:40.302 | INFO     | core.bot:handle_existing_account:525 - [32mAccount: Yv2z.v2zk7xzz0gun@hotmail.com | Using existing session[0m
2025-02-15 17:38:42.265 | INFO     | core.bot:perform_farming_actions:565 - [32mAccount: Svwn5n.vwn5nr8juh@hotmail.com | Total points earned: 23768[0m
2025-02-15 17:38:42.269 | INFO     | database.models.accounts:set_sleep_until:70 - Account: Svwn5n.vwn5nr8juh@hotmail.com | Set new sleep_until: 2025-02-15 10:41:42.267455+00:00
2025-02-15 17:38:45.276 | INFO     | core.bot:handle_existing_account:525 - [32mAccount: lz5ggn.z5ggnqxvy1@hotmail.com | Using existing session[0m
2025-02-15 17:38:47.110 | SUCCESS  | core.bot:perform_farming_actions:560 - [32mAccount: lz5ggn.z5ggnqxvy1@hotmail.com | Sent keepalive request[0m
2025-02-15 17:38:47.478 | SUCCESS  | core.bot:perform_farming_actions:560 - [32mAccount: Yv2z.v2zk7xzz0gun@hotmail.com | Sent keepalive request[0m
2025-02-15 17:38:55.328 | INFO     | core.bot:perform_farming_actions:565 - [32mAccount: lz5ggn.z5ggnqxvy1@hotmail.com | Total points earned: 21106[0m
2025-02-15 17:38:55.332 | INFO     | database.models.accounts:set_sleep_until:70 - Account: lz5ggn.z5ggnqxvy1@hotmail.com | Set new sleep_until: 2025-02-15 10:41:55.330821+00:00
2025-02-15 17:38:57.627 | INFO     | core.bot:perform_farming_actions:565 - [32mAccount: Yv2z.v2zk7xzz0gun@hotmail.com | Total points earned: 21106[0m
2025-02-15 17:38:57.631 | INFO     | database.models.accounts:set_sleep_until:70 - Account: Yv2z.v2zk7xzz0gun@hotmail.com | Set new sleep_until: 2025-02-15 10:41:57.629374+00:00
2025-02-15 17:39:04.934 | INFO     | core.bot:handle_existing_account:525 - [32mAccount: q153.153br3m5891u@hotmail.com | Using existing session[0m
2025-02-15 17:39:11.883 | INFO     | core.bot:handle_existing_account:525 - [32mAccount: vwrmgywrmgykfvynvjx8lk@hotmail.com | Using existing session[0m
2025-02-15 17:39:16.376 | SUCCESS  | core.bot:perform_farming_actions:560 - [32mAccount: vwrmgywrmgykfvynvjx8lk@hotmail.com | Sent keepalive request[0m
2025-02-15 17:39:19.053 | SUCCESS  | core.bot:perform_farming_actions:560 - [32mAccount: q153.153br3m5891u@hotmail.com | Sent keepalive request[0m
2025-02-15 17:39:23.102 | INFO     | core.bot:perform_farming_actions:565 - [32mAccount: vwrmgywrmgykfvynvjx8lk@hotmail.com | Total points earned: 19311[0m
2025-02-15 17:39:23.106 | INFO     | database.models.accounts:set_sleep_until:70 - Account: vwrmgywrmgykfvynvjx8lk@hotmail.com | Set new sleep_until: 2025-02-15 10:42:23.104851+00:00
2025-02-15 17:39:27.234 | INFO     | core.bot:perform_farming_actions:565 - [32mAccount: q153.153br3m5891u@hotmail.com | Total points earned: 19311[0m
2025-02-15 17:39:27.237 | INFO     | database.models.accounts:set_sleep_until:70 - Account: q153.153br3m5891u@hotmail.com | Set new sleep_until: 2025-02-15 10:42:27.235959+00:00
2025-02-15 17:39:27.604 | INFO     | core.bot:handle_existing_account:525 - [32mAccount: n2aq74.2aq74b7d0u@hotmail.com | Using existing session[0m
2025-02-15 17:39:27.972 | SUCCESS  | core.bot:perform_farming_actions:560 - [32mAccount: n2aq74.2aq74b7d0u@hotmail.com | Sent keepalive request[0m
2025-02-15 17:39:39.988 | INFO     | core.bot:perform_farming_actions:565 - [32mAccount: n2aq74.2aq74b7d0u@hotmail.com | Total points earned: 17354[0m
2025-02-15 17:39:39.992 | INFO     | database.models.accounts:set_sleep_until:70 - Account: n2aq74.2aq74b7d0u@hotmail.com | Set new sleep_until: 2025-02-15 10:42:39.990020+00:00
2025-02-15 17:39:40.049 | INFO     | core.bot:handle_existing_account:525 - [32mAccount: Fopgw4.opgw4ax57b0bji@hotmail.com | Using existing session[0m
2025-02-15 17:39:40.609 | SUCCESS  | core.bot:perform_farming_actions:560 - [32mAccount: Fopgw4.opgw4ax57b0bji@hotmail.com | Sent keepalive request[0m
2025-02-15 17:39:49.573 | INFO     | core.bot:perform_farming_actions:565 - [32mAccount: Fopgw4.opgw4ax57b0bji@hotmail.com | Total points earned: 18072[0m
2025-02-15 17:39:49.577 | INFO     | database.models.accounts:set_sleep_until:70 - Account: Fopgw4.opgw4ax57b0bji@hotmail.com | Set new sleep_until: 2025-02-15 10:42:49.575514+00:00
2025-02-15 17:39:52.029 | INFO     | core.bot:handle_existing_account:525 - [32mAccount: os9z3.s9z3v2k9ke6si@hotmail.com | Using existing session[0m
2025-02-15 17:39:53.767 | SUCCESS  | core.bot:perform_farming_actions:560 - [32mAccount: os9z3.s9z3v2k9ke6si@hotmail.com | Sent keepalive request[0m
2025-02-15 17:39:55.997 | INFO     | core.bot:handle_existing_account:525 - [32mAccount: K5xaof5xaofsysjg@hotmail.com | Using existing session[0m
2025-02-15 17:40:00.768 | INFO     | core.bot:perform_farming_actions:565 - [32mAccount: os9z3.s9z3v2k9ke6si@hotmail.com | Total points earned: 20931[0m
2025-02-15 17:40:00.772 | INFO     | database.models.accounts:set_sleep_until:70 - Account: os9z3.s9z3v2k9ke6si@hotmail.com | Set new sleep_until: 2025-02-15 10:43:00.770524+00:00
2025-02-15 17:40:04.838 | SUCCESS  | core.bot:perform_farming_actions:560 - [32mAccount: K5xaof5xaofsysjg@hotmail.com | Sent keepalive request[0m
2025-02-15 17:40:12.035 | INFO     | core.bot:handle_existing_account:525 - [32mAccount: ptektekl_5lacvoh5b@hotmail.com | Using existing session[0m
2025-02-15 17:40:15.552 | SUCCESS  | core.bot:perform_farming_actions:560 - [32mAccount: ptektekl_5lacvoh5b@hotmail.com | Sent keepalive request[0m
2025-02-15 17:40:18.142 | INFO     | core.bot:perform_farming_actions:565 - [32mAccount: K5xaof5xaofsysjg@hotmail.com | Total points earned: 17449[0m
2025-02-15 17:40:18.146 | INFO     | database.models.accounts:set_sleep_until:70 - Account: K5xaof5xaofsysjg@hotmail.com | Set new sleep_until: 2025-02-15 10:43:18.144121+00:00
2025-02-15 17:40:26.349 | INFO     | core.bot:perform_farming_actions:565 - [32mAccount: ptektekl_5lacvoh5b@hotmail.com | Total points earned: 17449[0m
2025-02-15 17:40:26.353 | INFO     | database.models.accounts:set_sleep_until:70 - Account: ptektekl_5lacvoh5b@hotmail.com | Set new sleep_until: 2025-02-15 10:43:26.351286+00:00
2025-02-15 17:40:31.516 | INFO     | core.bot:handle_existing_account:525 - [32mAccount: Fb677i.b677itoxufvkfhe@hotmail.com | Using existing session[0m
2025-02-15 17:40:33.120 | SUCCESS  | core.bot:perform_farming_actions:560 - [32mAccount: Fb677i.b677itoxufvkfhe@hotmail.com | Sent keepalive request[0m
2025-02-15 17:40:33.874 | INFO     | core.bot:handle_existing_account:525 - [32mAccount: vcbsp.cbspnwpzmwd@hotmail.com | Using existing session[0m
2025-02-15 17:40:35.245 | SUCCESS  | core.bot:perform_farming_actions:560 - [32mAccount: vcbsp.cbspnwpzmwd@hotmail.com | Sent keepalive request[0m
2025-02-15 17:40:42.330 | INFO     | core.bot:handle_existing_account:525 - [32mAccount: rb1d1c.b1d1cjnz7v@hotmail.com | Using existing session[0m
2025-02-15 17:40:45.689 | INFO     | core.bot:perform_farming_actions:565 - [32mAccount: Fb677i.b677itoxufvkfhe@hotmail.com | Total points earned: 17281[0m
2025-02-15 17:40:45.693 | INFO     | database.models.accounts:set_sleep_until:70 - Account: Fb677i.b677itoxufvkfhe@hotmail.com | Set new sleep_until: 2025-02-15 10:43:45.691388+00:00
2025-02-15 17:40:46.104 | INFO     | core.bot:perform_farming_actions:565 - [32mAccount: vcbsp.cbspnwpzmwd@hotmail.com | Total points earned: 17281[0m
2025-02-15 17:40:46.108 | INFO     | database.models.accounts:set_sleep_until:70 - Account: vcbsp.cbspnwpzmwd@hotmail.com | Set new sleep_until: 2025-02-15 10:43:46.106356+00:00
2025-02-15 17:40:48.995 | SUCCESS  | core.bot:perform_farming_actions:560 - [32mAccount: rb1d1c.b1d1cjnz7v@hotmail.com | Sent keepalive request[0m
2025-02-15 17:40:55.001 | INFO     | core.bot:handle_existing_account:525 - [32mAccount: y0se0sef5a4yl52r@hotmail.com | Using existing session[0m
2025-02-15 17:40:56.675 | SUCCESS  | core.bot:perform_farming_actions:560 - [32mAccount: y0se0sef5a4yl52r@hotmail.com | Sent keepalive request[0m
2025-02-15 17:40:58.563 | INFO     | core.bot:perform_farming_actions:565 - [32mAccount: rb1d1c.b1d1cjnz7v@hotmail.com | Total points earned: 24459[0m
2025-02-15 17:40:58.567 | INFO     | database.models.accounts:set_sleep_until:70 - Account: rb1d1c.b1d1cjnz7v@hotmail.com | Set new sleep_until: 2025-02-15 10:43:58.565214+00:00
2025-02-15 17:41:05.545 | INFO     | core.bot:perform_farming_actions:565 - [32mAccount: y0se0sef5a4yl52r@hotmail.com | Total points earned: 24459[0m
2025-02-15 17:41:05.548 | INFO     | database.models.accounts:set_sleep_until:70 - Account: y0se0sef5a4yl52r@hotmail.com | Set new sleep_until: 2025-02-15 10:44:05.546740+00:00
2025-02-15 17:41:11.177 | INFO     | core.bot:handle_existing_account:525 - [32mAccount: by6ax.y6axi1j5lz6@hotmail.com | Using existing session[0m
2025-02-15 17:41:20.584 | SUCCESS  | core.bot:perform_farming_actions:560 - [32mAccount: by6ax.y6axi1j5lz6@hotmail.com | Sent keepalive request[0m
2025-02-15 17:41:22.276 | INFO     | core.bot:handle_existing_account:525 - [32mAccount: guk2lo.uk2lo_ph6wbi4nwy@hotmail.com | Using existing session[0m
2025-02-15 17:41:24.076 | SUCCESS  | core.bot:perform_farming_actions:560 - [32mAccount: guk2lo.uk2lo_ph6wbi4nwy@hotmail.com | Sent keepalive request[0m
2025-02-15 17:41:29.617 | INFO     | core.bot:perform_farming_actions:565 - [32mAccount: by6ax.y6axi1j5lz6@hotmail.com | Total points earned: 24390[0m
2025-02-15 17:41:29.621 | INFO     | database.models.accounts:set_sleep_until:70 - Account: by6ax.y6axi1j5lz6@hotmail.com | Set new sleep_until: 2025-02-15 10:44:29.619255+00:00
2025-02-15 17:41:35.457 | INFO     | core.bot:handle_existing_account:525 - [32mAccount: G3as.3asr5cp0c24g@hotmail.com | Using existing session[0m
2025-02-15 17:41:38.594 | INFO     | core.bot:perform_farming_actions:565 - [32mAccount: guk2lo.uk2lo_ph6wbi4nwy@hotmail.com | Total points earned: 24390[0m
2025-02-15 17:41:38.597 | INFO     | database.models.accounts:set_sleep_until:70 - Account: guk2lo.uk2lo_ph6wbi4nwy@hotmail.com | Set new sleep_until: 2025-02-15 10:44:38.595959+00:00
2025-02-15 17:41:41.383 | SUCCESS  | core.bot:perform_farming_actions:560 - [32mAccount: G3as.3asr5cp0c24g@hotmail.com | Sent keepalive request[0m
2025-02-15 17:41:45.283 | INFO     | core.bot:handle_existing_account:525 - [32mAccount: qfgnp.fgnp6u6u4q_@hotmail.com | Using existing session[0m
2025-02-15 17:41:46.007 | SUCCESS  | core.bot:perform_farming_actions:560 - [32mAccount: qfgnp.fgnp6u6u4q_@hotmail.com | Sent keepalive request[0m
2025-02-15 17:41:46.154 | INFO     | core.bot:handle_existing_account:525 - [32mAccount: obcars.bcarsp2sp_@hotmail.com | Using existing session[0m
2025-02-15 17:41:50.069 | INFO     | core.bot:perform_farming_actions:565 - [32mAccount: G3as.3asr5cp0c24g@hotmail.com | Total points earned: 23059[0m
2025-02-15 17:41:50.072 | INFO     | database.models.accounts:set_sleep_until:70 - Account: G3as.3asr5cp0c24g@hotmail.com | Set new sleep_until: 2025-02-15 10:44:50.070778+00:00
2025-02-15 17:41:51.420 | INFO     | core.bot:perform_farming_actions:565 - [32mAccount: qfgnp.fgnp6u6u4q_@hotmail.com | Total points earned: 23059[0m
2025-02-15 17:41:51.424 | INFO     | database.models.accounts:set_sleep_until:70 - Account: qfgnp.fgnp6u6u4q_@hotmail.com | Set new sleep_until: 2025-02-15 10:44:51.422381+00:00
2025-02-15 17:41:52.682 | SUCCESS  | core.bot:perform_farming_actions:560 - [32mAccount: obcars.bcarsp2sp_@hotmail.com | Sent keepalive request[0m
2025-02-15 17:41:54.487 | INFO     | core.bot:handle_existing_account:525 - [32mAccount: kb67b677itoxufvkfhemf_@hotmail.com | Using existing session[0m
2025-02-15 17:41:54.999 | SUCCESS  | core.bot:perform_farming_actions:560 - [32mAccount: kb67b677itoxufvkfhemf_@hotmail.com | Sent keepalive request[0m
2025-02-15 17:41:59.267 | INFO     | core.bot:perform_farming_actions:565 - [32mAccount: kb67b677itoxufvkfhemf_@hotmail.com | Total points earned: 17385[0m
2025-02-15 17:41:59.270 | INFO     | database.models.accounts:set_sleep_until:70 - Account: kb67b677itoxufvkfhemf_@hotmail.com | Set new sleep_until: 2025-02-15 10:44:59.269156+00:00
2025-02-15 17:41:59.384 | INFO     | core.bot:perform_farming_actions:565 - [32mAccount: obcars.bcarsp2sp_@hotmail.com | Total points earned: 17385[0m
2025-02-15 17:41:59.387 | INFO     | database.models.accounts:set_sleep_until:70 - Account: obcars.bcarsp2sp_@hotmail.com | Set new sleep_until: 2025-02-15 10:44:59.385943+00:00
2025-02-15 17:42:16.999 | INFO     | core.bot:handle_existing_account:525 - [32mAccount: Hs_lzzs_lzz0k0v_hqg1@hotmail.com | Using existing session[0m
2025-02-15 17:42:17.556 | SUCCESS  | core.bot:perform_farming_actions:560 - [32mAccount: Hs_lzzs_lzz0k0v_hqg1@hotmail.com | Sent keepalive request[0m
2025-02-15 17:42:26.489 | INFO     | core.bot:perform_farming_actions:565 - [32mAccount: Hs_lzzs_lzz0k0v_hqg1@hotmail.com | Total points earned: 17416[0m
2025-02-15 17:42:26.493 | INFO     | database.models.accounts:set_sleep_until:70 - Account: Hs_lzzs_lzz0k0v_hqg1@hotmail.com | Set new sleep_until: 2025-02-15 10:45:26.491185+00:00
2025-02-15 17:42:27.558 | INFO     | core.bot:handle_existing_account:525 - [32mAccount: lt1pw.t1pw8fnc8c3ou9s@hotmail.com | Using existing session[0m
2025-02-15 17:42:28.061 | SUCCESS  | core.bot:perform_farming_actions:560 - [32mAccount: lt1pw.t1pw8fnc8c3ou9s@hotmail.com | Sent keepalive request[0m
2025-02-15 17:42:28.181 | INFO     | core.bot:handle_existing_account:525 - [32mAccount: Wqz4o_qz4o_k9qyu@hotmail.com | Using existing session[0m
2025-02-15 17:42:30.467 | SUCCESS  | core.bot:perform_farming_actions:560 - [32mAccount: Wqz4o_qz4o_k9qyu@hotmail.com | Sent keepalive request[0m
2025-02-15 17:42:36.853 | INFO     | core.bot:handle_existing_account:525 - [32mAccount: yq96.q96c3bex2lgvgm4kp@hotmail.com | Using existing session[0m
2025-02-15 17:42:37.520 | INFO     | core.bot:perform_farming_actions:565 - [32mAccount: Wqz4o_qz4o_k9qyu@hotmail.com | Total points earned: 22957[0m
2025-02-15 17:42:37.524 | INFO     | database.models.accounts:set_sleep_until:70 - Account: Wqz4o_qz4o_k9qyu@hotmail.com | Set new sleep_until: 2025-02-15 10:45:37.522482+00:00
2025-02-15 17:42:38.834 | SUCCESS  | core.bot:perform_farming_actions:560 - [32mAccount: yq96.q96c3bex2lgvgm4kp@hotmail.com | Sent keepalive request[0m
2025-02-15 17:42:40.195 | INFO     | core.bot:perform_farming_actions:565 - [32mAccount: lt1pw.t1pw8fnc8c3ou9s@hotmail.com | Total points earned: 22958[0m
2025-02-15 17:42:40.198 | INFO     | database.models.accounts:set_sleep_until:70 - Account: lt1pw.t1pw8fnc8c3ou9s@hotmail.com | Set new sleep_until: 2025-02-15 10:45:40.197216+00:00
2025-02-15 17:42:49.523 | INFO     | core.bot:perform_farming_actions:565 - [32mAccount: yq96.q96c3bex2lgvgm4kp@hotmail.com | Total points earned: 21320[0m
2025-02-15 17:42:49.527 | INFO     | database.models.accounts:set_sleep_until:70 - Account: yq96.q96c3bex2lgvgm4kp@hotmail.com | Set new sleep_until: 2025-02-15 10:45:49.525376+00:00
2025-02-15 17:42:50.227 | INFO     | core.bot:handle_existing_account:525 - [32mAccount: L9l6y.9l6yl9n_c8q@hotmail.com | Using existing session[0m
2025-02-15 17:42:52.193 | SUCCESS  | core.bot:perform_farming_actions:560 - [32mAccount: L9l6y.9l6yl9n_c8q@hotmail.com | Sent keepalive request[0m
2025-02-15 17:43:00.530 | INFO     | core.bot:perform_farming_actions:565 - [32mAccount: L9l6y.9l6yl9n_c8q@hotmail.com | Total points earned: 23897[0m
2025-02-15 17:43:00.533 | INFO     | database.models.accounts:set_sleep_until:70 - Account: L9l6y.9l6yl9n_c8q@hotmail.com | Set new sleep_until: 2025-02-15 10:46:00.531850+00:00
2025-02-15 17:43:22.051 | INFO     | core.bot:handle_existing_account:525 - [32mAccount: lh55z.h55zkr3qafo@hotmail.com | Using existing session[0m
2025-02-15 17:43:24.318 | SUCCESS  | core.bot:perform_farming_actions:560 - [32mAccount: lh55z.h55zkr3qafo@hotmail.com | Sent keepalive request[0m
2025-02-15 17:43:27.953 | INFO     | core.bot:handle_existing_account:525 - [32mAccount: Il3u.l3u2komjnk2028y1j@hotmail.com | Using existing session[0m
2025-02-15 17:43:28.670 | INFO     | core.bot:handle_existing_account:525 - [32mAccount: zh2e.h2egokqyvj_d@hotmail.com | Using existing session[0m
2025-02-15 17:43:30.108 | SUCCESS  | core.bot:perform_farming_actions:560 - [32mAccount: Il3u.l3u2komjnk2028y1j@hotmail.com | Sent keepalive request[0m
2025-02-15 17:43:35.468 | SUCCESS  | core.bot:perform_farming_actions:560 - [32mAccount: zh2e.h2egokqyvj_d@hotmail.com | Sent keepalive request[0m
2025-02-15 17:43:37.544 | INFO     | core.bot:perform_farming_actions:565 - [32mAccount: lh55z.h55zkr3qafo@hotmail.com | Total points earned: 17080[0m
2025-02-15 17:43:37.548 | INFO     | database.models.accounts:set_sleep_until:70 - Account: lh55z.h55zkr3qafo@hotmail.com | Set new sleep_until: 2025-02-15 10:46:37.546422+00:00
2025-02-15 17:43:40.454 | INFO     | core.bot:perform_farming_actions:565 - [32mAccount: Il3u.l3u2komjnk2028y1j@hotmail.com | Total points earned: 17080[0m
2025-02-15 17:43:40.458 | INFO     | database.models.accounts:set_sleep_until:70 - Account: Il3u.l3u2komjnk2028y1j@hotmail.com | Set new sleep_until: 2025-02-15 10:46:40.456423+00:00
2025-02-15 17:43:51.059 | INFO     | core.bot:perform_farming_actions:565 - [32mAccount: zh2e.h2egokqyvj_d@hotmail.com | Total points earned: 17080[0m
2025-02-15 17:43:51.063 | INFO     | database.models.accounts:set_sleep_until:70 - Account: zh2e.h2egokqyvj_d@hotmail.com | Set new sleep_until: 2025-02-15 10:46:51.061848+00:00
2025-02-15 17:43:54.101 | INFO     | core.bot:handle_existing_account:525 - [32mAccount: u_q79._q796fhzpup@hotmail.com | Using existing session[0m
2025-02-15 17:43:55.858 | SUCCESS  | core.bot:perform_farming_actions:560 - [32mAccount: u_q79._q796fhzpup@hotmail.com | Sent keepalive request[0m
2025-02-15 17:44:04.183 | INFO     | core.bot:handle_existing_account:525 - [32mAccount: da620nu9ogmrvgz3@hotmail.com | Using existing session[0m
2025-02-15 17:44:04.683 | SUCCESS  | core.bot:perform_farming_actions:560 - [32mAccount: da620nu9ogmrvgz3@hotmail.com | Sent keepalive request[0m
2025-02-15 17:44:09.760 | INFO     | core.bot:handle_existing_account:525 - [32mAccount: Dlw7.lw7gk3ybd32s@hotmail.com | Using existing session[0m
2025-02-15 17:44:10.324 | SUCCESS  | core.bot:perform_farming_actions:560 - [32mAccount: Dlw7.lw7gk3ybd32s@hotmail.com | Sent keepalive request[0m
2025-02-15 17:44:16.661 | INFO     | core.bot:perform_farming_actions:565 - [32mAccount: u_q79._q796fhzpup@hotmail.com | Total points earned: 17163[0m
2025-02-15 17:44:16.665 | INFO     | database.models.accounts:set_sleep_until:70 - Account: u_q79._q796fhzpup@hotmail.com | Set new sleep_until: 2025-02-15 10:47:16.662976+00:00
2025-02-15 17:44:21.436 | INFO     | core.bot:perform_farming_actions:565 - [32mAccount: da620nu9ogmrvgz3@hotmail.com | Total points earned: 17163[0m
2025-02-15 17:44:21.439 | INFO     | database.models.accounts:set_sleep_until:70 - Account: da620nu9ogmrvgz3@hotmail.com | Set new sleep_until: 2025-02-15 10:47:21.437892+00:00
2025-02-15 17:44:25.069 | INFO     | core.bot:perform_farming_actions:565 - [32mAccount: Dlw7.lw7gk3ybd32s@hotmail.com | Total points earned: 17163[0m
2025-02-15 17:44:25.073 | INFO     | database.models.accounts:set_sleep_until:70 - Account: Dlw7.lw7gk3ybd32s@hotmail.com | Set new sleep_until: 2025-02-15 10:47:25.071651+00:00
2025-02-15 17:44:27.584 | INFO     | core.bot:handle_existing_account:525 - [32mAccount: gxcpxcpoacura3sz@hotmail.com | Using existing session[0m
2025-02-15 17:44:28.146 | SUCCESS  | core.bot:perform_farming_actions:560 - [32mAccount: gxcpxcpoacura3sz@hotmail.com | Sent keepalive request[0m
2025-02-15 17:44:38.741 | INFO     | core.bot:handle_existing_account:525 - [32mAccount: cutk.utk921mbuqu8slspb@hotmail.com | Using existing session[0m
2025-02-15 17:44:42.744 | INFO     | core.bot:perform_farming_actions:565 - [32mAccount: gxcpxcpoacura3sz@hotmail.com | Total points earned: 22809[0m
2025-02-15 17:44:42.748 | INFO     | database.models.accounts:set_sleep_until:70 - Account: gxcpxcpoacura3sz@hotmail.com | Set new sleep_until: 2025-02-15 10:47:42.746429+00:00
2025-02-15 17:44:44.593 | SUCCESS  | core.bot:perform_farming_actions:560 - [32mAccount: cutk.utk921mbuqu8slspb@hotmail.com | Sent keepalive request[0m
2025-02-15 17:44:54.574 | INFO     | core.bot:perform_farming_actions:565 - [32mAccount: cutk.utk921mbuqu8slspb@hotmail.com | Total points earned: 23225[0m
2025-02-15 17:44:54.577 | INFO     | database.models.accounts:set_sleep_until:70 - Account: cutk.utk921mbuqu8slspb@hotmail.com | Set new sleep_until: 2025-02-15 10:47:54.576090+00:00
2025-02-15 17:45:05.759 | INFO     | core.bot:handle_existing_account:525 - [32mAccount: F4n48i.4n48i7yqo55@hotmail.com | Using existing session[0m
2025-02-15 17:45:06.091 | SUCCESS  | core.bot:perform_farming_actions:560 - [32mAccount: F4n48i.4n48i7yqo55@hotmail.com | Sent keepalive request[0m
2025-02-15 17:45:07.006 | INFO     | core.bot:handle_existing_account:525 - [32mAccount: cw65s.w65s1s4dib9@hotmail.com | Using existing session[0m
2025-02-15 17:45:07.467 | SUCCESS  | core.bot:perform_farming_actions:560 - [32mAccount: cw65s.w65s1s4dib9@hotmail.com | Sent keepalive request[0m
2025-02-15 17:45:16.549 | INFO     | core.bot:perform_farming_actions:565 - [32mAccount: cw65s.w65s1s4dib9@hotmail.com | Total points earned: 17365[0m
2025-02-15 17:45:16.552 | INFO     | database.models.accounts:set_sleep_until:70 - Account: cw65s.w65s1s4dib9@hotmail.com | Set new sleep_until: 2025-02-15 10:48:16.550894+00:00
2025-02-15 17:45:27.032 | INFO     | core.bot:handle_existing_account:525 - [32mAccount: c6wsm0.6wsm0zkzgc@hotmail.com | Using existing session[0m
2025-02-15 17:45:28.632 | SUCCESS  | core.bot:perform_farming_actions:560 - [32mAccount: c6wsm0.6wsm0zkzgc@hotmail.com | Sent keepalive request[0m
2025-02-15 17:45:33.872 | INFO     | core.bot:perform_farming_actions:565 - [32mAccount: F4n48i.4n48i7yqo55@hotmail.com | Total points earned: 17365[0m
2025-02-15 17:45:33.876 | INFO     | database.models.accounts:set_sleep_until:70 - Account: F4n48i.4n48i7yqo55@hotmail.com | Set new sleep_until: 2025-02-15 10:48:33.874296+00:00
2025-02-15 17:45:35.439 | INFO     | core.bot:perform_farming_actions:565 - [32mAccount: c6wsm0.6wsm0zkzgc@hotmail.com | Total points earned: 17716[0m
2025-02-15 17:45:35.443 | INFO     | database.models.accounts:set_sleep_until:70 - Account: c6wsm0.6wsm0zkzgc@hotmail.com | Set new sleep_until: 2025-02-15 10:48:35.441718+00:00
2025-02-15 17:45:51.319 | INFO     | core.bot:handle_existing_account:525 - [32mAccount: Fkxc.kxc3xthcukd83v@hotmail.com | Using existing session[0m
2025-02-15 17:45:52.907 | SUCCESS  | core.bot:perform_farming_actions:560 - [32mAccount: Fkxc.kxc3xthcukd83v@hotmail.com | Sent keepalive request[0m
2025-02-15 17:45:53.588 | INFO     | core.bot:handle_existing_account:525 - [32mAccount: Hqwm2gqwm2g7tw543nf3@hotmail.com | Using existing session[0m
2025-02-15 17:46:00.863 | SUCCESS  | core.bot:perform_farming_actions:560 - [32mAccount: Hqwm2gqwm2g7tw543nf3@hotmail.com | Sent keepalive request[0m
2025-02-15 17:46:02.952 | INFO     | core.bot:perform_farming_actions:565 - [32mAccount: Fkxc.kxc3xthcukd83v@hotmail.com | Total points earned: 21239[0m
2025-02-15 17:46:02.955 | INFO     | database.models.accounts:set_sleep_until:70 - Account: Fkxc.kxc3xthcukd83v@hotmail.com | Set new sleep_until: 2025-02-15 10:49:02.954058+00:00
2025-02-15 17:46:05.865 | INFO     | core.bot:handle_existing_account:525 - [32mAccount: l1rb6f.1rb6fmk226ao7eta@hotmail.com | Using existing session[0m
2025-02-15 17:46:06.337 | SUCCESS  | core.bot:perform_farming_actions:560 - [32mAccount: l1rb6f.1rb6fmk226ao7eta@hotmail.com | Sent keepalive request[0m
2025-02-15 17:46:13.887 | INFO     | core.bot:perform_farming_actions:565 - [32mAccount: Hqwm2gqwm2g7tw543nf3@hotmail.com | Total points earned: 21239[0m
2025-02-15 17:46:13.891 | INFO     | database.models.accounts:set_sleep_until:70 - Account: Hqwm2gqwm2g7tw543nf3@hotmail.com | Set new sleep_until: 2025-02-15 10:49:13.889437+00:00
2025-02-15 17:46:14.365 | INFO     | core.bot:perform_farming_actions:565 - [32mAccount: l1rb6f.1rb6fmk226ao7eta@hotmail.com | Total points earned: 17835[0m
2025-02-15 17:46:14.369 | INFO     | database.models.accounts:set_sleep_until:70 - Account: l1rb6f.1rb6fmk226ao7eta@hotmail.com | Set new sleep_until: 2025-02-15 10:49:14.367452+00:00
2025-02-15 17:46:24.322 | INFO     | core.bot:handle_existing_account:525 - [32mAccount: Pfcqc.fcqcotxdh1n4h@hotmail.com | Using existing session[0m
2025-02-15 17:46:34.647 | SUCCESS  | core.bot:perform_farming_actions:560 - [32mAccount: Pfcqc.fcqcotxdh1n4h@hotmail.com | Sent keepalive request[0m
2025-02-15 17:46:34.699 | INFO     | core.bot:handle_existing_account:525 - [32mAccount: c0w886.0w8864fk8d@hotmail.com | Using existing session[0m
2025-02-15 17:46:36.879 | SUCCESS  | core.bot:perform_farming_actions:560 - [32mAccount: c0w886.0w8864fk8d@hotmail.com | Sent keepalive request[0m
2025-02-15 17:46:37.357 | INFO     | core.bot:handle_existing_account:525 - [32mAccount: Chhp.hhp07vor7y27ibz@hotmail.com | Using existing session[0m
2025-02-15 17:46:37.979 | SUCCESS  | core.bot:perform_farming_actions:560 - [32mAccount: Chhp.hhp07vor7y27ibz@hotmail.com | Sent keepalive request[0m
2025-02-15 17:46:43.297 | INFO     | core.bot:perform_farming_actions:565 - [32mAccount: c0w886.0w8864fk8d@hotmail.com | Total points earned: 17517[0m
2025-02-15 17:46:43.301 | INFO     | database.models.accounts:set_sleep_until:70 - Account: c0w886.0w8864fk8d@hotmail.com | Set new sleep_until: 2025-02-15 10:49:43.299414+00:00
2025-02-15 17:46:45.751 | INFO     | core.bot:perform_farming_actions:565 - [32mAccount: Pfcqc.fcqcotxdh1n4h@hotmail.com | Total points earned: 17517[0m
2025-02-15 17:46:45.754 | INFO     | database.models.accounts:set_sleep_until:70 - Account: Pfcqc.fcqcotxdh1n4h@hotmail.com | Set new sleep_until: 2025-02-15 10:49:45.752830+00:00
2025-02-15 17:46:52.399 | INFO     | core.bot:perform_farming_actions:565 - [32mAccount: Chhp.hhp07vor7y27ibz@hotmail.com | Total points earned: 17517[0m
2025-02-15 17:46:52.403 | INFO     | database.models.accounts:set_sleep_until:70 - Account: Chhp.hhp07vor7y27ibz@hotmail.com | Set new sleep_until: 2025-02-15 10:49:52.401504+00:00
2025-02-15 17:46:56.480 | INFO     | core.bot:handle_existing_account:525 - [32mAccount: wlt3ky.lt3kydc4db@hotmail.com | Using existing session[0m
2025-02-15 17:46:57.861 | SUCCESS  | core.bot:perform_farming_actions:560 - [32mAccount: wlt3ky.lt3kydc4db@hotmail.com | Sent keepalive request[0m
2025-02-15 17:47:05.413 | INFO     | core.bot:perform_farming_actions:565 - [32mAccount: wlt3ky.lt3kydc4db@hotmail.com | Total points earned: 23256[0m
2025-02-15 17:47:05.417 | INFO     | database.models.accounts:set_sleep_until:70 - Account: wlt3ky.lt3kydc4db@hotmail.com | Set new sleep_until: 2025-02-15 10:50:05.415707+00:00
2025-02-15 17:47:11.344 | INFO     | core.bot:handle_existing_account:525 - [32mAccount: ul_f.l_fzij3kua08@hotmail.com | Using existing session[0m
2025-02-15 17:47:11.899 | SUCCESS  | core.bot:perform_farming_actions:560 - [32mAccount: ul_f.l_fzij3kua08@hotmail.com | Sent keepalive request[0m
2025-02-15 17:47:21.401 | INFO     | core.bot:handle_existing_account:525 - [32mAccount: lgpz.gpzguilnj_6a@hotmail.com | Using existing session[0m
2025-02-15 17:47:23.171 | INFO     | core.bot:handle_existing_account:525 - [32mAccount: Nk0ojk0ojanqs7ne@hotmail.com | Using existing session[0m
2025-02-15 17:47:25.516 | INFO     | core.bot:perform_farming_actions:565 - [32mAccount: ul_f.l_fzij3kua08@hotmail.com | Total points earned: 23519[0m
2025-02-15 17:47:25.520 | INFO     | database.models.accounts:set_sleep_until:70 - Account: ul_f.l_fzij3kua08@hotmail.com | Set new sleep_until: 2025-02-15 10:50:25.518339+00:00
2025-02-15 17:47:25.993 | SUCCESS  | core.bot:perform_farming_actions:560 - [32mAccount: Nk0ojk0ojanqs7ne@hotmail.com | Sent keepalive request[0m
2025-02-15 17:47:28.559 | SUCCESS  | core.bot:perform_farming_actions:560 - [32mAccount: lgpz.gpzguilnj_6a@hotmail.com | Sent keepalive request[0m
2025-02-15 17:47:37.083 | INFO     | core.bot:perform_farming_actions:565 - [32mAccount: lgpz.gpzguilnj_6a@hotmail.com | Total points earned: 17949[0m
2025-02-15 17:47:37.087 | INFO     | database.models.accounts:set_sleep_until:70 - Account: lgpz.gpzguilnj_6a@hotmail.com | Set new sleep_until: 2025-02-15 10:50:37.085595+00:00
2025-02-15 17:47:37.693 | INFO     | core.bot:perform_farming_actions:565 - [32mAccount: Nk0ojk0ojanqs7ne@hotmail.com | Total points earned: 17949[0m
2025-02-15 17:47:37.697 | INFO     | database.models.accounts:set_sleep_until:70 - Account: Nk0ojk0ojanqs7ne@hotmail.com | Set new sleep_until: 2025-02-15 10:50:37.695285+00:00
2025-02-15 17:47:42.697 | INFO     | core.bot:handle_existing_account:525 - [32mAccount: P74f.74furpukh9kx@hotmail.com | Using existing session[0m
2025-02-15 17:47:44.503 | SUCCESS  | core.bot:perform_farming_actions:560 - [32mAccount: P74f.74furpukh9kx@hotmail.com | Sent keepalive request[0m
2025-02-15 17:47:52.139 | INFO     | core.bot:perform_farming_actions:565 - [32mAccount: P74f.74furpukh9kx@hotmail.com | Total points earned: 21252[0m
2025-02-15 17:47:52.142 | INFO     | database.models.accounts:set_sleep_until:70 - Account: P74f.74furpukh9kx@hotmail.com | Set new sleep_until: 2025-02-15 10:50:52.141035+00:00
2025-02-15 17:48:02.306 | INFO     | core.bot:handle_existing_account:525 - [32mAccount: v4o8r_4o8r_eulol@hotmail.com | Using existing session[0m
2025-02-15 17:48:04.550 | SUCCESS  | core.bot:perform_farming_actions:560 - [32mAccount: v4o8r_4o8r_eulol@hotmail.com | Sent keepalive request[0m
2025-02-15 17:48:08.005 | INFO     | core.bot:handle_existing_account:525 - [32mAccount: F0sm0.0sm0elgj6jfip762@hotmail.com | Using existing session[0m
2025-02-15 17:48:09.009 | INFO     | core.bot:handle_existing_account:525 - [32mAccount: gjdw.jdwu_1icxkaq7d0@hotmail.com | Using existing session[0m
2025-02-15 17:48:09.566 | SUCCESS  | core.bot:perform_farming_actions:560 - [32mAccount: gjdw.jdwu_1icxkaq7d0@hotmail.com | Sent keepalive request[0m
2025-02-15 17:48:20.332 | INFO     | core.bot:perform_farming_actions:565 - [32mAccount: gjdw.jdwu_1icxkaq7d0@hotmail.com | Total points earned: 23348[0m
2025-02-15 17:48:20.336 | INFO     | database.models.accounts:set_sleep_until:70 - Account: gjdw.jdwu_1icxkaq7d0@hotmail.com | Set new sleep_until: 2025-02-15 10:51:20.334496+00:00
2025-02-15 17:48:23.242 | SUCCESS  | core.bot:perform_farming_actions:560 - [32mAccount: F0sm0.0sm0elgj6jfip762@hotmail.com | Sent keepalive request[0m
2025-02-15 17:48:28.373 | INFO     | core.bot:perform_farming_actions:565 - [32mAccount: v4o8r_4o8r_eulol@hotmail.com | Total points earned: 23348[0m
2025-02-15 17:48:28.376 | INFO     | database.models.accounts:set_sleep_until:70 - Account: v4o8r_4o8r_eulol@hotmail.com | Set new sleep_until: 2025-02-15 10:51:28.375086+00:00
2025-02-15 17:48:29.564 | INFO     | core.bot:handle_existing_account:525 - [32mAccount: viettrai531@gmail.com | Using existing session[0m
2025-02-15 17:48:30.139 | SUCCESS  | core.bot:perform_farming_actions:560 - [32mAccount: viettrai531@gmail.com | Sent keepalive request[0m
2025-02-15 17:48:32.817 | INFO     | core.bot:perform_farming_actions:565 - [32mAccount: F0sm0.0sm0elgj6jfip762@hotmail.com | Total points earned: 29896[0m
2025-02-15 17:48:32.821 | INFO     | database.models.accounts:set_sleep_until:70 - Account: F0sm0.0sm0elgj6jfip762@hotmail.com | Set new sleep_until: 2025-02-15 10:51:32.819274+00:00
2025-02-15 17:48:40.100 | INFO     | core.bot:handle_existing_account:525 - [32mAccount: Lrfyr.rfyrwsw13nb@hotmail.com | Using existing session[0m
2025-02-15 17:48:41.778 | SUCCESS  | core.bot:perform_farming_actions:560 - [32mAccount: Lrfyr.rfyrwsw13nb@hotmail.com | Sent keepalive request[0m
2025-02-15 17:48:45.067 | INFO     | core.bot:perform_farming_actions:565 - [32mAccount: viettrai531@gmail.com | Total points earned: 21711[0m
2025-02-15 17:48:45.071 | INFO     | database.models.accounts:set_sleep_until:70 - Account: viettrai531@gmail.com | Set new sleep_until: 2025-02-15 10:51:45.069663+00:00
2025-02-15 17:48:50.698 | INFO     | core.bot:perform_farming_actions:565 - [32mAccount: Lrfyr.rfyrwsw13nb@hotmail.com | Total points earned: 16830[0m
2025-02-15 17:48:50.702 | INFO     | database.models.accounts:set_sleep_until:70 - Account: Lrfyr.rfyrwsw13nb@hotmail.com | Set new sleep_until: 2025-02-15 10:51:50.700708+00:00
2025-02-15 17:49:01.659 | INFO     | core.bot:handle_existing_account:525 - [32mAccount: zym4s7.ym4s76ur_hf168g0@hotmail.com | Using existing session[0m
2025-02-15 17:49:12.771 | SUCCESS  | core.bot:perform_farming_actions:560 - [32mAccount: zym4s7.ym4s76ur_hf168g0@hotmail.com | Sent keepalive request[0m
2025-02-15 17:49:17.169 | INFO     | core.bot:handle_existing_account:525 - [32mAccount: sxiuxiu_x2shr683@hotmail.com | Using existing session[0m
2025-02-15 17:49:23.511 | INFO     | core.bot:perform_farming_actions:565 - [32mAccount: zym4s7.ym4s76ur_hf168g0@hotmail.com | Total points earned: 17609[0m
2025-02-15 17:49:23.514 | INFO     | database.models.accounts:set_sleep_until:70 - Account: zym4s7.ym4s76ur_hf168g0@hotmail.com | Set new sleep_until: 2025-02-15 10:52:23.513108+00:00
2025-02-15 17:49:29.007 | SUCCESS  | core.bot:perform_farming_actions:560 - [32mAccount: sxiuxiu_x2shr683@hotmail.com | Sent keepalive request[0m
2025-02-15 17:49:34.998 | INFO     | core.bot:handle_existing_account:525 - [32mAccount: q0_6k.0_6km5o1v3w@hotmail.com | Using existing session[0m
2025-02-15 17:49:36.895 | INFO     | core.bot:handle_existing_account:525 - [32mAccount: Lxc1u.xc1ursrj5mo_e9@hotmail.com | Using existing session[0m
2025-02-15 17:49:37.156 | INFO     | core.bot:perform_farming_actions:565 - [32mAccount: sxiuxiu_x2shr683@hotmail.com | Total points earned: 17831[0m
2025-02-15 17:49:37.160 | INFO     | database.models.accounts:set_sleep_until:70 - Account: sxiuxiu_x2shr683@hotmail.com | Set new sleep_until: 2025-02-15 10:52:37.158774+00:00
2025-02-15 17:49:37.349 | SUCCESS  | core.bot:perform_farming_actions:560 - [32mAccount: Lxc1u.xc1ursrj5mo_e9@hotmail.com | Sent keepalive request[0m
2025-02-15 17:49:42.325 | SUCCESS  | core.bot:perform_farming_actions:560 - [32mAccount: q0_6k.0_6km5o1v3w@hotmail.com | Sent keepalive request[0m
2025-02-15 17:49:51.660 | INFO     | core.bot:perform_farming_actions:565 - [32mAccount: Lxc1u.xc1ursrj5mo_e9@hotmail.com | Total points earned: 22231[0m
2025-02-15 17:49:51.664 | INFO     | database.models.accounts:set_sleep_until:70 - Account: Lxc1u.xc1ursrj5mo_e9@hotmail.com | Set new sleep_until: 2025-02-15 10:52:51.662628+00:00
2025-02-15 17:49:52.651 | INFO     | core.bot:perform_farming_actions:565 - [32mAccount: q0_6k.0_6km5o1v3w@hotmail.com | Total points earned: 22231[0m
2025-02-15 17:49:52.654 | INFO     | database.models.accounts:set_sleep_until:70 - Account: q0_6k.0_6km5o1v3w@hotmail.com | Set new sleep_until: 2025-02-15 10:52:52.653135+00:00
2025-02-15 17:50:08.303 | INFO     | core.bot:handle_existing_account:525 - [32mAccount: k7c7.7c7cd_4zrhge@hotmail.com | Using existing session[0m
2025-02-15 17:50:08.768 | SUCCESS  | core.bot:perform_farming_actions:560 - [32mAccount: k7c7.7c7cd_4zrhge@hotmail.com | Sent keepalive request[0m
2025-02-15 17:50:14.425 | INFO     | core.bot:handle_existing_account:525 - [32mAccount: pf8krqf8krqh3n9v@hotmail.com | Using existing session[0m
2025-02-15 17:50:15.135 | SUCCESS  | core.bot:perform_farming_actions:560 - [32mAccount: pf8krqf8krqh3n9v@hotmail.com | Sent keepalive request[0m
2025-02-15 17:50:17.249 | INFO     | core.bot:perform_farming_actions:565 - [32mAccount: k7c7.7c7cd_4zrhge@hotmail.com | Total points earned: 17806[0m
2025-02-15 17:50:17.253 | INFO     | database.models.accounts:set_sleep_until:70 - Account: k7c7.7c7cd_4zrhge@hotmail.com | Set new sleep_until: 2025-02-15 10:53:17.251570+00:00
2025-02-15 17:50:27.043 | INFO     | core.bot:perform_farming_actions:565 - [32mAccount: pf8krqf8krqh3n9v@hotmail.com | Total points earned: 17806[0m
2025-02-15 17:50:27.047 | INFO     | database.models.accounts:set_sleep_until:70 - Account: pf8krqf8krqh3n9v@hotmail.com | Set new sleep_until: 2025-02-15 10:53:27.045909+00:00
2025-02-15 17:50:28.205 | INFO     | core.bot:handle_existing_account:525 - [32mAccount: k235j235jnnfpa626_2@hotmail.com | Using existing session[0m
2025-02-15 17:50:32.491 | SUCCESS  | core.bot:perform_farming_actions:560 - [32mAccount: k235j235jnnfpa626_2@hotmail.com | Sent keepalive request[0m
2025-02-15 17:50:39.492 | INFO     | core.bot:handle_existing_account:525 - [32mAccount: Cqf0xd.qf0xd7stx6@hotmail.com | Using existing session[0m
2025-02-15 17:50:40.360 | INFO     | core.bot:perform_farming_actions:565 - [32mAccount: k235j235jnnfpa626_2@hotmail.com | Total points earned: 22086[0m
2025-02-15 17:50:40.364 | INFO     | database.models.accounts:set_sleep_until:70 - Account: k235j235jnnfpa626_2@hotmail.com | Set new sleep_until: 2025-02-15 10:53:40.362214+00:00
2025-02-15 17:50:44.997 | SUCCESS  | core.bot:perform_farming_actions:560 - [32mAccount: Cqf0xd.qf0xd7stx6@hotmail.com | Sent keepalive request[0m
2025-02-15 17:50:49.763 | INFO     | core.bot:handle_existing_account:525 - [32mAccount: Eyr_hyr_htoskmhur2j5@hotmail.com | Using existing session[0m
2025-02-15 17:50:51.566 | SUCCESS  | core.bot:perform_farming_actions:560 - [32mAccount: Eyr_hyr_htoskmhur2j5@hotmail.com | Sent keepalive request[0m
2025-02-15 17:50:52.151 | INFO     | core.bot:perform_farming_actions:565 - [32mAccount: Cqf0xd.qf0xd7stx6@hotmail.com | Total points earned: 24558[0m
2025-02-15 17:50:52.154 | INFO     | database.models.accounts:set_sleep_until:70 - Account: Cqf0xd.qf0xd7stx6@hotmail.com | Set new sleep_until: 2025-02-15 10:53:52.153103+00:00
2025-02-15 17:50:55.788 | INFO     | core.bot:handle_existing_account:525 - [32mAccount: ea48ua48ucbzlu5u@hotmail.com | Using existing session[0m
2025-02-15 17:51:01.477 | SUCCESS  | core.bot:perform_farming_actions:560 - [32mAccount: ea48ua48ucbzlu5u@hotmail.com | Sent keepalive request[0m
2025-02-15 17:51:02.083 | INFO     | core.bot:perform_farming_actions:565 - [32mAccount: Eyr_hyr_htoskmhur2j5@hotmail.com | Total points earned: 24558[0m
2025-02-15 17:51:02.087 | INFO     | database.models.accounts:set_sleep_until:70 - Account: Eyr_hyr_htoskmhur2j5@hotmail.com | Set new sleep_until: 2025-02-15 10:54:02.085462+00:00
2025-02-15 17:51:19.220 | INFO     | core.bot:handle_existing_account:525 - [32mAccount: x6hi7.6hi7jmtehu74@hotmail.com | Using existing session[0m
2025-02-15 17:51:22.104 | SUCCESS  | core.bot:perform_farming_actions:560 - [32mAccount: x6hi7.6hi7jmtehu74@hotmail.com | Sent keepalive request[0m
2025-02-15 17:51:23.033 | INFO     | core.bot:handle_existing_account:525 - [32mAccount: u_rmbx._rmbx1huwp6qhb@hotmail.com | Using existing session[0m
2025-02-15 17:51:25.601 | SUCCESS  | core.bot:perform_farming_actions:560 - [32mAccount: u_rmbx._rmbx1huwp6qhb@hotmail.com | Sent keepalive request[0m
2025-02-15 17:51:29.490 | INFO     | core.bot:perform_farming_actions:565 - [32mAccount: ea48ua48ucbzlu5u@hotmail.com | Total points earned: 17292[0m
2025-02-15 17:51:29.494 | INFO     | database.models.accounts:set_sleep_until:70 - Account: ea48ua48ucbzlu5u@hotmail.com | Set new sleep_until: 2025-02-15 10:54:29.492056+00:00
2025-02-15 17:51:38.380 | INFO     | core.bot:perform_farming_actions:565 - [32mAccount: x6hi7.6hi7jmtehu74@hotmail.com | Total points earned: 23759[0m
2025-02-15 17:51:38.383 | INFO     | database.models.accounts:set_sleep_until:70 - Account: x6hi7.6hi7jmtehu74@hotmail.com | Set new sleep_until: 2025-02-15 10:54:38.381803+00:00
2025-02-15 17:51:39.441 | INFO     | core.bot:perform_farming_actions:565 - [32mAccount: u_rmbx._rmbx1huwp6qhb@hotmail.com | Total points earned: 23759[0m
2025-02-15 17:51:39.445 | INFO     | database.models.accounts:set_sleep_until:70 - Account: u_rmbx._rmbx1huwp6qhb@hotmail.com | Set new sleep_until: 2025-02-15 10:54:39.443529+00:00
2025-02-15 17:51:55.528 | INFO     | core.bot:handle_existing_account:525 - [32mAccount: bbjpikbjpik1cfe4@hotmail.com | Using existing session[0m
2025-02-15 17:52:01.804 | SUCCESS  | core.bot:perform_farming_actions:560 - [32mAccount: bbjpikbjpik1cfe4@hotmail.com | Sent keepalive request[0m
2025-02-15 17:52:13.778 | INFO     | core.bot:perform_farming_actions:565 - [32mAccount: bbjpikbjpik1cfe4@hotmail.com | Total points earned: 23461[0m
2025-02-15 17:52:13.782 | INFO     | database.models.accounts:set_sleep_until:70 - Account: bbjpikbjpik1cfe4@hotmail.com | Set new sleep_until: 2025-02-15 10:55:13.780267+00:00
2025-02-15 17:52:17.869 | INFO     | core.bot:handle_existing_account:525 - [32mAccount: qci7geci7ge8_mbz@hotmail.com | Using existing session[0m
2025-02-15 17:52:18.476 | INFO     | core.bot:handle_existing_account:525 - [32mAccount: Cfkku.fkkues2n_4_i94c48@hotmail.com | Using existing session[0m
2025-02-15 17:52:18.848 | SUCCESS  | core.bot:perform_farming_actions:560 - [32mAccount: Cfkku.fkkues2n_4_i94c48@hotmail.com | Sent keepalive request[0m
2025-02-15 17:52:27.210 | SUCCESS  | core.bot:perform_farming_actions:560 - [32mAccount: qci7geci7ge8_mbz@hotmail.com | Sent keepalive request[0m
2025-02-15 17:52:32.463 | INFO     | core.bot:perform_farming_actions:565 - [32mAccount: Cfkku.fkkues2n_4_i94c48@hotmail.com | Total points earned: 17478[0m
2025-02-15 17:52:32.466 | INFO     | database.models.accounts:set_sleep_until:70 - Account: Cfkku.fkkues2n_4_i94c48@hotmail.com | Set new sleep_until: 2025-02-15 10:55:32.464897+00:00
2025-02-15 17:52:44.246 | INFO     | core.bot:perform_farming_actions:565 - [32mAccount: qci7geci7ge8_mbz@hotmail.com | Total points earned: 17478[0m
2025-02-15 17:52:44.250 | INFO     | database.models.accounts:set_sleep_until:70 - Account: qci7geci7ge8_mbz@hotmail.com | Set new sleep_until: 2025-02-15 10:55:44.248496+00:00
2025-02-15 17:52:59.092 | INFO     | core.bot:handle_existing_account:525 - [32mAccount: m9yh9yhdz3vgpbrl@hotmail.com | Using existing session[0m
2025-02-15 17:52:59.666 | SUCCESS  | core.bot:perform_farming_actions:560 - [32mAccount: m9yh9yhdz3vgpbrl@hotmail.com | Sent keepalive request[0m
2025-02-15 17:53:01.319 | INFO     | core.bot:handle_existing_account:525 - [32mAccount: ruxd12.uxd12uyxh_@hotmail.com | Using existing session[0m
2025-02-15 17:53:04.933 | INFO     | core.bot:handle_existing_account:525 - [32mAccount: F_fe._fef_f69j2_y@hotmail.com | Using existing session[0m
2025-02-15 17:53:05.666 | SUCCESS  | core.bot:perform_farming_actions:560 - [32mAccount: F_fe._fef_f69j2_y@hotmail.com | Sent keepalive request[0m
2025-02-15 17:53:11.935 | SUCCESS  | core.bot:perform_farming_actions:560 - [32mAccount: ruxd12.uxd12uyxh_@hotmail.com | Sent keepalive request[0m
2025-02-15 17:53:12.498 | INFO     | core.bot:perform_farming_actions:565 - [32mAccount: m9yh9yhdz3vgpbrl@hotmail.com | Total points earned: 21349[0m
2025-02-15 17:53:12.502 | INFO     | database.models.accounts:set_sleep_until:70 - Account: m9yh9yhdz3vgpbrl@hotmail.com | Set new sleep_until: 2025-02-15 10:56:12.500120+00:00
2025-02-15 17:53:25.785 | INFO     | core.bot:perform_farming_actions:565 - [32mAccount: F_fe._fef_f69j2_y@hotmail.com | Total points earned: 21349[0m
2025-02-15 17:53:25.789 | INFO     | database.models.accounts:set_sleep_until:70 - Account: F_fe._fef_f69j2_y@hotmail.com | Set new sleep_until: 2025-02-15 10:56:25.787301+00:00
2025-02-15 17:53:28.400 | INFO     | core.bot:perform_farming_actions:565 - [32mAccount: ruxd12.uxd12uyxh_@hotmail.com | Total points earned: 21349[0m
2025-02-15 17:53:28.404 | INFO     | database.models.accounts:set_sleep_until:70 - Account: ruxd12.uxd12uyxh_@hotmail.com | Set new sleep_until: 2025-02-15 10:56:28.402422+00:00
2025-02-15 17:53:39.892 | INFO     | core.bot:handle_existing_account:525 - [32mAccount: Nuhnuhnilv7ibmjh@hotmail.com | Using existing session[0m
2025-02-15 17:53:42.807 | INFO     | core.bot:handle_existing_account:525 - [32mAccount: H8oncw8oncwjp6fm_go9@hotmail.com | Using existing session[0m
2025-02-15 17:53:44.916 | INFO     | core.bot:handle_existing_account:525 - [32mAccount: co3bm.ihtto4km7dx@hotmail.com | Using existing session[0m
2025-02-15 17:53:47.311 | SUCCESS  | core.bot:perform_farming_actions:560 - [32mAccount: Nuhnuhnilv7ibmjh@hotmail.com | Sent keepalive request[0m
2025-02-15 17:53:49.486 | SUCCESS  | core.bot:perform_farming_actions:560 - [32mAccount: H8oncw8oncwjp6fm_go9@hotmail.com | Sent keepalive request[0m
2025-02-15 17:53:50.703 | SUCCESS  | core.bot:perform_farming_actions:560 - [32mAccount: co3bm.ihtto4km7dx@hotmail.com | Sent keepalive request[0m
2025-02-15 17:54:01.438 | INFO     | core.bot:perform_farming_actions:565 - [32mAccount: H8oncw8oncwjp6fm_go9@hotmail.com | Total points earned: 23152[0m
2025-02-15 17:54:01.442 | INFO     | database.models.accounts:set_sleep_until:70 - Account: H8oncw8oncwjp6fm_go9@hotmail.com | Set new sleep_until: 2025-02-15 10:57:01.440709+00:00
2025-02-15 17:54:02.225 | INFO     | core.bot:perform_farming_actions:565 - [32mAccount: Nuhnuhnilv7ibmjh@hotmail.com | Total points earned: 23152[0m
2025-02-15 17:54:02.229 | INFO     | database.models.accounts:set_sleep_until:70 - Account: Nuhnuhnilv7ibmjh@hotmail.com | Set new sleep_until: 2025-02-15 10:57:02.227604+00:00
2025-02-15 17:54:03.594 | INFO     | core.bot:perform_farming_actions:565 - [32mAccount: co3bm.ihtto4km7dx@hotmail.com | Total points earned: 23152[0m
2025-02-15 17:54:03.598 | INFO     | database.models.accounts:set_sleep_until:70 - Account: co3bm.ihtto4km7dx@hotmail.com | Set new sleep_until: 2025-02-15 10:57:03.596541+00:00
